-- AUTO-GENERATED POPULATION SCRIPT
USE pokemon_league_db;

-- Disable checks for bulk loading
SET FOREIGN_KEY_CHECKS = 0;

-- LEVEL 0: Region, Type, Ability
INSERT INTO Region VALUES ('RKANTO001', 'Kanto', 'Saffron City');
INSERT INTO Region VALUES ('RJOHTO002', 'Johto', 'Goldenrod City');
INSERT INTO Region VALUES ('RHOENN003', 'Hoenn', 'Mauville City');
INSERT INTO Region VALUES ('RSINNOH004', 'Sinnoh', 'Jubilife City');
INSERT INTO Region VALUES ('RUNOVA005', 'Unova', 'Castelia City');
INSERT INTO Region VALUES ('RKALOS006', 'Kalos', 'Lumiose City');
INSERT INTO Region VALUES ('RALOLA007', 'Alola', 'Hau''oli City');
INSERT INTO Region VALUES ('RGALAR008', 'Galar', 'Wyndon');
INSERT INTO Type VALUES ('YNORMAL001', 'Normal');
INSERT INTO Type VALUES ('YFIRE002', 'Fire');
INSERT INTO Type VALUES ('YWATER003', 'Water');
INSERT INTO Type VALUES ('YGRASS004', 'Grass');
INSERT INTO Type VALUES ('YELECTRIC005', 'Electric');
INSERT INTO Type VALUES ('YICE006', 'Ice');
INSERT INTO Type VALUES ('YFIGHTING007', 'Fighting');
INSERT INTO Type VALUES ('YPOISON008', 'Poison');
INSERT INTO Type VALUES ('YGROUND009', 'Ground');
INSERT INTO Type VALUES ('YFLYING010', 'Flying');
INSERT INTO Type VALUES ('YPSYCHIC011', 'Psychic');
INSERT INTO Type VALUES ('YBUG012', 'Bug');
INSERT INTO Type VALUES ('YROCK013', 'Rock');
INSERT INTO Type VALUES ('YGHOST014', 'Ghost');
INSERT INTO Type VALUES ('YDRAGON015', 'Dragon');
INSERT INTO Type VALUES ('YSTEEL016', 'Steel');
INSERT INTO Type VALUES ('YFAIRY017', 'Fairy');
INSERT INTO Type VALUES ('YDARK018', 'Dark');
INSERT INTO Ability VALUES ('AOVERGROW001', 'Overgrow', 'Standard effect');
INSERT INTO Ability VALUES ('ABLAZE002', 'Blaze', 'Standard effect');
INSERT INTO Ability VALUES ('ATORRENT003', 'Torrent', 'Standard effect');
INSERT INTO Ability VALUES ('ASTATIC004', 'Static', 'Standard effect');
INSERT INTO Ability VALUES ('ALEVITATE005', 'Levitate', 'Standard effect');
INSERT INTO Ability VALUES ('AINTIMIDATE006', 'Intimidate', 'Standard effect');
INSERT INTO Ability VALUES ('APRESSURE007', 'Pressure', 'Standard effect');
INSERT INTO Ability VALUES ('AINNERFOCUS008', 'Inner Focus', 'Standard effect');
INSERT INTO Ability VALUES ('ASANDSTREAM009', 'Sand Stream', 'Standard effect');
INSERT INTO Ability VALUES ('ADROUGHT010', 'Drought', 'Standard effect');

-- LEVEL 1: Dependent on Level 0
INSERT INTO City VALUES ('CMELANIEBOROUGH001', 'Melanieborough', 'RUNOVA005');
INSERT INTO City VALUES ('CMELISSAMOUTH002', 'Melissamouth', 'RGALAR008');
INSERT INTO City VALUES ('CHOLMESHAVEN003', 'Holmeshaven', 'RKALOS006');
INSERT INTO City VALUES ('CNORTHBARBARAMOUT004', 'North Barbaramouth', 'RSINNOH004');
INSERT INTO City VALUES ('CJEREMIAHSTAD005', 'Jeremiahstad', 'RJOHTO002');
INSERT INTO City VALUES ('CEDWARDSMOUTH006', 'Edwardsmouth', 'RGALAR008');
INSERT INTO City VALUES ('CEASTHOLLYVIEW007', 'East Hollyview', 'RKANTO001');
INSERT INTO City VALUES ('CAUDREYFORT008', 'Audreyfort', 'RKALOS006');
INSERT INTO City VALUES ('CBARRYMOUTH009', 'Barrymouth', 'RKANTO001');
INSERT INTO City VALUES ('CPHILLIPMOUTH010', 'Phillipmouth', 'RJOHTO002');
INSERT INTO City VALUES ('CFRANKLINHAVEN011', 'Franklinhaven', 'RKANTO001');
INSERT INTO City VALUES ('CPORTJASON012', 'Port Jason', 'RSINNOH004');
INSERT INTO City VALUES ('CNORTHDANIELLE013', 'North Danielle', 'RUNOVA005');
INSERT INTO City VALUES ('CSHAWNFORT014', 'Shawnfort', 'RSINNOH004');
INSERT INTO City VALUES ('CPORTCHRISTOPHER015', 'Port Christopher', 'RKALOS006');
INSERT INTO City VALUES ('CMICHAELBURY016', 'Michaelbury', 'RALOLA007');
INSERT INTO City VALUES ('CSOUTHCAROLYN017', 'South Carolyn', 'RGALAR008');
INSERT INTO City VALUES ('CKENNEDYCHESTER018', 'Kennedychester', 'RKALOS006');
INSERT INTO City VALUES ('CLAKEERICBOROUGH019', 'Lake Ericborough', 'RUNOVA005');
INSERT INTO City VALUES ('CWESTRICHARD020', 'West Richard', 'RKANTO001');
INSERT INTO City VALUES ('CRUSSELLMOUTH021', 'Russellmouth', 'RKALOS006');
INSERT INTO City VALUES ('CPORTSTEVETOWN022', 'Port Stevetown', 'RKANTO001');
INSERT INTO City VALUES ('CTODDBOROUGH023', 'Toddborough', 'RALOLA007');
INSERT INTO City VALUES ('CJOSEPHLAND024', 'Josephland', 'RUNOVA005');
INSERT INTO City VALUES ('CWESTJOSHUA025', 'West Joshua', 'RKANTO001');
INSERT INTO City VALUES ('CWESTJEFFREYSTAD026', 'West Jeffreystad', 'RHOENN003');
INSERT INTO City VALUES ('CNORTHPHILIP027', 'North Philip', 'RUNOVA005');
INSERT INTO City VALUES ('CPORTJOHN028', 'Port John', 'RUNOVA005');
INSERT INTO City VALUES ('CMACKFURT029', 'Mackfurt', 'RJOHTO002');
INSERT INTO City VALUES ('CCOLEMANVILLE030', 'Colemanville', 'RALOLA007');
INSERT INTO City VALUES ('CEASTJEFFERY031', 'East Jeffery', 'RKANTO001');
INSERT INTO City VALUES ('CCHAPMANBURGH032', 'Chapmanburgh', 'RGALAR008');
INSERT INTO City VALUES ('CNORTHZACHARY033', 'North Zachary', 'RJOHTO002');
INSERT INTO City VALUES ('CLAKEALEXANDER034', 'Lake Alexander', 'RJOHTO002');
INSERT INTO City VALUES ('CTHOMPSONBOROUGH035', 'Thompsonborough', 'RKALOS006');
INSERT INTO City VALUES ('CPORTMICHAELFURT036', 'Port Michaelfurt', 'RHOENN003');
INSERT INTO City VALUES ('CJENNYSIDE037', 'Jennyside', 'RKANTO001');
INSERT INTO City VALUES ('CSOUTHSCOTTSHIRE038', 'South Scottshire', 'RUNOVA005');
INSERT INTO City VALUES ('CJESSICAFURT039', 'Jessicafurt', 'RJOHTO002');
INSERT INTO City VALUES ('CEDWARDMOUTH040', 'Edwardmouth', 'RUNOVA005');
INSERT INTO City VALUES ('CMAXVILLE041', 'Maxville', 'RKALOS006');
INSERT INTO City VALUES ('CWILLIAMSTAD042', 'Williamstad', 'RGALAR008');
INSERT INTO City VALUES ('CPORTVICTORIA043', 'Port Victoria', 'RKALOS006');
INSERT INTO City VALUES ('CGRIFFINLAND044', 'Griffinland', 'RALOLA007');
INSERT INTO City VALUES ('CMILLERLAND045', 'Millerland', 'RSINNOH004');
INSERT INTO City VALUES ('CEASTVINCENT046', 'East Vincent', 'RALOLA007');
INSERT INTO City VALUES ('CWESTSTACYHAVEN047', 'West Stacyhaven', 'RGALAR008');
INSERT INTO City VALUES ('CEASTWHITNEYFORT048', 'East Whitneyfort', 'RKANTO001');
INSERT INTO City VALUES ('CWRIGHTMOUTH049', 'Wrightmouth', 'RJOHTO002');
INSERT INTO City VALUES ('CBROWNTON050', 'Brownton', 'RKANTO001');
INSERT INTO City VALUES ('CLAKEMICHELLE051', 'Lake Michelle', 'RHOENN003');
INSERT INTO City VALUES ('CSOUTHPAUL052', 'South Paul', 'RGALAR008');
INSERT INTO City VALUES ('CLAKEAMY053', 'Lake Amy', 'RSINNOH004');
INSERT INTO City VALUES ('CBRADLEYHAVEN054', 'Bradleyhaven', 'RALOLA007');
INSERT INTO City VALUES ('CNORTHRODNEYTOWN055', 'North Rodneytown', 'RKANTO001');
INSERT INTO City VALUES ('CWESTLARRY056', 'West Larry', 'RKANTO001');
INSERT INTO City VALUES ('CNEWBRADLEYTON057', 'New Bradleyton', 'RSINNOH004');
INSERT INTO City VALUES ('CWAGNERSTAD058', 'Wagnerstad', 'RUNOVA005');
INSERT INTO City VALUES ('CNEWMANFORT059', 'Newmanfort', 'RUNOVA005');
INSERT INTO Move VALUES ('MTACKLE001', 'Tackle', 40, 100, 35, 'YNORMAL001', 'Physical');
INSERT INTO Move VALUES ('MTHUNDERBOLT002', 'Thunderbolt', 90, 100, 15, 'YELECTRIC005', 'Special');
INSERT INTO Move VALUES ('MFLAMETHROWER003', 'Flamethrower', 90, 100, 15, 'YFIRE002', 'Special');
INSERT INTO Move VALUES ('MHYDROPUMP004', 'Hydro Pump', 110, 80, 5, 'YWATER003', 'Special');
INSERT INTO Move VALUES ('MSOLARBEAM005', 'Solar Beam', 120, 100, 10, 'YGRASS004', 'Special');
INSERT INTO Move VALUES ('MEARTHQUAKE006', 'Earthquake', 100, 100, 10, 'YGROUND009', 'Physical');
INSERT INTO Move VALUES ('MPSYCHIC007', 'Psychic', 90, 100, 10, 'YPSYCHIC011', 'Special');
INSERT INTO Move VALUES ('MSHADOWBALL008', 'Shadow Ball', 80, 100, 15, 'YGHOST014', 'Special');
INSERT INTO Move VALUES ('MBRICKBREAK009', 'Brick Break', 75, 100, 15, 'YFIGHTING007', 'Physical');
INSERT INTO Move VALUES ('MICEBEAM010', 'Ice Beam', 90, 100, 10, 'YICE006', 'Special');
INSERT INTO Move VALUES ('MHYPERBEAM011', 'Hyper Beam', 150, 90, 5, 'YNORMAL001', 'Special');
INSERT INTO Move VALUES ('MPROTECT012', 'Protect', 0, 100, 10, 'YNORMAL001', 'Status');
INSERT INTO Move VALUES ('MRECOVER013', 'Recover', 0, 100, 10, 'YNORMAL001', 'Status');
INSERT INTO Move VALUES ('MSWORDSDANCE014', 'Swords Dance', 0, 100, 20, 'YNORMAL001', 'Status');
INSERT IGNORE INTO TypeStrength VALUES ('YNORMAL001', 'YELECTRIC005');
INSERT IGNORE INTO TypeStrength VALUES ('YNORMAL001', 'YFIGHTING007');
INSERT IGNORE INTO TypeWeakness VALUES ('YNORMAL001', 'YFIRE002');
INSERT IGNORE INTO TypeWeakness VALUES ('YNORMAL001', 'YELECTRIC005');
INSERT IGNORE INTO TypeStrength VALUES ('YFIRE002', 'YGRASS004');
INSERT IGNORE INTO TypeStrength VALUES ('YFIRE002', 'YWATER003');
INSERT IGNORE INTO TypeWeakness VALUES ('YFIRE002', 'YDRAGON015');
INSERT IGNORE INTO TypeWeakness VALUES ('YFIRE002', 'YFAIRY017');
INSERT IGNORE INTO TypeStrength VALUES ('YWATER003', 'YDARK018');
INSERT IGNORE INTO TypeStrength VALUES ('YWATER003', 'YBUG012');
INSERT IGNORE INTO TypeWeakness VALUES ('YWATER003', 'YGROUND009');
INSERT IGNORE INTO TypeWeakness VALUES ('YWATER003', 'YICE006');
INSERT IGNORE INTO TypeStrength VALUES ('YGRASS004', 'YFLYING010');
INSERT IGNORE INTO TypeStrength VALUES ('YGRASS004', 'YPOISON008');
INSERT IGNORE INTO TypeWeakness VALUES ('YGRASS004', 'YFAIRY017');
INSERT IGNORE INTO TypeWeakness VALUES ('YGRASS004', 'YBUG012');
INSERT IGNORE INTO TypeStrength VALUES ('YELECTRIC005', 'YFIGHTING007');
INSERT IGNORE INTO TypeWeakness VALUES ('YELECTRIC005', 'YICE006');
INSERT IGNORE INTO TypeWeakness VALUES ('YELECTRIC005', 'YFLYING010');
INSERT IGNORE INTO TypeStrength VALUES ('YICE006', 'YGROUND009');
INSERT IGNORE INTO TypeStrength VALUES ('YICE006', 'YELECTRIC005');
INSERT IGNORE INTO TypeWeakness VALUES ('YICE006', 'YFIGHTING007');
INSERT IGNORE INTO TypeWeakness VALUES ('YICE006', 'YPOISON008');
INSERT IGNORE INTO TypeStrength VALUES ('YFIGHTING007', 'YGROUND009');
INSERT IGNORE INTO TypeWeakness VALUES ('YFIGHTING007', 'YELECTRIC005');
INSERT IGNORE INTO TypeStrength VALUES ('YPOISON008', 'YFIGHTING007');
INSERT IGNORE INTO TypeStrength VALUES ('YPOISON008', 'YGHOST014');
INSERT IGNORE INTO TypeWeakness VALUES ('YPOISON008', 'YNORMAL001');
INSERT IGNORE INTO TypeWeakness VALUES ('YPOISON008', 'YDRAGON015');
INSERT IGNORE INTO TypeStrength VALUES ('YGROUND009', 'YGRASS004');
INSERT IGNORE INTO TypeStrength VALUES ('YGROUND009', 'YFIRE002');
INSERT IGNORE INTO TypeWeakness VALUES ('YGROUND009', 'YICE006');
INSERT IGNORE INTO TypeStrength VALUES ('YFLYING010', 'YFIRE002');
INSERT IGNORE INTO TypeStrength VALUES ('YFLYING010', 'YELECTRIC005');
INSERT IGNORE INTO TypeWeakness VALUES ('YFLYING010', 'YSTEEL016');
INSERT IGNORE INTO TypeWeakness VALUES ('YFLYING010', 'YPSYCHIC011');
INSERT IGNORE INTO TypeStrength VALUES ('YPSYCHIC011', 'YWATER003');
INSERT IGNORE INTO TypeStrength VALUES ('YPSYCHIC011', 'YROCK013');
INSERT IGNORE INTO TypeWeakness VALUES ('YPSYCHIC011', 'YNORMAL001');
INSERT IGNORE INTO TypeWeakness VALUES ('YPSYCHIC011', 'YPOISON008');
INSERT IGNORE INTO TypeStrength VALUES ('YBUG012', 'YDARK018');
INSERT IGNORE INTO TypeStrength VALUES ('YBUG012', 'YROCK013');
INSERT IGNORE INTO TypeWeakness VALUES ('YBUG012', 'YGROUND009');
INSERT IGNORE INTO TypeWeakness VALUES ('YBUG012', 'YFIGHTING007');
INSERT IGNORE INTO TypeStrength VALUES ('YROCK013', 'YNORMAL001');
INSERT IGNORE INTO TypeStrength VALUES ('YROCK013', 'YPOISON008');
INSERT IGNORE INTO TypeWeakness VALUES ('YROCK013', 'YGHOST014');
INSERT IGNORE INTO TypeWeakness VALUES ('YROCK013', 'YFIGHTING007');
INSERT IGNORE INTO TypeStrength VALUES ('YGHOST014', 'YDRAGON015');
INSERT IGNORE INTO TypeStrength VALUES ('YGHOST014', 'YFLYING010');
INSERT IGNORE INTO TypeWeakness VALUES ('YGHOST014', 'YGROUND009');
INSERT IGNORE INTO TypeWeakness VALUES ('YGHOST014', 'YFAIRY017');
INSERT IGNORE INTO TypeStrength VALUES ('YDRAGON015', 'YFIRE002');
INSERT IGNORE INTO TypeStrength VALUES ('YDRAGON015', 'YPSYCHIC011');
INSERT IGNORE INTO TypeWeakness VALUES ('YDRAGON015', 'YICE006');
INSERT IGNORE INTO TypeWeakness VALUES ('YDRAGON015', 'YSTEEL016');
INSERT IGNORE INTO TypeStrength VALUES ('YSTEEL016', 'YICE006');
INSERT IGNORE INTO TypeStrength VALUES ('YSTEEL016', 'YNORMAL001');
INSERT IGNORE INTO TypeWeakness VALUES ('YSTEEL016', 'YBUG012');
INSERT IGNORE INTO TypeWeakness VALUES ('YSTEEL016', 'YWATER003');
INSERT IGNORE INTO TypeStrength VALUES ('YFAIRY017', 'YFLYING010');
INSERT IGNORE INTO TypeStrength VALUES ('YFAIRY017', 'YGHOST014');
INSERT IGNORE INTO TypeWeakness VALUES ('YFAIRY017', 'YROCK013');
INSERT IGNORE INTO TypeStrength VALUES ('YDARK018', 'YFIGHTING007');
INSERT IGNORE INTO TypeStrength VALUES ('YDARK018', 'YROCK013');
INSERT IGNORE INTO TypeWeakness VALUES ('YDARK018', 'YFIGHTING007');
INSERT IGNORE INTO TypeWeakness VALUES ('YDARK018', 'YWATER003');
INSERT INTO PokemonSpecies VALUES ('SBULBASAUR001', 'Bulbasaur', 45, 49, 49, 45, 'YGRASS004', 'YPOISON008');
INSERT INTO PokemonSpecies VALUES ('SCHARMANDER002', 'Charmander', 39, 52, 43, 65, 'YFIRE002', NULL);
INSERT INTO PokemonSpecies VALUES ('SSQUIRTLE003', 'Squirtle', 44, 48, 65, 43, 'YWATER003', NULL);
INSERT INTO PokemonSpecies VALUES ('SPIKACHU004', 'Pikachu', 35, 55, 40, 90, 'YELECTRIC005', NULL);
INSERT INTO PokemonSpecies VALUES ('SJIGGLYPUFF005', 'Jigglypuff', 115, 45, 20, 20, 'YNORMAL001', 'YFAIRY017');
INSERT INTO PokemonSpecies VALUES ('SMACHOP006', 'Machop', 70, 80, 50, 35, 'YFIGHTING007', NULL);
INSERT INTO PokemonSpecies VALUES ('SGEODUDE007', 'Geodude', 40, 80, 100, 20, 'YROCK013', 'YGROUND009');
INSERT INTO PokemonSpecies VALUES ('SGASTLY008', 'Gastly', 30, 35, 30, 80, 'YGHOST014', 'YPOISON008');
INSERT INTO PokemonSpecies VALUES ('SONIX009', 'Onix', 35, 45, 160, 70, 'YROCK013', 'YGROUND009');
INSERT INTO PokemonSpecies VALUES ('SEEVEE010', 'Eevee', 55, 55, 50, 55, 'YNORMAL001', NULL);
INSERT INTO PokemonSpecies VALUES ('SSNORLAX011', 'Snorlax', 160, 110, 65, 30, 'YNORMAL001', NULL);
INSERT INTO PokemonSpecies VALUES ('SMEWTWO012', 'Mewtwo', 106, 110, 90, 130, 'YPSYCHIC011', NULL);
INSERT INTO PokemonSpecies VALUES ('SGYARADOS013', 'Gyarados', 95, 125, 79, 81, 'YWATER003', 'YFLYING010');
INSERT INTO PokemonSpecies VALUES ('SGENGAR014', 'Gengar', 60, 65, 60, 110, 'YGHOST014', 'YPOISON008');
INSERT INTO PokemonSpecies VALUES ('SDRAGONITE015', 'Dragonite', 91, 134, 95, 80, 'YDRAGON015', 'YFLYING010');
INSERT INTO PokemonSpecies VALUES ('SLUCARIO016', 'Lucario', 70, 110, 70, 90, 'YFIGHTING007', 'YSTEEL016');
INSERT INTO PokemonSpecies VALUES ('SGARCHOMP017', 'Garchomp', 108, 130, 95, 102, 'YDRAGON015', 'YGROUND009');
INSERT INTO PokemonSpecies VALUES ('SGARDEVOIR018', 'Gardevoir', 68, 65, 65, 80, 'YPSYCHIC011', 'YFAIRY017');
INSERT INTO PokemonSpecies VALUES ('SGRENINJA019', 'Greninja', 72, 95, 67, 122, 'YWATER003', 'YDARK018');
INSERT INTO PokemonSpecies VALUES ('SRAYQUAZA020', 'Rayquaza', 105, 150, 90, 95, 'YDRAGON015', 'YFLYING010');
INSERT INTO Trainer VALUES ('TMICHAEL001', 'Michael Sanchez', 'Other', '1957-05-19', 'Michael1@pokemail.com', '555-0001', 'RKANTO001');
INSERT INTO Trainer VALUES ('TKELSEY002', 'Kelsey Terrell', 'Female', '1974-03-19', 'Kelsey2@pokemail.com', '555-0002', 'RJOHTO002');
INSERT INTO Trainer VALUES ('TMONIQUE003', 'Monique Mccoy', 'Other', '1976-03-23', 'Monique3@pokemail.com', '555-0003', 'RALOLA007');
INSERT INTO Trainer VALUES ('TMRXXX004', 'Mr. Scott Rose PhD', 'Female', '2006-10-31', 'Mr4@pokemail.com', '555-0004', 'RGALAR008');
INSERT INTO Trainer VALUES ('TLYNN005', 'Lynn Walker', 'Male', '1981-05-13', 'Lynn5@pokemail.com', '555-0005', 'RKANTO001');
INSERT INTO Trainer VALUES ('TKAYLA006', 'Kayla Daniels', 'Female', '2005-07-08', 'Kayla6@pokemail.com', '555-0006', 'RUNOVA005');
INSERT INTO Trainer VALUES ('TPAMELA007', 'Pamela Garrison', 'Female', '1995-10-06', 'Pamela7@pokemail.com', '555-0007', 'RHOENN003');
INSERT INTO Trainer VALUES ('TEMILY008', 'Emily Hebert', 'Male', '1981-10-16', 'Emily8@pokemail.com', '555-0008', 'RKALOS006');
INSERT INTO Trainer VALUES ('TBRIAN009', 'Brian Jacobson', 'Other', '1981-11-10', 'Brian9@pokemail.com', '555-0009', 'RKANTO001');
INSERT INTO Trainer VALUES ('TERIC010', 'Eric Taylor', 'Male', '1976-07-21', 'Eric10@pokemail.com', '555-0010', 'RKALOS006');
INSERT INTO Trainer VALUES ('TKENNETH011', 'Kenneth Edwards', 'Male', '1966-03-15', 'Kenneth11@pokemail.com', '555-0011', 'RKALOS006');
INSERT INTO Trainer VALUES ('TJESUS012', 'Jesus Cunningham', 'Other', '2001-01-03', 'Jesus12@pokemail.com', '555-0012', 'RJOHTO002');
INSERT INTO Trainer VALUES ('TJENNIFER013', 'Jennifer Jones', 'Other', '1973-09-24', 'Jennifer13@pokemail.com', '555-0013', 'RKANTO001');
INSERT INTO Trainer VALUES ('TKATRINA014', 'Katrina Collins', 'Female', '2002-01-20', 'Katrina14@pokemail.com', '555-0014', 'RSINNOH004');
INSERT INTO Trainer VALUES ('TKELLY015', 'Kelly Mcdonald', 'Male', '2008-11-09', 'Kelly15@pokemail.com', '555-0015', 'RHOENN003');
INSERT INTO Trainer VALUES ('TROBIN016', 'Robin Mendoza', 'Female', '1965-07-06', 'Robin16@pokemail.com', '555-0016', 'RJOHTO002');
INSERT INTO Trainer VALUES ('TDAVID017', 'David Wells', 'Male', '1977-11-21', 'David17@pokemail.com', '555-0017', 'RKANTO001');
INSERT INTO Trainer VALUES ('TJASMINE018', 'Jasmine Bullock', 'Female', '1993-04-13', 'Jasmine18@pokemail.com', '555-0018', 'RKANTO001');
INSERT INTO Trainer VALUES ('TSABRINA019', 'Sabrina Flores', 'Male', '1983-12-10', 'Sabrina19@pokemail.com', '555-0019', 'RKANTO001');
INSERT INTO Trainer VALUES ('TEDDIE020', 'Eddie Patterson', 'Male', '1968-02-04', 'Eddie20@pokemail.com', '555-0020', 'RGALAR008');
INSERT INTO Trainer VALUES ('TJONATHAN021', 'Jonathan Holmes', 'Female', '1996-02-20', 'Jonathan21@pokemail.com', '555-0021', 'RUNOVA005');
INSERT INTO Trainer VALUES ('TBARBARA022', 'Barbara Alvarado', 'Other', '1979-09-17', 'Barbara22@pokemail.com', '555-0022', 'RJOHTO002');
INSERT INTO Trainer VALUES ('TKENNETH023', 'Kenneth Hansen', 'Male', '1959-06-24', 'Kenneth23@pokemail.com', '555-0023', 'RGALAR008');
INSERT INTO Trainer VALUES ('TSTEPHANIE024', 'Stephanie Harris', 'Other', '1991-05-21', 'Stephanie24@pokemail.com', '555-0024', 'RHOENN003');
INSERT INTO Trainer VALUES ('TGABRIEL025', 'Gabriel Wilson', 'Female', '1996-07-04', 'Gabriel25@pokemail.com', '555-0025', 'RGALAR008');
INSERT INTO Trainer VALUES ('TMICHELE026', 'Michele Anderson', 'Other', '1957-08-15', 'Michele26@pokemail.com', '555-0026', 'RGALAR008');
INSERT INTO Trainer VALUES ('TANGELA027', 'Angela Giles', 'Female', '1976-11-15', 'Angela27@pokemail.com', '555-0027', 'RKANTO001');
INSERT INTO Trainer VALUES ('THANNAH028', 'Hannah Hampton', 'Other', '1974-08-31', 'Hannah28@pokemail.com', '555-0028', 'RKANTO001');
INSERT INTO Trainer VALUES ('TTAMMY029', 'Tammy Foster', 'Male', '1973-01-06', 'Tammy29@pokemail.com', '555-0029', 'RGALAR008');
INSERT INTO Trainer VALUES ('TKATHERINE030', 'Katherine Wilkins', 'Male', '1985-02-14', 'Katherine30@pokemail.com', '555-0030', 'RKALOS006');
INSERT INTO Trainer VALUES ('TCALVIN031', 'Calvin Prince', 'Female', '1960-09-27', 'Calvin31@pokemail.com', '555-0031', 'RKANTO001');
INSERT INTO Trainer VALUES ('TDAVID032', 'David Anderson', 'Other', '1981-04-16', 'David32@pokemail.com', '555-0032', 'RGALAR008');
INSERT INTO Trainer VALUES ('TJOSE033', 'Jose Roach', 'Other', '2003-09-23', 'Jose33@pokemail.com', '555-0033', 'RSINNOH004');
INSERT INTO Trainer VALUES ('TCHRISTOPHER034', 'Christopher Mcguire', 'Other', '1991-11-30', 'Christopher34@pokemail.com', '555-0034', 'RHOENN003');
INSERT INTO Trainer VALUES ('TPATRICIA035', 'Patricia Hall', 'Other', '1964-10-15', 'Patricia35@pokemail.com', '555-0035', 'RALOLA007');
INSERT INTO Trainer VALUES ('TCODY036', 'Cody Cannon', 'Male', '1983-08-11', 'Cody36@pokemail.com', '555-0036', 'RGALAR008');
INSERT INTO Trainer VALUES ('TANNE037', 'Anne Oliver', 'Male', '1988-07-24', 'Anne37@pokemail.com', '555-0037', 'RGALAR008');
INSERT INTO Trainer VALUES ('TMATTHEW038', 'Matthew Vasquez', 'Female', '2005-01-10', 'Matthew38@pokemail.com', '555-0038', 'RHOENN003');
INSERT INTO Trainer VALUES ('TJEFFREY039', 'Jeffrey Jackson', 'Male', '1985-03-13', 'Jeffrey39@pokemail.com', '555-0039', 'RHOENN003');
INSERT INTO Trainer VALUES ('TLINDSAY040', 'Lindsay Ross', 'Male', '1999-08-15', 'Lindsay40@pokemail.com', '555-0040', 'RHOENN003');
INSERT INTO Trainer VALUES ('TLISA041', 'Lisa Williams DDS', 'Female', '1965-07-19', 'Lisa41@pokemail.com', '555-0041', 'RALOLA007');
INSERT INTO Trainer VALUES ('TCANDICE042', 'Candice Elliott', 'Female', '1964-01-04', 'Candice42@pokemail.com', '555-0042', 'RKALOS006');
INSERT INTO Trainer VALUES ('TROBIN043', 'Robin Smith', 'Other', '1989-09-02', 'Robin43@pokemail.com', '555-0043', 'RKALOS006');
INSERT INTO Trainer VALUES ('TDANIEL044', 'Daniel Bowman', 'Other', '1999-09-05', 'Daniel44@pokemail.com', '555-0044', 'RJOHTO002');
INSERT INTO Trainer VALUES ('TTIMOTHY045', 'Timothy Stanton', 'Male', '1980-06-21', 'Timothy45@pokemail.com', '555-0045', 'RHOENN003');
INSERT INTO Trainer VALUES ('TDAWN046', 'Dawn Arroyo', 'Male', '1999-03-21', 'Dawn46@pokemail.com', '555-0046', 'RJOHTO002');
INSERT INTO Trainer VALUES ('TDANIEL047', 'Daniel Mckay', 'Male', '2008-12-05', 'Daniel47@pokemail.com', '555-0047', 'RGALAR008');
INSERT INTO Trainer VALUES ('TKRISTIN048', 'Kristin Jennings', 'Other', '1981-06-19', 'Kristin48@pokemail.com', '555-0048', 'RUNOVA005');
INSERT INTO Trainer VALUES ('TJOHNNY049', 'Johnny Reed', 'Other', '1989-11-09', 'Johnny49@pokemail.com', '555-0049', 'RALOLA007');
INSERT INTO Trainer VALUES ('TMARIO050', 'Mario Salas', 'Female', '1980-03-14', 'Mario50@pokemail.com', '555-0050', 'RALOLA007');
INSERT INTO Trainer VALUES ('TJORDAN051', 'Jordan Torres', 'Male', '1970-01-12', 'Jordan51@pokemail.com', '555-0051', 'RALOLA007');
INSERT INTO Trainer VALUES ('TKIMBERLY052', 'Kimberly Young', 'Other', '1978-07-20', 'Kimberly52@pokemail.com', '555-0052', 'RGALAR008');
INSERT INTO Trainer VALUES ('TMRXXX053', 'Mr. Joshua Oconnor', 'Other', '1963-01-15', 'Mr53@pokemail.com', '555-0053', 'RGALAR008');
INSERT INTO Trainer VALUES ('TKATHLEEN054', 'Kathleen Leonard', 'Female', '2000-08-19', 'Kathleen54@pokemail.com', '555-0054', 'RGALAR008');
INSERT INTO Trainer VALUES ('TSUZANNE055', 'Suzanne Perkins', 'Female', '1972-11-22', 'Suzanne55@pokemail.com', '555-0055', 'RKANTO001');
INSERT INTO Trainer VALUES ('TNICHOLAS056', 'Nicholas Brennan', 'Other', '1996-07-16', 'Nicholas56@pokemail.com', '555-0056', 'RHOENN003');
INSERT INTO Trainer VALUES ('TMARC057', 'Marc Thompson', 'Male', '1999-06-20', 'Marc57@pokemail.com', '555-0057', 'RUNOVA005');
INSERT INTO Trainer VALUES ('TJOSEPH058', 'Joseph Fletcher', 'Other', '1956-10-05', 'Joseph58@pokemail.com', '555-0058', 'RHOENN003');
INSERT INTO Trainer VALUES ('TVICTORIA059', 'Victoria Hubbard', 'Male', '1974-02-05', 'Victoria59@pokemail.com', '555-0059', 'RKANTO001');
INSERT INTO Trainer VALUES ('TANNA060', 'Anna Thomas', 'Male', '1989-11-26', 'Anna60@pokemail.com', '555-0060', 'RALOLA007');
INSERT INTO Trainer VALUES ('TMARY061', 'Mary Scott', 'Female', '1990-05-25', 'Mary61@pokemail.com', '555-0061', 'RSINNOH004');
INSERT INTO Trainer VALUES ('TCHASE062', 'Chase Fletcher', 'Male', '1981-01-29', 'Chase62@pokemail.com', '555-0062', 'RKALOS006');
INSERT INTO Trainer VALUES ('TCHRISTINE063', 'Christine Jones MD', 'Female', '2009-12-18', 'Christine63@pokemail.com', '555-0063', 'RHOENN003');
INSERT INTO Trainer VALUES ('TAMY064', 'Amy Campbell', 'Other', '1988-10-28', 'Amy64@pokemail.com', '555-0064', 'RHOENN003');
INSERT INTO Trainer VALUES ('TERIN065', 'Erin Walker', 'Female', '1972-08-09', 'Erin65@pokemail.com', '555-0065', 'RKANTO001');
INSERT INTO Trainer VALUES ('TBRANDON066', 'Brandon Combs', 'Other', '2007-11-23', 'Brandon66@pokemail.com', '555-0066', 'RUNOVA005');
INSERT INTO Trainer VALUES ('TMELISSA067', 'Melissa Graham', 'Female', '1994-05-05', 'Melissa67@pokemail.com', '555-0067', 'RSINNOH004');
INSERT INTO Trainer VALUES ('TALEXANDER068', 'Alexander Thompson', 'Female', '1976-08-19', 'Alexander68@pokemail.com', '555-0068', 'RJOHTO002');
INSERT INTO Trainer VALUES ('TKAYLA069', 'Kayla Potter', 'Female', '1991-01-11', 'Kayla69@pokemail.com', '555-0069', 'RSINNOH004');
INSERT INTO Trainer VALUES ('TASHLEY070', 'Ashley Clark', 'Male', '1964-07-13', 'Ashley70@pokemail.com', '555-0070', 'RSINNOH004');
INSERT INTO Trainer VALUES ('TALEXANDRIA071', 'Alexandria Nolan', 'Female', '1965-10-12', 'Alexandria71@pokemail.com', '555-0071', 'RKALOS006');
INSERT INTO Trainer VALUES ('TTHOMAS072', 'Thomas Parrish', 'Female', '1973-02-11', 'Thomas72@pokemail.com', '555-0072', 'RKALOS006');
INSERT INTO Trainer VALUES ('TWILLIAM073', 'William Barrera', 'Male', '2001-03-09', 'William73@pokemail.com', '555-0073', 'RSINNOH004');
INSERT INTO Trainer VALUES ('TPATRICIA074', 'Patricia Adams', 'Other', '2004-03-18', 'Patricia74@pokemail.com', '555-0074', 'RUNOVA005');
INSERT INTO Trainer VALUES ('TJULIE075', 'Julie Villanueva', 'Female', '1968-01-29', 'Julie75@pokemail.com', '555-0075', 'RHOENN003');
INSERT INTO Trainer VALUES ('TFRANCISCO076', 'Francisco Garcia', 'Female', '1976-02-17', 'Francisco76@pokemail.com', '555-0076', 'RGALAR008');
INSERT INTO Trainer VALUES ('TMICHELLE077', 'Michelle Johnson', 'Other', '2009-11-23', 'Michelle77@pokemail.com', '555-0077', 'RKANTO001');
INSERT INTO Trainer VALUES ('TLANCE078', 'Lance Hubbard', 'Female', '2004-09-22', 'Lance78@pokemail.com', '555-0078', 'RALOLA007');
INSERT INTO Trainer VALUES ('THEATHER079', 'Heather Walker', 'Female', '2006-04-13', 'Heather79@pokemail.com', '555-0079', 'RALOLA007');
INSERT INTO Trainer VALUES ('TMICHAEL080', 'Michael Rogers', 'Female', '1995-05-22', 'Michael80@pokemail.com', '555-0080', 'RKANTO001');
INSERT INTO Trainer VALUES ('TWILLIAM081', 'William Garcia', 'Male', '2008-03-27', 'William81@pokemail.com', '555-0081', 'RALOLA007');
INSERT INTO Trainer VALUES ('TDAVID082', 'David Ramirez', 'Female', '1956-08-30', 'David82@pokemail.com', '555-0082', 'RHOENN003');
INSERT INTO Trainer VALUES ('TTIM083', 'Tim Fowler', 'Other', '2001-06-14', 'Tim83@pokemail.com', '555-0083', 'RKANTO001');
INSERT INTO Trainer VALUES ('TJAMES084', 'James Snyder', 'Male', '1955-11-26', 'James84@pokemail.com', '555-0084', 'RHOENN003');
INSERT INTO Trainer VALUES ('TDANA085', 'Dana Gordon', 'Female', '1982-08-13', 'Dana85@pokemail.com', '555-0085', 'RHOENN003');
INSERT INTO Trainer VALUES ('TSEAN086', 'Sean Jones III', 'Other', '1975-07-20', 'Sean86@pokemail.com', '555-0086', 'RKANTO001');
INSERT INTO Trainer VALUES ('TTREVOR087', 'Trevor Miller', 'Female', '1998-01-26', 'Trevor87@pokemail.com', '555-0087', 'RALOLA007');
INSERT INTO Trainer VALUES ('TBRANDI088', 'Brandi Fisher', 'Other', '2001-04-24', 'Brandi88@pokemail.com', '555-0088', 'RUNOVA005');
INSERT INTO Trainer VALUES ('TMICHAEL089', 'Michael Crane', 'Male', '1973-10-24', 'Michael89@pokemail.com', '555-0089', 'RKANTO001');
INSERT INTO Trainer VALUES ('TANTHONY090', 'Anthony Williams', 'Male', '1984-10-14', 'Anthony90@pokemail.com', '555-0090', 'RKANTO001');
INSERT INTO Trainer VALUES ('TDRXXX091', 'Dr. Julia Brown', 'Male', '2006-05-02', 'Dr91@pokemail.com', '555-0091', 'RALOLA007');
INSERT INTO Trainer VALUES ('TJAMES092', 'James Lee', 'Female', '1982-05-26', 'James92@pokemail.com', '555-0092', 'RHOENN003');
INSERT INTO Trainer VALUES ('TLINDA093', 'Linda Thomas', 'Male', '1990-11-12', 'Linda93@pokemail.com', '555-0093', 'RKANTO001');
INSERT INTO Trainer VALUES ('TCAITLIN094', 'Caitlin Schaefer', 'Male', '1957-12-05', 'Caitlin94@pokemail.com', '555-0094', 'RKALOS006');
INSERT INTO Trainer VALUES ('TADAM095', 'Adam Maynard', 'Female', '1977-07-28', 'Adam95@pokemail.com', '555-0095', 'RGALAR008');
INSERT INTO Trainer VALUES ('TMRS096', 'Mrs. Kelly Guerrero', 'Other', '1977-11-13', 'Mrs96@pokemail.com', '555-0096', 'RJOHTO002');
INSERT INTO Trainer VALUES ('TMICHELLE097', 'Michelle Avery', 'Male', '1979-11-13', 'Michelle97@pokemail.com', '555-0097', 'RKALOS006');
INSERT INTO Trainer VALUES ('TLINDSEY098', 'Lindsey Holland', 'Other', '1962-10-14', 'Lindsey98@pokemail.com', '555-0098', 'RHOENN003');
INSERT INTO Trainer VALUES ('TMARY099', 'Mary Moore', 'Female', '1971-06-30', 'Mary99@pokemail.com', '555-0099', 'RGALAR008');
INSERT INTO Trainer VALUES ('TCHRISTOPHER100', 'Christopher Lawrence', 'Male', '1979-07-13', 'Christopher100@pokemail.com', '555-0100', 'RKANTO001');
INSERT INTO Trainer VALUES ('TAPRIL101', 'April Francis', 'Male', '1957-09-18', 'April101@pokemail.com', '555-0101', 'RALOLA007');
INSERT INTO Trainer VALUES ('TBRANDON102', 'Brandon Jones', 'Other', '1958-07-25', 'Brandon102@pokemail.com', '555-0102', 'RALOLA007');
INSERT INTO Trainer VALUES ('TJORDAN103', 'Jordan Moore', 'Male', '1993-03-06', 'Jordan103@pokemail.com', '555-0103', 'RKALOS006');
INSERT INTO Trainer VALUES ('TALYSSA104', 'Alyssa Carter', 'Male', '2001-03-24', 'Alyssa104@pokemail.com', '555-0104', 'RUNOVA005');
INSERT INTO Trainer VALUES ('TBENJAMIN105', 'Benjamin Vaughn', 'Female', '1978-03-08', 'Benjamin105@pokemail.com', '555-0105', 'RKANTO001');
INSERT INTO Trainer VALUES ('TPAUL106', 'Paul David', 'Male', '1990-12-02', 'Paul106@pokemail.com', '555-0106', 'RUNOVA005');
INSERT INTO Trainer VALUES ('TDEREK107', 'Derek Brown', 'Female', '1966-07-16', 'Derek107@pokemail.com', '555-0107', 'RSINNOH004');
INSERT INTO Trainer VALUES ('TDUSTIN108', 'Dustin Huff', 'Other', '1990-04-20', 'Dustin108@pokemail.com', '555-0108', 'RHOENN003');
INSERT INTO Trainer VALUES ('TKRISTEN109', 'Kristen Hernandez', 'Male', '1981-05-06', 'Kristen109@pokemail.com', '555-0109', 'RUNOVA005');
INSERT INTO Trainer VALUES ('TELIZABETH110', 'Elizabeth White', 'Male', '1960-02-21', 'Elizabeth110@pokemail.com', '555-0110', 'RSINNOH004');
INSERT INTO Trainer VALUES ('TDIANE111', 'Diane Thomas', 'Male', '1980-03-30', 'Diane111@pokemail.com', '555-0111', 'RJOHTO002');
INSERT INTO Trainer VALUES ('TKEVIN112', 'Kevin Jones', 'Male', '2009-12-05', 'Kevin112@pokemail.com', '555-0112', 'RJOHTO002');
INSERT INTO Trainer VALUES ('TSHARON113', 'Sharon Jarvis', 'Male', '1992-12-18', 'Sharon113@pokemail.com', '555-0113', 'RUNOVA005');
INSERT INTO Trainer VALUES ('TANNE114', 'Anne Fisher', 'Female', '1965-08-30', 'Anne114@pokemail.com', '555-0114', 'RKALOS006');
INSERT INTO Trainer VALUES ('TSTEVEN115', 'Steven Luna', 'Female', '1997-07-08', 'Steven115@pokemail.com', '555-0115', 'RHOENN003');
INSERT INTO Trainer VALUES ('TJEFFREY116', 'Jeffrey Alexander MD', 'Female', '1978-07-21', 'Jeffrey116@pokemail.com', '555-0116', 'RHOENN003');
INSERT INTO Trainer VALUES ('TCHRISTY117', 'Christy Sanchez', 'Other', '2002-07-06', 'Christy117@pokemail.com', '555-0117', 'RHOENN003');
INSERT INTO Trainer VALUES ('TDOMINIQUE118', 'Dominique Boyd', 'Other', '1976-04-16', 'Dominique118@pokemail.com', '555-0118', 'RJOHTO002');
INSERT INTO Trainer VALUES ('TMARIA119', 'Maria Miller', 'Female', '1963-11-08', 'Maria119@pokemail.com', '555-0119', 'RJOHTO002');
INSERT INTO Trainer VALUES ('TJOSEPH120', 'Joseph Rhodes', 'Other', '1974-11-09', 'Joseph120@pokemail.com', '555-0120', 'RHOENN003');
INSERT INTO Trainer VALUES ('TMORGAN121', 'Morgan Mora', 'Other', '2003-08-10', 'Morgan121@pokemail.com', '555-0121', 'RALOLA007');
INSERT INTO Trainer VALUES ('TERIN122', 'Erin Carter', 'Other', '1995-04-12', 'Erin122@pokemail.com', '555-0122', 'RKANTO001');
INSERT INTO Trainer VALUES ('TCOURTNEY123', 'Courtney Donaldson', 'Male', '1964-10-07', 'Courtney123@pokemail.com', '555-0123', 'RKALOS006');
INSERT INTO Trainer VALUES ('TCORY124', 'Cory Brooks', 'Other', '1999-09-15', 'Cory124@pokemail.com', '555-0124', 'RHOENN003');
INSERT INTO Trainer VALUES ('TDEBRA125', 'Debra Mitchell', 'Other', '1974-10-19', 'Debra125@pokemail.com', '555-0125', 'RJOHTO002');
INSERT INTO Trainer VALUES ('TJOHN126', 'John Gentry', 'Male', '1981-05-20', 'John126@pokemail.com', '555-0126', 'RJOHTO002');
INSERT INTO Trainer VALUES ('TCHARLES127', 'Charles Lopez', 'Male', '1967-06-23', 'Charles127@pokemail.com', '555-0127', 'RGALAR008');
INSERT INTO Trainer VALUES ('TMADISON128', 'Madison Cooper', 'Female', '1958-04-09', 'Madison128@pokemail.com', '555-0128', 'RKALOS006');
INSERT INTO Trainer VALUES ('TASHLEY129', 'Ashley Phillips', 'Male', '1970-07-09', 'Ashley129@pokemail.com', '555-0129', 'RJOHTO002');
INSERT INTO Trainer VALUES ('TKATHLEEN130', 'Kathleen Gentry', 'Male', '1966-06-20', 'Kathleen130@pokemail.com', '555-0130', 'RUNOVA005');
INSERT INTO Trainer VALUES ('THOLLY131', 'Holly Scott', 'Female', '1987-04-12', 'Holly131@pokemail.com', '555-0131', 'RSINNOH004');
INSERT INTO Trainer VALUES ('TKELLY132', 'Kelly Taylor MD', 'Female', '1959-08-11', 'Kelly132@pokemail.com', '555-0132', 'RJOHTO002');
INSERT INTO Trainer VALUES ('TANDREW133', 'Andrew Klein', 'Male', '1997-11-21', 'Andrew133@pokemail.com', '555-0133', 'RHOENN003');
INSERT INTO Trainer VALUES ('TWILLIAM134', 'William Keller', 'Other', '1994-04-25', 'William134@pokemail.com', '555-0134', 'RSINNOH004');
INSERT INTO Trainer VALUES ('TCAMERON135', 'Cameron Edwards', 'Female', '2000-04-03', 'Cameron135@pokemail.com', '555-0135', 'RUNOVA005');
INSERT INTO Trainer VALUES ('TEDWARD136', 'Edward Mason', 'Male', '1981-11-23', 'Edward136@pokemail.com', '555-0136', 'RJOHTO002');
INSERT INTO Trainer VALUES ('TEBONY137', 'Ebony Gibson', 'Female', '1987-11-25', 'Ebony137@pokemail.com', '555-0137', 'RGALAR008');
INSERT INTO Trainer VALUES ('TDIANA138', 'Diana Harris', 'Male', '1978-12-26', 'Diana138@pokemail.com', '555-0138', 'RALOLA007');
INSERT INTO Trainer VALUES ('TARTHUR139', 'Arthur Miller', 'Female', '1997-11-21', 'Arthur139@pokemail.com', '555-0139', 'RUNOVA005');
INSERT INTO Trainer VALUES ('TSCOTT140', 'Scott Shepherd', 'Female', '1960-11-19', 'Scott140@pokemail.com', '555-0140', 'RSINNOH004');
INSERT INTO Trainer VALUES ('TSCOTT141', 'Scott Barrett', 'Other', '2000-07-01', 'Scott141@pokemail.com', '555-0141', 'RHOENN003');
INSERT INTO Trainer VALUES ('TBENJAMIN142', 'Benjamin Lee', 'Male', '1994-09-12', 'Benjamin142@pokemail.com', '555-0142', 'RHOENN003');
INSERT INTO Trainer VALUES ('TTERRY143', 'Terry Moon', 'Male', '1988-07-22', 'Terry143@pokemail.com', '555-0143', 'RJOHTO002');
INSERT INTO Trainer VALUES ('TROBERT144', 'Robert Wilkerson', 'Other', '1995-12-02', 'Robert144@pokemail.com', '555-0144', 'RKALOS006');
INSERT INTO Trainer VALUES ('TTHOMAS145', 'Thomas Nguyen', 'Female', '1981-02-13', 'Thomas145@pokemail.com', '555-0145', 'RALOLA007');
INSERT INTO Trainer VALUES ('TALYSSA146', 'Alyssa Howard DVM', 'Female', '1977-01-07', 'Alyssa146@pokemail.com', '555-0146', 'RJOHTO002');
INSERT INTO Trainer VALUES ('TDENISE147', 'Denise Anderson', 'Male', '1969-03-31', 'Denise147@pokemail.com', '555-0147', 'RALOLA007');
INSERT INTO Trainer VALUES ('TROBERT148', 'Robert Fuller', 'Male', '1983-02-17', 'Robert148@pokemail.com', '555-0148', 'RKANTO001');
INSERT INTO Trainer VALUES ('TMRXXX149', 'Mr. Joseph Jones', 'Female', '1999-11-08', 'Mr149@pokemail.com', '555-0149', 'RGALAR008');
INSERT INTO Trainer VALUES ('TJACK150', 'Jack King', 'Female', '2010-08-10', 'Jack150@pokemail.com', '555-0150', 'RSINNOH004');
INSERT INTO LeagueSeason VALUES ('LSEASON001', 2021, 'RKANTO001', 'Official League Circuit');
INSERT INTO LeagueSeason VALUES ('LSEASON002', 2022, 'RJOHTO002', 'Official League Circuit');
INSERT INTO LeagueSeason VALUES ('LSEASON003', 2023, 'RHOENN003', 'Official League Circuit');
INSERT INTO LeagueSeason VALUES ('LSEASON004', 2024, 'RSINNOH004', 'Official League Circuit');
INSERT INTO LeagueSeason VALUES ('LSEASON005', 2025, 'RUNOVA005', 'Official League Circuit');

-- LEVEL 2: Dependent on Level 1
INSERT IGNORE INTO PokemonSpeciesAbility VALUES ('SBULBASAUR001', 'AOVERGROW001');
INSERT IGNORE INTO PokemonSpeciesAbility VALUES ('SCHARMANDER002', 'ASTATIC004');
INSERT IGNORE INTO PokemonSpeciesAbility VALUES ('SSQUIRTLE003', 'ABLAZE002');
INSERT IGNORE INTO PokemonSpeciesAbility VALUES ('SPIKACHU004', 'ASTATIC004');
INSERT IGNORE INTO PokemonSpeciesAbility VALUES ('SJIGGLYPUFF005', 'ASTATIC004');
INSERT IGNORE INTO PokemonSpeciesAbility VALUES ('SMACHOP006', 'ADROUGHT010');
INSERT IGNORE INTO PokemonSpeciesAbility VALUES ('SGEODUDE007', 'AOVERGROW001');
INSERT IGNORE INTO PokemonSpeciesAbility VALUES ('SGASTLY008', 'ATORRENT003');
INSERT IGNORE INTO PokemonSpeciesAbility VALUES ('SONIX009', 'AINNERFOCUS008');
INSERT IGNORE INTO PokemonSpeciesAbility VALUES ('SEEVEE010', 'APRESSURE007');
INSERT IGNORE INTO PokemonSpeciesAbility VALUES ('SSNORLAX011', 'APRESSURE007');
INSERT IGNORE INTO PokemonSpeciesAbility VALUES ('SMEWTWO012', 'AINTIMIDATE006');
INSERT IGNORE INTO PokemonSpeciesAbility VALUES ('SGYARADOS013', 'ABLAZE002');
INSERT IGNORE INTO PokemonSpeciesAbility VALUES ('SGENGAR014', 'ABLAZE002');
INSERT IGNORE INTO PokemonSpeciesAbility VALUES ('SDRAGONITE015', 'ABLAZE002');
INSERT IGNORE INTO PokemonSpeciesAbility VALUES ('SLUCARIO016', 'ASANDSTREAM009');
INSERT IGNORE INTO PokemonSpeciesAbility VALUES ('SGARCHOMP017', 'ASANDSTREAM009');
INSERT IGNORE INTO PokemonSpeciesAbility VALUES ('SGARDEVOIR018', 'ASANDSTREAM009');
INSERT IGNORE INTO PokemonSpeciesAbility VALUES ('SGRENINJA019', 'AINTIMIDATE006');
INSERT IGNORE INTO PokemonSpeciesAbility VALUES ('SRAYQUAZA020', 'AINNERFOCUS008');
INSERT INTO Gym VALUES ('GPEWTERCITYGYM001', 'Pewter City Gym', 'CMELANIEBOROUGH001', 'YROCK013');
INSERT INTO GymLeader VALUES ('TMICHAEL001', 'YROCK013', 6);
INSERT INTO GymBadgeName VALUES ('GPEWTERCITYGYM001', 'Boulder Badge');
INSERT INTO Gym VALUES ('GCERULEANCITYGYM002', 'Cerulean City Gym', 'CMELISSAMOUTH002', 'YWATER003');
INSERT INTO GymLeader VALUES ('TKELSEY002', 'YWATER003', 10);
INSERT INTO GymBadgeName VALUES ('GCERULEANCITYGYM002', 'Cascade Badge');
INSERT INTO Gym VALUES ('GVERMILIONCITYGYM003', 'Vermilion City Gym', 'CHOLMESHAVEN003', 'YELECTRIC005');
INSERT INTO GymLeader VALUES ('TMONIQUE003', 'YELECTRIC005', 10);
INSERT INTO GymBadgeName VALUES ('GVERMILIONCITYGYM003', 'Thunder Badge');
INSERT INTO Gym VALUES ('GCELADONCITYGYM004', 'Celadon City Gym', 'CNORTHBARBARAMOUT004', 'YGRASS004');
INSERT INTO GymLeader VALUES ('TMRXXX004', 'YGRASS004', 10);
INSERT INTO GymBadgeName VALUES ('GCELADONCITYGYM004', 'Rainbow Badge');
INSERT INTO Gym VALUES ('GFUCHSIACITYGYM005', 'Fuchsia City Gym', 'CJEREMIAHSTAD005', 'YPOISON008');
INSERT INTO GymLeader VALUES ('TLYNN005', 'YPOISON008', 8);
INSERT INTO GymBadgeName VALUES ('GFUCHSIACITYGYM005', 'Soul Badge');
INSERT INTO Gym VALUES ('GSAFFRONCITYGYM006', 'Saffron City Gym', 'CEDWARDSMOUTH006', 'YPSYCHIC011');
INSERT INTO GymLeader VALUES ('TKAYLA006', 'YPSYCHIC011', 9);
INSERT INTO GymBadgeName VALUES ('GSAFFRONCITYGYM006', 'Marsh Badge');
INSERT INTO Gym VALUES ('GCINNABARISLANDGY007', 'Cinnabar Island Gym', 'CEASTHOLLYVIEW007', 'YFIRE002');
INSERT INTO GymLeader VALUES ('TPAMELA007', 'YFIRE002', 2);
INSERT INTO GymBadgeName VALUES ('GCINNABARISLANDGY007', 'Volcano Badge');
INSERT INTO Gym VALUES ('GVIRIDIANCITYGYM008', 'Viridian City Gym', 'CAUDREYFORT008', 'YGROUND009');
INSERT INTO GymLeader VALUES ('TEMILY008', 'YGROUND009', 2);
INSERT INTO GymBadgeName VALUES ('GVIRIDIANCITYGYM008', 'Earth Badge');
INSERT INTO Gym VALUES ('GVIOLETCITYGYM009', 'Violet City Gym', 'CBARRYMOUTH009', 'YFLYING010');
INSERT INTO GymLeader VALUES ('TBRIAN009', 'YFLYING010', 10);
INSERT INTO GymBadgeName VALUES ('GVIOLETCITYGYM009', 'Zephyr Badge');
INSERT INTO Gym VALUES ('GAZALEATOWNGYM010', 'Azalea Town Gym', 'CPHILLIPMOUTH010', 'YBUG012');
INSERT INTO GymLeader VALUES ('TERIC010', 'YBUG012', 3);
INSERT INTO GymBadgeName VALUES ('GAZALEATOWNGYM010', 'Hive Badge');
INSERT INTO Gym VALUES ('GGOLDENRODCITYGYM011', 'Goldenrod City Gym', 'CFRANKLINHAVEN011', 'YNORMAL001');
INSERT INTO GymLeader VALUES ('TKENNETH011', 'YNORMAL001', 7);
INSERT INTO GymBadgeName VALUES ('GGOLDENRODCITYGYM011', 'Plain Badge');
INSERT INTO Gym VALUES ('GECRUTEAKCITYGYM012', 'Ecruteak City Gym', 'CPORTJASON012', 'YGHOST014');
INSERT INTO GymLeader VALUES ('TJESUS012', 'YGHOST014', 4);
INSERT INTO GymBadgeName VALUES ('GECRUTEAKCITYGYM012', 'Fog Badge');
INSERT INTO Champion VALUES ('TJACK150', 2021);
INSERT INTO Champion VALUES ('TMRXXX149', 2022);
INSERT INTO Champion VALUES ('TROBERT148', 2023);
INSERT INTO RegisteredPokemon VALUES ('PPOKE001', 'SDRAGONITE015', 'TTHOMAS145', NULL, 46, 4600, '2022-10-29');
INSERT INTO RegisteredPokemon VALUES ('PPOKE002', 'SDRAGONITE015', 'TBENJAMIN105', 'Christine', 5, 500, '2021-09-17');
INSERT INTO RegisteredPokemon VALUES ('PPOKE003', 'SJIGGLYPUFF005', 'TDUSTIN108', 'David', 66, 6600, '2024-02-24');
INSERT INTO RegisteredPokemon VALUES ('PPOKE004', 'SGARDEVOIR018', 'TJASMINE018', 'Audrey', 74, 7400, '2025-08-20');
INSERT INTO RegisteredPokemon VALUES ('PPOKE005', 'SGASTLY008', 'TMICHELLE077', 'Kevin', 81, 8100, '2022-09-02');
INSERT INTO RegisteredPokemon VALUES ('PPOKE006', 'SEEVEE010', 'TTAMMY029', 'Jesus', 67, 6700, '2020-03-03');
INSERT INTO RegisteredPokemon VALUES ('PPOKE007', 'SRAYQUAZA020', 'TALEXANDRIA071', 'Cheryl', 94, 9400, '2025-02-01');
INSERT INTO RegisteredPokemon VALUES ('PPOKE008', 'SGRENINJA019', 'TDAWN046', NULL, 78, 7800, '2021-12-02');
INSERT INTO RegisteredPokemon VALUES ('PPOKE009', 'SMEWTWO012', 'TBRIAN009', NULL, 44, 4400, '2021-06-13');
INSERT INTO RegisteredPokemon VALUES ('PPOKE010', 'SDRAGONITE015', 'TJULIE075', 'Sandra', 60, 6000, '2023-09-08');
INSERT INTO RegisteredPokemon VALUES ('PPOKE011', 'SGARDEVOIR018', 'TCHRISTOPHER100', 'Tracy', 8, 800, '2024-06-28');
INSERT INTO RegisteredPokemon VALUES ('PPOKE012', 'SGRENINJA019', 'TKRISTEN109', 'James', 56, 5600, '2020-05-19');
INSERT INTO RegisteredPokemon VALUES ('PPOKE013', 'SGYARADOS013', 'TTHOMAS072', NULL, 48, 4800, '2025-08-21');
INSERT INTO RegisteredPokemon VALUES ('PPOKE014', 'SRAYQUAZA020', 'TJEFFREY039', 'Nicole', 52, 5200, '2024-12-21');
INSERT INTO RegisteredPokemon VALUES ('PPOKE015', 'SRAYQUAZA020', 'TSTEPHANIE024', NULL, 26, 2600, '2025-10-09');
INSERT INTO RegisteredPokemon VALUES ('PPOKE016', 'SLUCARIO016', 'TMICHAEL001', 'Alicia', 53, 5300, '2025-04-27');
INSERT INTO RegisteredPokemon VALUES ('PPOKE017', 'SONIX009', 'THEATHER079', 'Kenneth', 58, 5800, '2021-11-16');
INSERT INTO RegisteredPokemon VALUES ('PPOKE018', 'SCHARMANDER002', 'THOLLY131', 'Zachary', 13, 1300, '2024-06-15');
INSERT INTO RegisteredPokemon VALUES ('PPOKE019', 'SJIGGLYPUFF005', 'TBENJAMIN105', 'William', 96, 9600, '2025-03-05');
INSERT INTO RegisteredPokemon VALUES ('PPOKE020', 'SSNORLAX011', 'THANNAH028', 'Yvonne', 99, 9900, '2025-06-21');
INSERT INTO RegisteredPokemon VALUES ('PPOKE021', 'SGENGAR014', 'TWILLIAM134', NULL, 67, 6700, '2024-03-21');
INSERT INTO RegisteredPokemon VALUES ('PPOKE022', 'SBULBASAUR001', 'TMICHELLE077', 'Ronald', 85, 8500, '2025-06-18');
INSERT INTO RegisteredPokemon VALUES ('PPOKE023', 'SGENGAR014', 'TKELLY132', 'Kelly', 63, 6300, '2025-11-20');
INSERT INTO RegisteredPokemon VALUES ('PPOKE024', 'SGASTLY008', 'TANNE037', NULL, 92, 9200, '2022-03-19');
INSERT INTO RegisteredPokemon VALUES ('PPOKE025', 'SSNORLAX011', 'TKELSEY002', NULL, 40, 4000, '2021-02-28');
INSERT INTO RegisteredPokemon VALUES ('PPOKE026', 'SBULBASAUR001', 'TBENJAMIN105', NULL, 23, 2300, '2023-01-26');
INSERT INTO RegisteredPokemon VALUES ('PPOKE027', 'SGYARADOS013', 'TASHLEY070', 'Michael', 64, 6400, '2025-12-12');
INSERT INTO RegisteredPokemon VALUES ('PPOKE028', 'SGENGAR014', 'TLINDA093', NULL, 69, 6900, '2024-01-17');
INSERT INTO RegisteredPokemon VALUES ('PPOKE029', 'SGENGAR014', 'TBENJAMIN142', 'Steven', 99, 9900, '2025-04-14');
INSERT INTO RegisteredPokemon VALUES ('PPOKE030', 'SGENGAR014', 'TPAUL106', 'Yvonne', 89, 8900, '2020-12-06');
INSERT INTO RegisteredPokemon VALUES ('PPOKE031', 'SMACHOP006', 'TALEXANDRIA071', 'Jennifer', 16, 1600, '2020-09-25');
INSERT INTO RegisteredPokemon VALUES ('PPOKE032', 'SBULBASAUR001', 'TLISA041', 'Tiffany', 15, 1500, '2025-06-20');
INSERT INTO RegisteredPokemon VALUES ('PPOKE033', 'SEEVEE010', 'TMICHELLE097', NULL, 17, 1700, '2023-09-13');
INSERT INTO RegisteredPokemon VALUES ('PPOKE034', 'SGRENINJA019', 'TANNA060', 'Adam', 82, 8200, '2020-06-17');
INSERT INTO RegisteredPokemon VALUES ('PPOKE035', 'SGASTLY008', 'TBENJAMIN142', NULL, 66, 6600, '2025-01-22');
INSERT INTO RegisteredPokemon VALUES ('PPOKE036', 'SPIKACHU004', 'TLANCE078', 'Andrea', 50, 5000, '2025-07-05');
INSERT INTO RegisteredPokemon VALUES ('PPOKE037', 'SRAYQUAZA020', 'TTHOMAS145', NULL, 74, 7400, '2024-06-13');
INSERT INTO RegisteredPokemon VALUES ('PPOKE038', 'SGYARADOS013', 'THANNAH028', 'Adam', 33, 3300, '2023-10-25');
INSERT INTO RegisteredPokemon VALUES ('PPOKE039', 'SPIKACHU004', 'TEMILY008', NULL, 56, 5600, '2023-05-03');
INSERT INTO RegisteredPokemon VALUES ('PPOKE040', 'SGENGAR014', 'TKENNETH023', NULL, 74, 7400, '2023-07-02');
INSERT INTO RegisteredPokemon VALUES ('PPOKE041', 'SSNORLAX011', 'TDOMINIQUE118', 'Samantha', 81, 8100, '2020-11-05');
INSERT INTO RegisteredPokemon VALUES ('PPOKE042', 'SPIKACHU004', 'TDANA085', 'Edwin', 9, 900, '2020-11-15');
INSERT INTO RegisteredPokemon VALUES ('PPOKE043', 'SGEODUDE007', 'TCHRISTY117', NULL, 34, 3400, '2022-12-28');
INSERT INTO RegisteredPokemon VALUES ('PPOKE044', 'SGASTLY008', 'TKIMBERLY052', NULL, 84, 8400, '2022-08-12');
INSERT INTO RegisteredPokemon VALUES ('PPOKE045', 'SONIX009', 'TELIZABETH110', 'Richard', 58, 5800, '2025-01-17');
INSERT INTO RegisteredPokemon VALUES ('PPOKE046', 'SGASTLY008', 'THOLLY131', 'Joseph', 90, 9000, '2025-12-06');
INSERT INTO RegisteredPokemon VALUES ('PPOKE047', 'SGENGAR014', 'TAMY064', 'Paul', 25, 2500, '2020-11-09');
INSERT INTO RegisteredPokemon VALUES ('PPOKE048', 'SGRENINJA019', 'TMICHELLE097', NULL, 22, 2200, '2025-04-11');
INSERT INTO RegisteredPokemon VALUES ('PPOKE049', 'SGARCHOMP017', 'TJOSE033', NULL, 8, 800, '2023-06-08');
INSERT INTO RegisteredPokemon VALUES ('PPOKE050', 'SONIX009', 'TPATRICIA074', 'Bobby', 43, 4300, '2020-04-13');
INSERT INTO RegisteredPokemon VALUES ('PPOKE051', 'SGARDEVOIR018', 'TDEREK107', 'Christine', 11, 1100, '2020-07-06');
INSERT INTO RegisteredPokemon VALUES ('PPOKE052', 'SDRAGONITE015', 'TWILLIAM073', 'Teresa', 51, 5100, '2024-04-03');
INSERT INTO RegisteredPokemon VALUES ('PPOKE053', 'SDRAGONITE015', 'TROBIN043', NULL, 44, 4400, '2024-02-28');
INSERT INTO RegisteredPokemon VALUES ('PPOKE054', 'SLUCARIO016', 'TKAYLA069', NULL, 19, 1900, '2022-02-20');
INSERT INTO RegisteredPokemon VALUES ('PPOKE055', 'SSNORLAX011', 'TCHRISTINE063', 'Marissa', 11, 1100, '2020-04-07');
INSERT INTO RegisteredPokemon VALUES ('PPOKE056', 'SSQUIRTLE003', 'TDENISE147', 'Thomas', 53, 5300, '2022-01-10');
INSERT INTO RegisteredPokemon VALUES ('PPOKE057', 'SLUCARIO016', 'TAPRIL101', 'Wendy', 95, 9500, '2025-09-06');
INSERT INTO RegisteredPokemon VALUES ('PPOKE058', 'SDRAGONITE015', 'TDANA085', 'Kimberly', 87, 8700, '2021-12-11');
INSERT INTO RegisteredPokemon VALUES ('PPOKE059', 'SGRENINJA019', 'TJAMES092', NULL, 86, 8600, '2023-01-21');
INSERT INTO RegisteredPokemon VALUES ('PPOKE060', 'SGYARADOS013', 'TMARC057', NULL, 32, 3200, '2021-07-25');
INSERT INTO RegisteredPokemon VALUES ('PPOKE061', 'SGRENINJA019', 'TPATRICIA074', 'Alan', 16, 1600, '2023-11-06');
INSERT INTO RegisteredPokemon VALUES ('PPOKE062', 'SMEWTWO012', 'TDIANA138', 'Austin', 65, 6500, '2025-06-11');
INSERT INTO RegisteredPokemon VALUES ('PPOKE063', 'SSQUIRTLE003', 'TJULIE075', 'Laura', 54, 5400, '2022-10-28');
INSERT INTO RegisteredPokemon VALUES ('PPOKE064', 'SMEWTWO012', 'TERIN122', 'Kaitlyn', 20, 2000, '2021-05-03');
INSERT INTO RegisteredPokemon VALUES ('PPOKE065', 'SPIKACHU004', 'TMARY061', 'Adrian', 26, 2600, '2025-01-30');
INSERT INTO RegisteredPokemon VALUES ('PPOKE066', 'SGRENINJA019', 'TMARY061', 'Michael', 44, 4400, '2024-07-07');
INSERT INTO RegisteredPokemon VALUES ('PPOKE067', 'SGRENINJA019', 'TTHOMAS145', 'Dustin', 97, 9700, '2022-04-17');
INSERT INTO RegisteredPokemon VALUES ('PPOKE068', 'SGARCHOMP017', 'TPATRICIA074', 'Jeffrey', 24, 2400, '2022-02-27');
INSERT INTO RegisteredPokemon VALUES ('PPOKE069', 'SGENGAR014', 'TDAVID017', 'Randy', 96, 9600, '2023-02-06');
INSERT INTO RegisteredPokemon VALUES ('PPOKE070', 'SEEVEE010', 'TMRXXX149', NULL, 11, 1100, '2022-06-25');
INSERT INTO RegisteredPokemon VALUES ('PPOKE071', 'SBULBASAUR001', 'TJAMES092', NULL, 17, 1700, '2022-10-19');
INSERT INTO RegisteredPokemon VALUES ('PPOKE072', 'SGYARADOS013', 'TKIMBERLY052', NULL, 45, 4500, '2021-08-01');
INSERT INTO RegisteredPokemon VALUES ('PPOKE073', 'SGEODUDE007', 'TWILLIAM081', 'Grace', 83, 8300, '2020-11-01');
INSERT INTO RegisteredPokemon VALUES ('PPOKE074', 'SGYARADOS013', 'TBENJAMIN142', 'Heather', 7, 700, '2023-11-19');
INSERT INTO RegisteredPokemon VALUES ('PPOKE075', 'SGENGAR014', 'TCANDICE042', 'Christine', 91, 9100, '2023-05-22');
INSERT INTO RegisteredPokemon VALUES ('PPOKE076', 'SGEODUDE007', 'TTIMOTHY045', 'Jennifer', 5, 500, '2024-02-18');
INSERT INTO RegisteredPokemon VALUES ('PPOKE077', 'SJIGGLYPUFF005', 'TBRANDON102', 'Amanda', 31, 3100, '2025-04-07');
INSERT INTO RegisteredPokemon VALUES ('PPOKE078', 'SSNORLAX011', 'TKAYLA006', 'Kerri', 36, 3600, '2021-09-10');
INSERT INTO RegisteredPokemon VALUES ('PPOKE079', 'SGARCHOMP017', 'TANNE037', 'Michelle', 49, 4900, '2025-11-20');
INSERT INTO RegisteredPokemon VALUES ('PPOKE080', 'SRAYQUAZA020', 'TBENJAMIN142', 'Philip', 96, 9600, '2022-09-13');
INSERT INTO RegisteredPokemon VALUES ('PPOKE081', 'SGRENINJA019', 'TDAVID032', NULL, 21, 2100, '2021-02-21');
INSERT INTO RegisteredPokemon VALUES ('PPOKE082', 'SGRENINJA019', 'TDANIEL047', 'Michael', 14, 1400, '2021-05-18');
INSERT INTO RegisteredPokemon VALUES ('PPOKE083', 'SGRENINJA019', 'TCHARLES127', 'Jason', 10, 1000, '2023-12-07');
INSERT INTO RegisteredPokemon VALUES ('PPOKE084', 'SGEODUDE007', 'THEATHER079', 'Nicole', 33, 3300, '2024-09-16');
INSERT INTO RegisteredPokemon VALUES ('PPOKE085', 'SSQUIRTLE003', 'TJEFFREY116', NULL, 88, 8800, '2020-02-18');
INSERT INTO RegisteredPokemon VALUES ('PPOKE086', 'SPIKACHU004', 'TALEXANDRIA071', 'Cory', 93, 9300, '2020-07-09');
INSERT INTO RegisteredPokemon VALUES ('PPOKE087', 'SGENGAR014', 'TSTEPHANIE024', 'Julian', 99, 9900, '2021-03-22');
INSERT INTO RegisteredPokemon VALUES ('PPOKE088', 'SLUCARIO016', 'TKELLY015', 'Amanda', 12, 1200, '2022-03-22');
INSERT INTO RegisteredPokemon VALUES ('PPOKE089', 'SGRENINJA019', 'TDANIEL047', 'Cathy', 15, 1500, '2021-06-02');
INSERT INTO RegisteredPokemon VALUES ('PPOKE090', 'SRAYQUAZA020', 'TBRANDON102', 'David', 15, 1500, '2020-08-09');
INSERT INTO RegisteredPokemon VALUES ('PPOKE091', 'SGASTLY008', 'TGABRIEL025', 'Steven', 81, 8100, '2024-09-10');
INSERT INTO RegisteredPokemon VALUES ('PPOKE092', 'SMEWTWO012', 'TSUZANNE055', NULL, 26, 2600, '2025-07-05');
INSERT INTO RegisteredPokemon VALUES ('PPOKE093', 'SJIGGLYPUFF005', 'TKELLY015', NULL, 6, 600, '2021-09-19');
INSERT INTO RegisteredPokemon VALUES ('PPOKE094', 'SJIGGLYPUFF005', 'TALEXANDER068', 'Amanda', 47, 4700, '2023-09-30');
INSERT INTO RegisteredPokemon VALUES ('PPOKE095', 'SGRENINJA019', 'TSCOTT141', 'Jessica', 35, 3500, '2020-10-05');
INSERT INTO RegisteredPokemon VALUES ('PPOKE096', 'SGASTLY008', 'TDANA085', 'Alison', 86, 8600, '2022-07-07');
INSERT INTO RegisteredPokemon VALUES ('PPOKE097', 'SLUCARIO016', 'TMRXXX053', 'Carrie', 84, 8400, '2022-01-08');
INSERT INTO RegisteredPokemon VALUES ('PPOKE098', 'SPIKACHU004', 'TTHOMAS072', NULL, 40, 4000, '2022-03-24');
INSERT INTO RegisteredPokemon VALUES ('PPOKE099', 'SSNORLAX011', 'TBRIAN009', 'Natalie', 59, 5900, '2025-11-20');
INSERT INTO RegisteredPokemon VALUES ('PPOKE100', 'SGASTLY008', 'TANDREW133', 'Megan', 11, 1100, '2023-11-13');
INSERT INTO RegisteredPokemon VALUES ('PPOKE101', 'SGRENINJA019', 'TCHARLES127', 'John', 19, 1900, '2023-01-20');
INSERT INTO RegisteredPokemon VALUES ('PPOKE102', 'SGEODUDE007', 'TMARIA119', 'Jennifer', 59, 5900, '2025-02-03');
INSERT INTO RegisteredPokemon VALUES ('PPOKE103', 'SLUCARIO016', 'TSEAN086', 'Ashley', 38, 3800, '2021-01-27');
INSERT INTO RegisteredPokemon VALUES ('PPOKE104', 'SGRENINJA019', 'TANGELA027', 'Ashley', 33, 3300, '2024-09-04');
INSERT INTO RegisteredPokemon VALUES ('PPOKE105', 'SEEVEE010', 'TWILLIAM073', 'Brian', 73, 7300, '2022-06-11');
INSERT INTO RegisteredPokemon VALUES ('PPOKE106', 'SGENGAR014', 'TMICHAEL001', 'Lisa', 98, 9800, '2023-09-29');
INSERT INTO RegisteredPokemon VALUES ('PPOKE107', 'SLUCARIO016', 'TEDWARD136', NULL, 45, 4500, '2022-04-23');
INSERT INTO RegisteredPokemon VALUES ('PPOKE108', 'SSNORLAX011', 'TMORGAN121', 'Alicia', 18, 1800, '2025-04-24');
INSERT INTO RegisteredPokemon VALUES ('PPOKE109', 'SGRENINJA019', 'TDAVID032', 'Kelly', 75, 7500, '2025-09-29');
INSERT INTO RegisteredPokemon VALUES ('PPOKE110', 'SMEWTWO012', 'TJACK150', NULL, 91, 9100, '2023-08-13');
INSERT INTO RegisteredPokemon VALUES ('PPOKE111', 'SPIKACHU004', 'TEDWARD136', 'Danny', 50, 5000, '2022-07-16');
INSERT INTO RegisteredPokemon VALUES ('PPOKE112', 'SGASTLY008', 'TEDDIE020', 'Jerry', 93, 9300, '2022-08-24');
INSERT INTO RegisteredPokemon VALUES ('PPOKE113', 'SGEODUDE007', 'TERIN065', 'Christy', 22, 2200, '2025-04-16');
INSERT INTO RegisteredPokemon VALUES ('PPOKE114', 'SMACHOP006', 'TCODY036', NULL, 15, 1500, '2024-04-22');
INSERT INTO RegisteredPokemon VALUES ('PPOKE115', 'SDRAGONITE015', 'TLINDSAY040', 'Scott', 84, 8400, '2024-09-26');
INSERT INTO RegisteredPokemon VALUES ('PPOKE116', 'SGARDEVOIR018', 'TALEXANDRIA071', NULL, 40, 4000, '2022-10-15');
INSERT INTO RegisteredPokemon VALUES ('PPOKE117', 'SMEWTWO012', 'TKATRINA014', 'Courtney', 97, 9700, '2020-09-02');
INSERT INTO RegisteredPokemon VALUES ('PPOKE118', 'SDRAGONITE015', 'TBENJAMIN105', 'William', 57, 5700, '2024-01-06');
INSERT INTO RegisteredPokemon VALUES ('PPOKE119', 'SGARDEVOIR018', 'TCALVIN031', NULL, 64, 6400, '2020-03-12');
INSERT INTO RegisteredPokemon VALUES ('PPOKE120', 'SGEODUDE007', 'TMICHELE026', 'Mary', 90, 9000, '2024-10-13');
INSERT INTO RegisteredPokemon VALUES ('PPOKE121', 'SBULBASAUR001', 'TASHLEY070', 'Emily', 67, 6700, '2021-11-18');
INSERT INTO RegisteredPokemon VALUES ('PPOKE122', 'SGASTLY008', 'TARTHUR139', NULL, 91, 9100, '2022-12-31');
INSERT INTO RegisteredPokemon VALUES ('PPOKE123', 'SGENGAR014', 'TANNE037', 'Alexander', 28, 2800, '2021-03-31');
INSERT INTO RegisteredPokemon VALUES ('PPOKE124', 'SSNORLAX011', 'TCORY124', 'Melissa', 84, 8400, '2025-01-15');
INSERT INTO RegisteredPokemon VALUES ('PPOKE125', 'SBULBASAUR001', 'TKEVIN112', 'John', 70, 7000, '2024-12-16');
INSERT INTO RegisteredPokemon VALUES ('PPOKE126', 'SDRAGONITE015', 'TMORGAN121', 'John', 91, 9100, '2025-01-20');
INSERT INTO RegisteredPokemon VALUES ('PPOKE127', 'SGRENINJA019', 'TTAMMY029', NULL, 89, 8900, '2025-08-23');
INSERT INTO RegisteredPokemon VALUES ('PPOKE128', 'SDRAGONITE015', 'TMRXXX149', NULL, 50, 5000, '2021-07-18');
INSERT INTO RegisteredPokemon VALUES ('PPOKE129', 'SGENGAR014', 'TADAM095', 'Sara', 13, 1300, '2024-03-27');
INSERT INTO RegisteredPokemon VALUES ('PPOKE130', 'SSQUIRTLE003', 'TPAUL106', 'Jamie', 39, 3900, '2025-03-25');
INSERT INTO RegisteredPokemon VALUES ('PPOKE131', 'SDRAGONITE015', 'TKEVIN112', NULL, 47, 4700, '2024-03-18');
INSERT INTO RegisteredPokemon VALUES ('PPOKE132', 'SMEWTWO012', 'TJONATHAN021', 'Lindsay', 75, 7500, '2020-12-08');
INSERT INTO RegisteredPokemon VALUES ('PPOKE133', 'SGEODUDE007', 'TEDWARD136', 'Philip', 31, 3100, '2025-04-28');
INSERT INTO RegisteredPokemon VALUES ('PPOKE134', 'SRAYQUAZA020', 'TJOSEPH120', 'Robin', 35, 3500, '2025-02-28');
INSERT INTO RegisteredPokemon VALUES ('PPOKE135', 'SBULBASAUR001', 'TMONIQUE003', 'Christopher', 30, 3000, '2022-06-18');
INSERT INTO RegisteredPokemon VALUES ('PPOKE136', 'SSNORLAX011', 'TCHRISTY117', 'Hannah', 58, 5800, '2025-09-18');
INSERT INTO RegisteredPokemon VALUES ('PPOKE137', 'SPIKACHU004', 'TFRANCISCO076', NULL, 92, 9200, '2024-12-19');
INSERT INTO RegisteredPokemon VALUES ('PPOKE138', 'SEEVEE010', 'TMATTHEW038', 'Elizabeth', 35, 3500, '2024-01-17');
INSERT INTO RegisteredPokemon VALUES ('PPOKE139', 'SGASTLY008', 'TANNE114', NULL, 68, 6800, '2022-08-24');
INSERT INTO RegisteredPokemon VALUES ('PPOKE140', 'SJIGGLYPUFF005', 'TTHOMAS145', NULL, 89, 8900, '2025-09-27');
INSERT INTO RegisteredPokemon VALUES ('PPOKE141', 'SGRENINJA019', 'TDAVID017', 'Lori', 32, 3200, '2022-02-08');
INSERT INTO RegisteredPokemon VALUES ('PPOKE142', 'SGYARADOS013', 'TSHARON113', 'Amber', 37, 3700, '2022-01-07');
INSERT INTO RegisteredPokemon VALUES ('PPOKE143', 'SGYARADOS013', 'TMICHAEL001', 'Jason', 44, 4400, '2021-06-27');
INSERT INTO RegisteredPokemon VALUES ('PPOKE144', 'SCHARMANDER002', 'TELIZABETH110', 'Nicole', 20, 2000, '2021-01-26');
INSERT INTO RegisteredPokemon VALUES ('PPOKE145', 'SJIGGLYPUFF005', 'TKEVIN112', 'James', 29, 2900, '2021-12-18');
INSERT INTO RegisteredPokemon VALUES ('PPOKE146', 'SGEODUDE007', 'TLANCE078', 'Erik', 57, 5700, '2020-08-05');
INSERT INTO RegisteredPokemon VALUES ('PPOKE147', 'SGYARADOS013', 'TJAMES092', NULL, 19, 1900, '2023-11-28');
INSERT INTO RegisteredPokemon VALUES ('PPOKE148', 'SGASTLY008', 'TTIM083', 'Stephen', 63, 6300, '2020-10-28');
INSERT INTO RegisteredPokemon VALUES ('PPOKE149', 'SGRENINJA019', 'TWILLIAM073', 'Joshua', 25, 2500, '2020-01-09');
INSERT INTO RegisteredPokemon VALUES ('PPOKE150', 'SSQUIRTLE003', 'TDAWN046', NULL, 91, 9100, '2023-12-16');
INSERT INTO RegisteredPokemon VALUES ('PPOKE151', 'SGEODUDE007', 'TDAVID032', NULL, 14, 1400, '2020-09-24');
INSERT INTO RegisteredPokemon VALUES ('PPOKE152', 'SGARCHOMP017', 'TMICHAEL080', NULL, 12, 1200, '2020-09-19');
INSERT INTO RegisteredPokemon VALUES ('PPOKE153', 'SJIGGLYPUFF005', 'TMICHAEL080', 'Samuel', 89, 8900, '2024-10-19');
INSERT INTO RegisteredPokemon VALUES ('PPOKE154', 'SONIX009', 'TMICHAEL089', 'Julie', 20, 2000, '2024-05-11');
INSERT INTO RegisteredPokemon VALUES ('PPOKE155', 'SRAYQUAZA020', 'TJOSE033', NULL, 99, 9900, '2022-09-26');
INSERT INTO RegisteredPokemon VALUES ('PPOKE156', 'SSNORLAX011', 'TVICTORIA059', 'Stephanie', 14, 1400, '2021-03-13');
INSERT INTO RegisteredPokemon VALUES ('PPOKE157', 'SONIX009', 'TKENNETH011', 'Sean', 60, 6000, '2025-07-10');
INSERT INTO RegisteredPokemon VALUES ('PPOKE158', 'SGARDEVOIR018', 'TSTEPHANIE024', 'Susan', 90, 9000, '2024-07-28');
INSERT INTO RegisteredPokemon VALUES ('PPOKE159', 'SEEVEE010', 'TLISA041', 'Sarah', 34, 3400, '2020-01-04');
INSERT INTO RegisteredPokemon VALUES ('PPOKE160', 'SLUCARIO016', 'TANTHONY090', NULL, 74, 7400, '2025-12-29');
INSERT INTO RegisteredPokemon VALUES ('PPOKE161', 'SCHARMANDER002', 'TJOHN126', 'Scott', 48, 4800, '2023-02-05');
INSERT INTO RegisteredPokemon VALUES ('PPOKE162', 'SLUCARIO016', 'TJEFFREY039', NULL, 66, 6600, '2023-08-12');
INSERT INTO RegisteredPokemon VALUES ('PPOKE163', 'SGYARADOS013', 'TDAVID082', 'William', 57, 5700, '2020-05-15');
INSERT INTO RegisteredPokemon VALUES ('PPOKE164', 'SSNORLAX011', 'TJOSEPH058', 'Susan', 34, 3400, '2024-05-07');
INSERT INTO RegisteredPokemon VALUES ('PPOKE165', 'SSNORLAX011', 'TCHRISTINE063', NULL, 81, 8100, '2021-12-12');
INSERT INTO RegisteredPokemon VALUES ('PPOKE166', 'SGARCHOMP017', 'TCHRISTY117', 'Michael', 88, 8800, '2020-04-17');
INSERT INTO RegisteredPokemon VALUES ('PPOKE167', 'SGRENINJA019', 'TKATHLEEN130', 'Ariel', 29, 2900, '2022-08-04');
INSERT INTO RegisteredPokemon VALUES ('PPOKE168', 'SGYARADOS013', 'TDANIEL044', 'William', 6, 600, '2022-03-29');
INSERT INTO RegisteredPokemon VALUES ('PPOKE169', 'SPIKACHU004', 'TCODY036', 'Matthew', 33, 3300, '2021-09-19');
INSERT INTO RegisteredPokemon VALUES ('PPOKE170', 'SGEODUDE007', 'TDEREK107', 'Yvette', 20, 2000, '2024-12-27');
INSERT INTO RegisteredPokemon VALUES ('PPOKE171', 'SBULBASAUR001', 'TMRXXX004', 'Luke', 26, 2600, '2024-08-15');
INSERT INTO RegisteredPokemon VALUES ('PPOKE172', 'SMACHOP006', 'TKELLY015', 'Sydney', 85, 8500, '2024-05-25');
INSERT INTO RegisteredPokemon VALUES ('PPOKE173', 'SMACHOP006', 'TCHRISTOPHER100', 'Tanner', 85, 8500, '2024-11-04');
INSERT INTO RegisteredPokemon VALUES ('PPOKE174', 'SDRAGONITE015', 'TMICHAEL080', 'Julian', 19, 1900, '2022-12-31');
INSERT INTO RegisteredPokemon VALUES ('PPOKE175', 'SGARCHOMP017', 'TSCOTT140', 'Caroline', 99, 9900, '2024-10-10');
INSERT INTO RegisteredPokemon VALUES ('PPOKE176', 'SMEWTWO012', 'TSTEVEN115', 'Amy', 71, 7100, '2020-07-18');
INSERT INTO RegisteredPokemon VALUES ('PPOKE177', 'SGARDEVOIR018', 'TMELISSA067', 'Diana', 95, 9500, '2021-12-30');
INSERT INTO RegisteredPokemon VALUES ('PPOKE178', 'SPIKACHU004', 'THEATHER079', 'April', 40, 4000, '2024-08-13');
INSERT INTO RegisteredPokemon VALUES ('PPOKE179', 'SDRAGONITE015', 'TBRANDON066', 'Ethan', 87, 8700, '2021-04-27');
INSERT INTO RegisteredPokemon VALUES ('PPOKE180', 'SGYARADOS013', 'TJEFFREY116', NULL, 18, 1800, '2021-01-01');
INSERT INTO RegisteredPokemon VALUES ('PPOKE181', 'SMACHOP006', 'TLISA041', NULL, 6, 600, '2024-11-12');
INSERT INTO RegisteredPokemon VALUES ('PPOKE182', 'SDRAGONITE015', 'TJENNIFER013', 'Javier', 29, 2900, '2023-03-06');
INSERT INTO RegisteredPokemon VALUES ('PPOKE183', 'SMACHOP006', 'TMRXXX004', 'Emily', 39, 3900, '2025-06-12');
INSERT INTO RegisteredPokemon VALUES ('PPOKE184', 'SGARCHOMP017', 'TANGELA027', NULL, 75, 7500, '2020-12-24');
INSERT INTO RegisteredPokemon VALUES ('PPOKE185', 'SCHARMANDER002', 'TSHARON113', 'Renee', 22, 2200, '2021-01-08');
INSERT INTO RegisteredPokemon VALUES ('PPOKE186', 'SGEODUDE007', 'TMORGAN121', 'Michelle', 98, 9800, '2023-02-15');
INSERT INTO RegisteredPokemon VALUES ('PPOKE187', 'SJIGGLYPUFF005', 'TDOMINIQUE118', 'Arthur', 41, 4100, '2022-02-24');
INSERT INTO RegisteredPokemon VALUES ('PPOKE188', 'SGEODUDE007', 'TMADISON128', 'Shirley', 57, 5700, '2025-12-16');
INSERT INTO RegisteredPokemon VALUES ('PPOKE189', 'SGARCHOMP017', 'TASHLEY129', NULL, 71, 7100, '2024-04-02');
INSERT INTO RegisteredPokemon VALUES ('PPOKE190', 'SSQUIRTLE003', 'TCALVIN031', 'Joshua', 58, 5800, '2024-01-03');
INSERT INTO RegisteredPokemon VALUES ('PPOKE191', 'SMACHOP006', 'TALEXANDRIA071', 'Joy', 98, 9800, '2025-11-12');
INSERT INTO RegisteredPokemon VALUES ('PPOKE192', 'SBULBASAUR001', 'TDENISE147', NULL, 95, 9500, '2024-04-09');
INSERT INTO RegisteredPokemon VALUES ('PPOKE193', 'SGRENINJA019', 'TPAMELA007', 'John', 18, 1800, '2024-08-18');
INSERT INTO RegisteredPokemon VALUES ('PPOKE194', 'SSQUIRTLE003', 'TJORDAN051', 'Kenneth', 37, 3700, '2021-07-31');
INSERT INTO RegisteredPokemon VALUES ('PPOKE195', 'SJIGGLYPUFF005', 'TASHLEY129', 'Eric', 34, 3400, '2024-10-07');
INSERT INTO RegisteredPokemon VALUES ('PPOKE196', 'SGARCHOMP017', 'TWILLIAM081', 'Emily', 96, 9600, '2021-09-12');
INSERT INTO RegisteredPokemon VALUES ('PPOKE197', 'SGYARADOS013', 'TMRXXX053', 'Jo', 5, 500, '2021-06-12');
INSERT INTO RegisteredPokemon VALUES ('PPOKE198', 'SRAYQUAZA020', 'TANGELA027', NULL, 88, 8800, '2023-03-14');
INSERT INTO RegisteredPokemon VALUES ('PPOKE199', 'SSQUIRTLE003', 'TMORGAN121', 'Julie', 88, 8800, '2021-06-14');
INSERT INTO RegisteredPokemon VALUES ('PPOKE200', 'SJIGGLYPUFF005', 'TDRXXX091', NULL, 11, 1100, '2022-12-12');
INSERT INTO RegisteredPokemon VALUES ('PPOKE201', 'SJIGGLYPUFF005', 'TANTHONY090', NULL, 31, 3100, '2022-05-24');
INSERT INTO RegisteredPokemon VALUES ('PPOKE202', 'SRAYQUAZA020', 'TSUZANNE055', NULL, 18, 1800, '2024-04-05');
INSERT INTO RegisteredPokemon VALUES ('PPOKE203', 'SGRENINJA019', 'TCHRISTOPHER100', 'Cynthia', 94, 9400, '2020-12-11');
INSERT INTO RegisteredPokemon VALUES ('PPOKE204', 'SONIX009', 'TVICTORIA059', 'Mary', 96, 9600, '2021-05-30');
INSERT INTO RegisteredPokemon VALUES ('PPOKE205', 'SGRENINJA019', 'TKRISTEN109', NULL, 15, 1500, '2021-07-03');
INSERT INTO RegisteredPokemon VALUES ('PPOKE206', 'SRAYQUAZA020', 'TANNE114', NULL, 36, 3600, '2021-01-09');
INSERT INTO RegisteredPokemon VALUES ('PPOKE207', 'SEEVEE010', 'TLINDSAY040', NULL, 25, 2500, '2023-01-12');
INSERT INTO RegisteredPokemon VALUES ('PPOKE208', 'SMEWTWO012', 'TANDREW133', 'Rachel', 80, 8000, '2024-11-27');
INSERT INTO RegisteredPokemon VALUES ('PPOKE209', 'SMACHOP006', 'TCHARLES127', NULL, 16, 1600, '2025-04-23');
INSERT INTO RegisteredPokemon VALUES ('PPOKE210', 'SRAYQUAZA020', 'TERIN122', 'Joseph', 43, 4300, '2024-07-30');
INSERT INTO RegisteredPokemon VALUES ('PPOKE211', 'SCHARMANDER002', 'TJORDAN103', NULL, 94, 9400, '2020-09-30');
INSERT INTO RegisteredPokemon VALUES ('PPOKE212', 'SGEODUDE007', 'TDOMINIQUE118', NULL, 59, 5900, '2020-11-13');
INSERT INTO RegisteredPokemon VALUES ('PPOKE213', 'SJIGGLYPUFF005', 'TCHRISTY117', NULL, 35, 3500, '2025-02-26');
INSERT INTO RegisteredPokemon VALUES ('PPOKE214', 'SRAYQUAZA020', 'TDEREK107', NULL, 36, 3600, '2023-05-04');
INSERT INTO RegisteredPokemon VALUES ('PPOKE215', 'SJIGGLYPUFF005', 'TGABRIEL025', 'Alice', 82, 8200, '2024-02-08');
INSERT INTO RegisteredPokemon VALUES ('PPOKE216', 'SGEODUDE007', 'TCODY036', NULL, 34, 3400, '2020-12-11');
INSERT INTO RegisteredPokemon VALUES ('PPOKE217', 'SRAYQUAZA020', 'TJEFFREY116', 'Michelle', 36, 3600, '2020-02-19');
INSERT INTO RegisteredPokemon VALUES ('PPOKE218', 'SGARCHOMP017', 'TADAM095', NULL, 97, 9700, '2020-02-24');
INSERT INTO RegisteredPokemon VALUES ('PPOKE219', 'SEEVEE010', 'TCHASE062', 'Peter', 14, 1400, '2023-08-22');
INSERT INTO RegisteredPokemon VALUES ('PPOKE220', 'SRAYQUAZA020', 'TJEFFREY116', 'Michael', 69, 6900, '2023-11-23');
INSERT INTO RegisteredPokemon VALUES ('PPOKE221', 'SRAYQUAZA020', 'TJOSE033', 'Michael', 69, 6900, '2021-11-10');
INSERT INTO RegisteredPokemon VALUES ('PPOKE222', 'SMACHOP006', 'TSEAN086', 'Jennifer', 9, 900, '2023-05-09');
INSERT INTO RegisteredPokemon VALUES ('PPOKE223', 'SJIGGLYPUFF005', 'TDEREK107', 'Tiffany', 84, 8400, '2021-03-20');
INSERT INTO RegisteredPokemon VALUES ('PPOKE224', 'SPIKACHU004', 'TSCOTT141', 'Jennifer', 56, 5600, '2022-04-17');
INSERT INTO RegisteredPokemon VALUES ('PPOKE225', 'SJIGGLYPUFF005', 'TKIMBERLY052', 'Jeffrey', 74, 7400, '2024-11-24');
INSERT INTO RegisteredPokemon VALUES ('PPOKE226', 'SGARDEVOIR018', 'TERIC010', NULL, 89, 8900, '2021-01-04');
INSERT INTO RegisteredPokemon VALUES ('PPOKE227', 'SSQUIRTLE003', 'TCAITLIN094', NULL, 83, 8300, '2025-01-19');
INSERT INTO RegisteredPokemon VALUES ('PPOKE228', 'SGASTLY008', 'TSTEPHANIE024', 'David', 32, 3200, '2025-02-22');
INSERT INTO RegisteredPokemon VALUES ('PPOKE229', 'SMACHOP006', 'TERIN065', NULL, 95, 9500, '2025-08-15');
INSERT INTO RegisteredPokemon VALUES ('PPOKE230', 'SRAYQUAZA020', 'TJOSE033', NULL, 41, 4100, '2023-01-02');
INSERT INTO RegisteredPokemon VALUES ('PPOKE231', 'SMACHOP006', 'TCHRISTINE063', 'Heather', 76, 7600, '2022-11-02');
INSERT INTO RegisteredPokemon VALUES ('PPOKE232', 'SPIKACHU004', 'TWILLIAM081', NULL, 18, 1800, '2020-06-15');
INSERT INTO RegisteredPokemon VALUES ('PPOKE233', 'SGARCHOMP017', 'TANNE037', 'Penny', 8, 800, '2023-03-05');
INSERT INTO RegisteredPokemon VALUES ('PPOKE234', 'SGEODUDE007', 'TDAVID017', 'Emily', 92, 9200, '2024-07-13');
INSERT INTO RegisteredPokemon VALUES ('PPOKE235', 'SCHARMANDER002', 'TANNE037', NULL, 23, 2300, '2021-07-30');
INSERT INTO RegisteredPokemon VALUES ('PPOKE236', 'SSQUIRTLE003', 'TJOSEPH058', 'Anna', 100, 10000, '2025-04-05');
INSERT INTO RegisteredPokemon VALUES ('PPOKE237', 'SJIGGLYPUFF005', 'TKAYLA006', 'Amanda', 56, 5600, '2023-10-11');
INSERT INTO RegisteredPokemon VALUES ('PPOKE238', 'SRAYQUAZA020', 'TLINDSEY098', 'Franklin', 45, 4500, '2020-05-28');
INSERT INTO RegisteredPokemon VALUES ('PPOKE239', 'SGEODUDE007', 'TTIM083', 'Richard', 47, 4700, '2022-05-12');
INSERT INTO RegisteredPokemon VALUES ('PPOKE240', 'SCHARMANDER002', 'TMARC057', NULL, 32, 3200, '2023-01-29');
INSERT INTO RegisteredPokemon VALUES ('PPOKE241', 'SMEWTWO012', 'TSABRINA019', 'Sarah', 44, 4400, '2020-05-10');
INSERT INTO RegisteredPokemon VALUES ('PPOKE242', 'SLUCARIO016', 'TASHLEY129', 'Valerie', 20, 2000, '2020-08-02');
INSERT INTO RegisteredPokemon VALUES ('PPOKE243', 'SLUCARIO016', 'TNICHOLAS056', NULL, 67, 6700, '2024-08-11');
INSERT INTO RegisteredPokemon VALUES ('PPOKE244', 'SBULBASAUR001', 'TEMILY008', 'William', 69, 6900, '2022-08-16');
INSERT INTO RegisteredPokemon VALUES ('PPOKE245', 'SGARDEVOIR018', 'TFRANCISCO076', NULL, 21, 2100, '2024-12-08');
INSERT INTO RegisteredPokemon VALUES ('PPOKE246', 'SMACHOP006', 'THEATHER079', 'Kimberly', 83, 8300, '2022-01-28');
INSERT INTO RegisteredPokemon VALUES ('PPOKE247', 'SGEODUDE007', 'TMICHAEL001', 'Ashley', 37, 3700, '2023-01-27');
INSERT INTO RegisteredPokemon VALUES ('PPOKE248', 'SSQUIRTLE003', 'TDENISE147', 'Charles', 63, 6300, '2023-09-05');
INSERT INTO RegisteredPokemon VALUES ('PPOKE249', 'SMACHOP006', 'TANNA060', NULL, 88, 8800, '2025-08-24');
INSERT INTO RegisteredPokemon VALUES ('PPOKE250', 'SGARDEVOIR018', 'TERIN122', 'Mary', 15, 1500, '2020-04-22');
INSERT INTO RegisteredPokemon VALUES ('PPOKE251', 'SLUCARIO016', 'TJEFFREY039', 'Wesley', 100, 10000, '2025-06-30');
INSERT INTO RegisteredPokemon VALUES ('PPOKE252', 'SGENGAR014', 'TALYSSA146', 'James', 79, 7900, '2020-01-08');
INSERT INTO RegisteredPokemon VALUES ('PPOKE253', 'SGARCHOMP017', 'TJENNIFER013', NULL, 22, 2200, '2020-04-17');
INSERT INTO RegisteredPokemon VALUES ('PPOKE254', 'SSQUIRTLE003', 'TJEFFREY039', 'Mitchell', 61, 6100, '2022-08-11');
INSERT INTO RegisteredPokemon VALUES ('PPOKE255', 'SSQUIRTLE003', 'TDANA085', 'Barbara', 48, 4800, '2024-01-01');
INSERT INTO RegisteredPokemon VALUES ('PPOKE256', 'SMEWTWO012', 'TCAITLIN094', 'Shirley', 32, 3200, '2023-01-30');
INSERT INTO RegisteredPokemon VALUES ('PPOKE257', 'SMEWTWO012', 'TMICHAEL001', 'Christine', 17, 1700, '2024-12-20');
INSERT INTO RegisteredPokemon VALUES ('PPOKE258', 'SLUCARIO016', 'TROBIN016', NULL, 42, 4200, '2025-10-30');
INSERT INTO RegisteredPokemon VALUES ('PPOKE259', 'SONIX009', 'TANGELA027', 'Amanda', 12, 1200, '2020-01-11');
INSERT INTO RegisteredPokemon VALUES ('PPOKE260', 'SLUCARIO016', 'TERIC010', 'Kevin', 52, 5200, '2020-11-10');
INSERT INTO RegisteredPokemon VALUES ('PPOKE261', 'SGARDEVOIR018', 'TJAMES092', 'Jennifer', 100, 10000, '2023-04-07');
INSERT INTO RegisteredPokemon VALUES ('PPOKE262', 'SRAYQUAZA020', 'TANTHONY090', 'William', 35, 3500, '2023-06-09');
INSERT INTO RegisteredPokemon VALUES ('PPOKE263', 'SCHARMANDER002', 'TBRANDI088', 'Fernando', 60, 6000, '2023-02-13');
INSERT INTO RegisteredPokemon VALUES ('PPOKE264', 'SGARCHOMP017', 'TSCOTT140', NULL, 40, 4000, '2025-06-27');
INSERT INTO RegisteredPokemon VALUES ('PPOKE265', 'SGASTLY008', 'TKENNETH011', NULL, 53, 5300, '2025-02-03');
INSERT INTO RegisteredPokemon VALUES ('PPOKE266', 'SBULBASAUR001', 'TMICHELLE077', NULL, 8, 800, '2023-03-15');
INSERT INTO RegisteredPokemon VALUES ('PPOKE267', 'SGEODUDE007', 'TJOSEPH120', 'Daniel', 67, 6700, '2022-12-22');
INSERT INTO RegisteredPokemon VALUES ('PPOKE268', 'SGRENINJA019', 'TKATHERINE030', 'Jesse', 92, 9200, '2020-04-03');
INSERT INTO RegisteredPokemon VALUES ('PPOKE269', 'SLUCARIO016', 'TJONATHAN021', 'Linda', 89, 8900, '2024-04-21');
INSERT INTO RegisteredPokemon VALUES ('PPOKE270', 'SSQUIRTLE003', 'TCHARLES127', 'Ryan', 97, 9700, '2021-01-22');
INSERT INTO RegisteredPokemon VALUES ('PPOKE271', 'SGEODUDE007', 'TALEXANDER068', 'Jessica', 37, 3700, '2024-10-14');
INSERT INTO RegisteredPokemon VALUES ('PPOKE272', 'SJIGGLYPUFF005', 'TSCOTT140', 'Gabriela', 25, 2500, '2024-08-13');
INSERT INTO RegisteredPokemon VALUES ('PPOKE273', 'SBULBASAUR001', 'TSCOTT141', 'Amber', 18, 1800, '2025-09-06');
INSERT INTO RegisteredPokemon VALUES ('PPOKE274', 'SPIKACHU004', 'TERIC010', 'Andrea', 99, 9900, '2020-07-25');
INSERT INTO RegisteredPokemon VALUES ('PPOKE275', 'SMACHOP006', 'TCORY124', NULL, 79, 7900, '2023-09-18');
INSERT INTO RegisteredPokemon VALUES ('PPOKE276', 'SGENGAR014', 'TMARY099', 'Darren', 46, 4600, '2022-06-01');
INSERT INTO RegisteredPokemon VALUES ('PPOKE277', 'SGENGAR014', 'TJOHNNY049', NULL, 68, 6800, '2024-02-03');
INSERT INTO RegisteredPokemon VALUES ('PPOKE278', 'SDRAGONITE015', 'TKAYLA069', 'Lindsay', 91, 9100, '2023-07-17');
INSERT INTO RegisteredPokemon VALUES ('PPOKE279', 'SGARCHOMP017', 'TJESUS012', 'Jason', 85, 8500, '2025-01-14');
INSERT INTO RegisteredPokemon VALUES ('PPOKE280', 'SGEODUDE007', 'TDENISE147', 'Allen', 86, 8600, '2021-12-02');
INSERT INTO RegisteredPokemon VALUES ('PPOKE281', 'SSQUIRTLE003', 'TMICHELLE077', 'Michelle', 46, 4600, '2025-05-22');
INSERT INTO RegisteredPokemon VALUES ('PPOKE282', 'SCHARMANDER002', 'TJENNIFER013', 'Michael', 30, 3000, '2022-06-29');
INSERT INTO RegisteredPokemon VALUES ('PPOKE283', 'SGASTLY008', 'TVICTORIA059', 'Dustin', 90, 9000, '2025-07-10');
INSERT INTO RegisteredPokemon VALUES ('PPOKE284', 'SSQUIRTLE003', 'TBENJAMIN142', 'Susan', 97, 9700, '2025-10-05');
INSERT INTO RegisteredPokemon VALUES ('PPOKE285', 'SGRENINJA019', 'TANGELA027', NULL, 52, 5200, '2024-10-15');
INSERT INTO RegisteredPokemon VALUES ('PPOKE286', 'SBULBASAUR001', 'TSEAN086', NULL, 39, 3900, '2021-07-02');
INSERT INTO RegisteredPokemon VALUES ('PPOKE287', 'SGRENINJA019', 'TROBERT148', NULL, 20, 2000, '2025-01-02');
INSERT INTO RegisteredPokemon VALUES ('PPOKE288', 'SONIX009', 'TTREVOR087', NULL, 19, 1900, '2024-11-13');
INSERT INTO RegisteredPokemon VALUES ('PPOKE289', 'SSNORLAX011', 'TVICTORIA059', 'Tara', 98, 9800, '2020-03-20');
INSERT INTO RegisteredPokemon VALUES ('PPOKE290', 'SGENGAR014', 'TLISA041', 'Paul', 16, 1600, '2025-10-31');
INSERT INTO RegisteredPokemon VALUES ('PPOKE291', 'SPIKACHU004', 'TDANA085', 'David', 93, 9300, '2024-07-24');
INSERT INTO RegisteredPokemon VALUES ('PPOKE292', 'SLUCARIO016', 'TLISA041', 'Deanna', 5, 500, '2020-05-14');
INSERT INTO RegisteredPokemon VALUES ('PPOKE293', 'SBULBASAUR001', 'TROBIN016', NULL, 90, 9000, '2024-08-06');
INSERT INTO RegisteredPokemon VALUES ('PPOKE294', 'SJIGGLYPUFF005', 'TDIANA138', 'Ian', 33, 3300, '2025-01-19');
INSERT INTO RegisteredPokemon VALUES ('PPOKE295', 'SGYARADOS013', 'TMARIA119', 'Alexander', 25, 2500, '2025-07-11');
INSERT INTO RegisteredPokemon VALUES ('PPOKE296', 'SGARCHOMP017', 'TKELLY132', 'Melissa', 73, 7300, '2025-09-26');
INSERT INTO RegisteredPokemon VALUES ('PPOKE297', 'SBULBASAUR001', 'TJORDAN051', 'Scott', 17, 1700, '2022-03-15');
INSERT INTO RegisteredPokemon VALUES ('PPOKE298', 'SPIKACHU004', 'TDIANE111', NULL, 53, 5300, '2025-08-15');
INSERT INTO RegisteredPokemon VALUES ('PPOKE299', 'SGASTLY008', 'TTIMOTHY045', NULL, 97, 9700, '2022-12-10');
INSERT INTO RegisteredPokemon VALUES ('PPOKE300', 'SSQUIRTLE003', 'TMARY061', 'Mark', 26, 2600, '2023-08-13');
INSERT INTO RegisteredPokemon VALUES ('PPOKE301', 'SCHARMANDER002', 'TROBIN043', 'Sean', 13, 1300, '2024-12-02');
INSERT INTO RegisteredPokemon VALUES ('PPOKE302', 'SSNORLAX011', 'TKATHERINE030', 'Summer', 7, 700, '2024-09-03');
INSERT INTO RegisteredPokemon VALUES ('PPOKE303', 'SLUCARIO016', 'TEBONY137', 'John', 33, 3300, '2021-12-23');
INSERT INTO RegisteredPokemon VALUES ('PPOKE304', 'SEEVEE010', 'TDANIEL047', 'Alyssa', 99, 9900, '2022-04-17');
INSERT INTO RegisteredPokemon VALUES ('PPOKE305', 'SSQUIRTLE003', 'TKRISTIN048', 'Joel', 97, 9700, '2025-03-23');
INSERT INTO RegisteredPokemon VALUES ('PPOKE306', 'SJIGGLYPUFF005', 'TBRANDI088', 'Scott', 58, 5800, '2023-11-09');
INSERT INTO RegisteredPokemon VALUES ('PPOKE307', 'SSNORLAX011', 'TALEXANDER068', 'Joseph', 49, 4900, '2020-05-22');
INSERT INTO RegisteredPokemon VALUES ('PPOKE308', 'SGARCHOMP017', 'TANDREW133', 'Jessica', 10, 1000, '2020-03-11');
INSERT INTO RegisteredPokemon VALUES ('PPOKE309', 'SMACHOP006', 'TPAMELA007', NULL, 50, 5000, '2024-12-15');
INSERT INTO RegisteredPokemon VALUES ('PPOKE310', 'SCHARMANDER002', 'TMARY061', NULL, 91, 9100, '2020-12-26');
INSERT INTO RegisteredPokemon VALUES ('PPOKE311', 'SONIX009', 'TLINDSEY098', 'Wendy', 85, 8500, '2021-12-28');
INSERT INTO RegisteredPokemon VALUES ('PPOKE312', 'SDRAGONITE015', 'TMELISSA067', NULL, 70, 7000, '2023-12-07');
INSERT INTO RegisteredPokemon VALUES ('PPOKE313', 'SBULBASAUR001', 'TARTHUR139', 'Brent', 25, 2500, '2020-09-05');
INSERT INTO RegisteredPokemon VALUES ('PPOKE314', 'SEEVEE010', 'TPAMELA007', 'Julie', 73, 7300, '2022-02-17');
INSERT INTO RegisteredPokemon VALUES ('PPOKE315', 'SRAYQUAZA020', 'TARTHUR139', 'Molly', 6, 600, '2022-04-20');
INSERT INTO RegisteredPokemon VALUES ('PPOKE316', 'SDRAGONITE015', 'TLYNN005', 'Nathaniel', 87, 8700, '2022-09-26');
INSERT INTO RegisteredPokemon VALUES ('PPOKE317', 'SGRENINJA019', 'TANNE114', 'John', 70, 7000, '2024-01-28');
INSERT INTO RegisteredPokemon VALUES ('PPOKE318', 'SSNORLAX011', 'TMICHAEL080', NULL, 63, 6300, '2021-10-14');
INSERT INTO RegisteredPokemon VALUES ('PPOKE319', 'SGARDEVOIR018', 'TBENJAMIN142', 'Laura', 91, 9100, '2024-05-06');
INSERT INTO RegisteredPokemon VALUES ('PPOKE320', 'SSNORLAX011', 'TFRANCISCO076', 'Edwin', 64, 6400, '2024-11-21');
INSERT INTO RegisteredPokemon VALUES ('PPOKE321', 'SGRENINJA019', 'TTIMOTHY045', 'Chelsea', 98, 9800, '2025-03-13');
INSERT INTO RegisteredPokemon VALUES ('PPOKE322', 'SGEODUDE007', 'TKATRINA014', 'Stacey', 11, 1100, '2025-12-04');
INSERT INTO RegisteredPokemon VALUES ('PPOKE323', 'SRAYQUAZA020', 'TBENJAMIN142', 'Leah', 15, 1500, '2021-10-05');
INSERT INTO RegisteredPokemon VALUES ('PPOKE324', 'SMEWTWO012', 'TAMY064', 'Katherine', 52, 5200, '2022-11-21');
INSERT INTO RegisteredPokemon VALUES ('PPOKE325', 'SGASTLY008', 'TSTEVEN115', 'Jason', 55, 5500, '2022-06-14');
INSERT INTO RegisteredPokemon VALUES ('PPOKE326', 'SMEWTWO012', 'TJEFFREY116', 'Harold', 85, 8500, '2023-05-27');
INSERT INTO RegisteredPokemon VALUES ('PPOKE327', 'SJIGGLYPUFF005', 'TCHASE062', 'Hannah', 12, 1200, '2021-12-12');
INSERT INTO RegisteredPokemon VALUES ('PPOKE328', 'SPIKACHU004', 'TMRXXX004', 'Jasmin', 64, 6400, '2024-07-10');
INSERT INTO RegisteredPokemon VALUES ('PPOKE329', 'SGENGAR014', 'TJASMINE018', NULL, 60, 6000, '2020-10-11');
INSERT INTO RegisteredPokemon VALUES ('PPOKE330', 'SMEWTWO012', 'TDEBRA125', 'Sandra', 54, 5400, '2022-02-11');
INSERT INTO RegisteredPokemon VALUES ('PPOKE331', 'SONIX009', 'TAPRIL101', 'Brandi', 85, 8500, '2023-02-01');
INSERT INTO RegisteredPokemon VALUES ('PPOKE332', 'SEEVEE010', 'TERIN122', 'Matthew', 38, 3800, '2025-03-01');
INSERT INTO RegisteredPokemon VALUES ('PPOKE333', 'SGARCHOMP017', 'THOLLY131', 'Brandon', 55, 5500, '2021-12-04');
INSERT INTO RegisteredPokemon VALUES ('PPOKE334', 'SGRENINJA019', 'TCALVIN031', 'Jordan', 6, 600, '2024-08-29');
INSERT INTO RegisteredPokemon VALUES ('PPOKE335', 'SGYARADOS013', 'TANDREW133', 'Jeremiah', 66, 6600, '2025-02-09');
INSERT INTO RegisteredPokemon VALUES ('PPOKE336', 'SRAYQUAZA020', 'TTIMOTHY045', 'Holly', 19, 1900, '2025-11-20');
INSERT INTO RegisteredPokemon VALUES ('PPOKE337', 'SSNORLAX011', 'TKIMBERLY052', 'Lori', 35, 3500, '2020-08-31');
INSERT INTO RegisteredPokemon VALUES ('PPOKE338', 'SRAYQUAZA020', 'TBENJAMIN142', NULL, 13, 1300, '2024-03-05');
INSERT INTO RegisteredPokemon VALUES ('PPOKE339', 'SDRAGONITE015', 'TJAMES092', 'Jason', 89, 8900, '2025-09-25');
INSERT INTO RegisteredPokemon VALUES ('PPOKE340', 'SGASTLY008', 'TLISA041', NULL, 72, 7200, '2023-09-07');
INSERT INTO RegisteredPokemon VALUES ('PPOKE341', 'SJIGGLYPUFF005', 'TKATHERINE030', NULL, 45, 4500, '2020-04-10');
INSERT INTO RegisteredPokemon VALUES ('PPOKE342', 'SONIX009', 'TPATRICIA035', 'Lisa', 34, 3400, '2025-01-18');
INSERT INTO RegisteredPokemon VALUES ('PPOKE343', 'SSQUIRTLE003', 'TDRXXX091', 'Dominic', 69, 6900, '2024-01-12');
INSERT INTO RegisteredPokemon VALUES ('PPOKE344', 'SEEVEE010', 'TERIC010', NULL, 69, 6900, '2020-01-09');
INSERT INTO RegisteredPokemon VALUES ('PPOKE345', 'SLUCARIO016', 'TWILLIAM081', 'Tina', 43, 4300, '2021-09-02');
INSERT INTO RegisteredPokemon VALUES ('PPOKE346', 'SMEWTWO012', 'TPATRICIA035', NULL, 7, 700, '2022-12-24');
INSERT INTO RegisteredPokemon VALUES ('PPOKE347', 'SJIGGLYPUFF005', 'TMRXXX149', NULL, 50, 5000, '2024-03-28');
INSERT INTO RegisteredPokemon VALUES ('PPOKE348', 'SSQUIRTLE003', 'TROBERT144', 'Michael', 8, 800, '2023-02-08');
INSERT INTO RegisteredPokemon VALUES ('PPOKE349', 'SGEODUDE007', 'TANDREW133', 'Sarah', 65, 6500, '2022-04-19');
INSERT INTO RegisteredPokemon VALUES ('PPOKE350', 'SGARDEVOIR018', 'TERIN065', NULL, 28, 2800, '2023-08-26');
INSERT INTO RegisteredPokemon VALUES ('PPOKE351', 'SMEWTWO012', 'TBRIAN009', NULL, 93, 9300, '2023-11-24');
INSERT INTO RegisteredPokemon VALUES ('PPOKE352', 'SSQUIRTLE003', 'TKELSEY002', NULL, 76, 7600, '2021-03-08');
INSERT INTO RegisteredPokemon VALUES ('PPOKE353', 'SGYARADOS013', 'TWILLIAM134', 'Seth', 36, 3600, '2024-07-20');
INSERT INTO RegisteredPokemon VALUES ('PPOKE354', 'SGARCHOMP017', 'TROBERT144', 'James', 56, 5600, '2025-06-21');
INSERT INTO RegisteredPokemon VALUES ('PPOKE355', 'SMEWTWO012', 'TMADISON128', NULL, 57, 5700, '2024-10-29');
INSERT INTO RegisteredPokemon VALUES ('PPOKE356', 'SGYARADOS013', 'TCHRISTOPHER100', 'Anthony', 66, 6600, '2022-05-04');
INSERT INTO RegisteredPokemon VALUES ('PPOKE357', 'SGASTLY008', 'TBENJAMIN105', 'Brandi', 86, 8600, '2021-03-24');
INSERT INTO RegisteredPokemon VALUES ('PPOKE358', 'SGARDEVOIR018', 'TERIC010', 'Timothy', 40, 4000, '2024-09-08');
INSERT INTO RegisteredPokemon VALUES ('PPOKE359', 'SGARCHOMP017', 'TDANA085', 'Rachel', 76, 7600, '2021-10-12');
INSERT INTO RegisteredPokemon VALUES ('PPOKE360', 'SGENGAR014', 'TDAVID017', NULL, 33, 3300, '2020-08-31');
INSERT INTO RegisteredPokemon VALUES ('PPOKE361', 'SDRAGONITE015', 'TCOURTNEY123', 'Caleb', 28, 2800, '2022-01-07');
INSERT INTO RegisteredPokemon VALUES ('PPOKE362', 'SGASTLY008', 'TSHARON113', NULL, 64, 6400, '2020-11-29');
INSERT INTO RegisteredPokemon VALUES ('PPOKE363', 'SRAYQUAZA020', 'TKENNETH023', NULL, 27, 2700, '2025-11-12');
INSERT INTO RegisteredPokemon VALUES ('PPOKE364', 'SGRENINJA019', 'TBENJAMIN142', 'Linda', 17, 1700, '2022-11-22');
INSERT INTO RegisteredPokemon VALUES ('PPOKE365', 'SSNORLAX011', 'TMARIA119', NULL, 9, 900, '2021-11-22');
INSERT INTO RegisteredPokemon VALUES ('PPOKE366', 'SGARCHOMP017', 'TELIZABETH110', 'Jonathan', 12, 1200, '2021-08-15');
INSERT INTO RegisteredPokemon VALUES ('PPOKE367', 'SRAYQUAZA020', 'TMICHELLE077', NULL, 56, 5600, '2025-02-15');
INSERT INTO RegisteredPokemon VALUES ('PPOKE368', 'SGRENINJA019', 'TELIZABETH110', 'Trevor', 72, 7200, '2024-04-25');
INSERT INTO RegisteredPokemon VALUES ('PPOKE369', 'SGENGAR014', 'TBARBARA022', NULL, 78, 7800, '2025-11-26');
INSERT INTO RegisteredPokemon VALUES ('PPOKE370', 'SGYARADOS013', 'TFRANCISCO076', 'Vanessa', 15, 1500, '2020-01-08');
INSERT INTO RegisteredPokemon VALUES ('PPOKE371', 'SGARCHOMP017', 'TKAYLA006', 'Brandon', 59, 5900, '2023-06-06');
INSERT INTO RegisteredPokemon VALUES ('PPOKE372', 'SSNORLAX011', 'TSUZANNE055', 'Susan', 92, 9200, '2022-11-25');
INSERT INTO RegisteredPokemon VALUES ('PPOKE373', 'SSQUIRTLE003', 'TARTHUR139', 'Melody', 95, 9500, '2022-08-11');
INSERT INTO RegisteredPokemon VALUES ('PPOKE374', 'SGRENINJA019', 'TERIN065', NULL, 23, 2300, '2020-11-10');
INSERT INTO RegisteredPokemon VALUES ('PPOKE375', 'SGASTLY008', 'TANNE114', 'Lisa', 80, 8000, '2023-04-16');
INSERT INTO RegisteredPokemon VALUES ('PPOKE376', 'SONIX009', 'TSTEPHANIE024', NULL, 60, 6000, '2022-09-24');
INSERT INTO RegisteredPokemon VALUES ('PPOKE377', 'SSQUIRTLE003', 'TKAYLA006', 'Lisa', 22, 2200, '2023-05-12');
INSERT INTO RegisteredPokemon VALUES ('PPOKE378', 'SCHARMANDER002', 'TROBERT148', 'Sean', 30, 3000, '2022-11-10');
INSERT INTO RegisteredPokemon VALUES ('PPOKE379', 'SGRENINJA019', 'TMRXXX053', NULL, 23, 2300, '2023-10-15');
INSERT INTO RegisteredPokemon VALUES ('PPOKE380', 'SEEVEE010', 'TCHRISTINE063', 'Brenda', 28, 2800, '2025-06-24');
INSERT INTO RegisteredPokemon VALUES ('PPOKE381', 'SMACHOP006', 'TKATHLEEN130', 'Sabrina', 96, 9600, '2024-02-12');
INSERT INTO RegisteredPokemon VALUES ('PPOKE382', 'SMEWTWO012', 'TJAMES084', 'Alexander', 34, 3400, '2022-01-31');
INSERT INTO RegisteredPokemon VALUES ('PPOKE383', 'SONIX009', 'TASHLEY070', 'Adam', 5, 500, '2023-04-04');
INSERT INTO RegisteredPokemon VALUES ('PPOKE384', 'SGYARADOS013', 'TKENNETH011', 'Nicole', 15, 1500, '2025-07-11');
INSERT INTO RegisteredPokemon VALUES ('PPOKE385', 'SBULBASAUR001', 'TMADISON128', 'Dawn', 56, 5600, '2024-10-24');
INSERT INTO RegisteredPokemon VALUES ('PPOKE386', 'SRAYQUAZA020', 'TMRXXX149', 'Brandon', 96, 9600, '2020-04-25');
INSERT INTO RegisteredPokemon VALUES ('PPOKE387', 'SPIKACHU004', 'TPAUL106', NULL, 8, 800, '2022-09-24');
INSERT INTO RegisteredPokemon VALUES ('PPOKE388', 'SGRENINJA019', 'TDAWN046', NULL, 66, 6600, '2022-12-15');
INSERT INTO RegisteredPokemon VALUES ('PPOKE389', 'SRAYQUAZA020', 'TCHARLES127', 'William', 21, 2100, '2020-07-23');
INSERT INTO RegisteredPokemon VALUES ('PPOKE390', 'SSQUIRTLE003', 'TMRXXX053', 'Jerry', 23, 2300, '2025-07-28');
INSERT INTO RegisteredPokemon VALUES ('PPOKE391', 'SPIKACHU004', 'TWILLIAM081', 'Jennifer', 66, 6600, '2021-08-17');
INSERT INTO RegisteredPokemon VALUES ('PPOKE392', 'SJIGGLYPUFF005', 'TCORY124', 'Gabrielle', 71, 7100, '2020-01-22');
INSERT INTO RegisteredPokemon VALUES ('PPOKE393', 'SGRENINJA019', 'TASHLEY129', 'Daniel', 28, 2800, '2023-01-09');
INSERT INTO RegisteredPokemon VALUES ('PPOKE394', 'SLUCARIO016', 'TMRS096', 'Tamara', 48, 4800, '2021-08-29');
INSERT INTO RegisteredPokemon VALUES ('PPOKE395', 'SGARCHOMP017', 'TWILLIAM134', 'Juan', 7, 700, '2022-07-15');
INSERT INTO RegisteredPokemon VALUES ('PPOKE396', 'SDRAGONITE015', 'TMORGAN121', NULL, 91, 9100, '2025-10-20');
INSERT INTO RegisteredPokemon VALUES ('PPOKE397', 'SGASTLY008', 'TBRANDON102', 'Daniel', 92, 9200, '2023-09-19');
INSERT INTO RegisteredPokemon VALUES ('PPOKE398', 'SMACHOP006', 'TDUSTIN108', 'Christina', 27, 2700, '2020-06-22');
INSERT INTO RegisteredPokemon VALUES ('PPOKE399', 'SGENGAR014', 'TKENNETH011', NULL, 71, 7100, '2022-11-16');
INSERT INTO RegisteredPokemon VALUES ('PPOKE400', 'SGYARADOS013', 'TTIMOTHY045', NULL, 34, 3400, '2025-06-21');
INSERT INTO RegisteredPokemon VALUES ('PPOKE401', 'SBULBASAUR001', 'TMRXXX053', 'Melinda', 37, 3700, '2021-06-27');
INSERT INTO RegisteredPokemon VALUES ('PPOKE402', 'SPIKACHU004', 'TBRANDI088', 'Jonathan', 69, 6900, '2022-02-22');
INSERT INTO RegisteredPokemon VALUES ('PPOKE403', 'SONIX009', 'TBRANDON066', 'Dakota', 96, 9600, '2020-11-11');
INSERT INTO RegisteredPokemon VALUES ('PPOKE404', 'SJIGGLYPUFF005', 'TAPRIL101', 'Stephen', 87, 8700, '2021-11-27');
INSERT INTO RegisteredPokemon VALUES ('PPOKE405', 'SGEODUDE007', 'TAPRIL101', NULL, 24, 2400, '2024-01-25');
INSERT INTO RegisteredPokemon VALUES ('PPOKE406', 'SSNORLAX011', 'TPATRICIA074', 'Devon', 49, 4900, '2025-11-07');
INSERT INTO RegisteredPokemon VALUES ('PPOKE407', 'SLUCARIO016', 'TBENJAMIN105', 'Susan', 26, 2600, '2024-05-01');
INSERT INTO RegisteredPokemon VALUES ('PPOKE408', 'SMACHOP006', 'TCHRISTINE063', 'Jesus', 49, 4900, '2024-10-08');
INSERT INTO RegisteredPokemon VALUES ('PPOKE409', 'SEEVEE010', 'TDAWN046', NULL, 6, 600, '2025-03-09');
INSERT INTO RegisteredPokemon VALUES ('PPOKE410', 'SGRENINJA019', 'TLINDSAY040', 'Valerie', 78, 7800, '2024-07-22');
INSERT INTO RegisteredPokemon VALUES ('PPOKE411', 'SGRENINJA019', 'TALYSSA104', 'Michael', 63, 6300, '2020-08-22');
INSERT INTO RegisteredPokemon VALUES ('PPOKE412', 'SGASTLY008', 'TCAITLIN094', 'Sarah', 55, 5500, '2020-01-02');
INSERT INTO RegisteredPokemon VALUES ('PPOKE413', 'SMACHOP006', 'TFRANCISCO076', 'Christine', 67, 6700, '2025-05-13');
INSERT INTO RegisteredPokemon VALUES ('PPOKE414', 'SDRAGONITE015', 'TALEXANDER068', 'Elizabeth', 62, 6200, '2020-12-26');
INSERT INTO RegisteredPokemon VALUES ('PPOKE415', 'SCHARMANDER002', 'TTERRY143', 'Shawn', 9, 900, '2024-06-16');
INSERT INTO RegisteredPokemon VALUES ('PPOKE416', 'SSNORLAX011', 'TALEXANDRIA071', 'Katherine', 90, 9000, '2023-05-15');
INSERT INTO RegisteredPokemon VALUES ('PPOKE417', 'SCHARMANDER002', 'TKATHERINE030', 'Thomas', 47, 4700, '2023-01-30');
INSERT INTO RegisteredPokemon VALUES ('PPOKE418', 'SGEODUDE007', 'TCHARLES127', NULL, 34, 3400, '2021-03-02');
INSERT INTO RegisteredPokemon VALUES ('PPOKE419', 'SGYARADOS013', 'TALEXANDER068', 'William', 59, 5900, '2022-01-03');
INSERT INTO RegisteredPokemon VALUES ('PPOKE420', 'SMEWTWO012', 'TJULIE075', NULL, 48, 4800, '2021-07-13');
INSERT INTO RegisteredPokemon VALUES ('PPOKE421', 'SLUCARIO016', 'TARTHUR139', NULL, 58, 5800, '2022-10-08');
INSERT INTO RegisteredPokemon VALUES ('PPOKE422', 'SGARDEVOIR018', 'TAMY064', 'Christina', 78, 7800, '2022-07-21');
INSERT INTO RegisteredPokemon VALUES ('PPOKE423', 'SBULBASAUR001', 'TMICHELLE097', NULL, 55, 5500, '2020-02-21');
INSERT INTO RegisteredPokemon VALUES ('PPOKE424', 'SONIX009', 'TDIANE111', NULL, 33, 3300, '2021-11-21');
INSERT INTO RegisteredPokemon VALUES ('PPOKE425', 'SBULBASAUR001', 'TROBIN016', 'Jessica', 47, 4700, '2020-12-26');
INSERT INTO RegisteredPokemon VALUES ('PPOKE426', 'SEEVEE010', 'TDRXXX091', 'Rebecca', 25, 2500, '2025-03-23');
INSERT INTO RegisteredPokemon VALUES ('PPOKE427', 'SPIKACHU004', 'TASHLEY129', 'Jeremy', 60, 6000, '2020-07-03');
INSERT INTO RegisteredPokemon VALUES ('PPOKE428', 'SMEWTWO012', 'TMARY099', NULL, 54, 5400, '2025-06-10');
INSERT INTO RegisteredPokemon VALUES ('PPOKE429', 'SGARCHOMP017', 'TSCOTT141', 'Edward', 8, 800, '2025-06-30');
INSERT INTO RegisteredPokemon VALUES ('PPOKE430', 'SGYARADOS013', 'TDANIEL047', 'Sharon', 60, 6000, '2022-06-04');
INSERT INTO RegisteredPokemon VALUES ('PPOKE431', 'SJIGGLYPUFF005', 'TBRANDI088', NULL, 42, 4200, '2025-01-04');
INSERT INTO RegisteredPokemon VALUES ('PPOKE432', 'SONIX009', 'TPAUL106', 'Kimberly', 43, 4300, '2023-07-20');
INSERT INTO RegisteredPokemon VALUES ('PPOKE433', 'SEEVEE010', 'TTREVOR087', 'Anthony', 40, 4000, '2020-02-03');
INSERT INTO RegisteredPokemon VALUES ('PPOKE434', 'SCHARMANDER002', 'TKATHLEEN130', NULL, 6, 600, '2023-10-11');
INSERT INTO RegisteredPokemon VALUES ('PPOKE435', 'SLUCARIO016', 'TADAM095', 'Amber', 63, 6300, '2025-03-31');
INSERT INTO RegisteredPokemon VALUES ('PPOKE436', 'SRAYQUAZA020', 'TROBIN016', NULL, 70, 7000, '2021-05-18');
INSERT INTO RegisteredPokemon VALUES ('PPOKE437', 'SGENGAR014', 'TCODY036', NULL, 81, 8100, '2021-06-21');
INSERT INTO RegisteredPokemon VALUES ('PPOKE438', 'SDRAGONITE015', 'TKELSEY002', 'Daisy', 16, 1600, '2020-02-16');
INSERT INTO RegisteredPokemon VALUES ('PPOKE439', 'SBULBASAUR001', 'TASHLEY070', 'Olivia', 45, 4500, '2024-11-23');
INSERT INTO RegisteredPokemon VALUES ('PPOKE440', 'SSNORLAX011', 'TCHRISTOPHER034', NULL, 83, 8300, '2022-10-02');
INSERT INTO RegisteredPokemon VALUES ('PPOKE441', 'SGYARADOS013', 'TGABRIEL025', 'Gregory', 7, 700, '2024-04-20');
INSERT INTO RegisteredPokemon VALUES ('PPOKE442', 'SRAYQUAZA020', 'TCHRISTINE063', NULL, 31, 3100, '2020-06-19');
INSERT INTO RegisteredPokemon VALUES ('PPOKE443', 'SRAYQUAZA020', 'TCAMERON135', 'Heidi', 49, 4900, '2025-04-09');
INSERT INTO RegisteredPokemon VALUES ('PPOKE444', 'SBULBASAUR001', 'TDANA085', NULL, 73, 7300, '2021-11-15');
INSERT INTO RegisteredPokemon VALUES ('PPOKE445', 'SEEVEE010', 'TWILLIAM134', NULL, 55, 5500, '2022-01-21');
INSERT INTO RegisteredPokemon VALUES ('PPOKE446', 'SJIGGLYPUFF005', 'TPAUL106', 'David', 23, 2300, '2025-02-26');
INSERT INTO RegisteredPokemon VALUES ('PPOKE447', 'SGEODUDE007', 'THEATHER079', 'Yvonne', 15, 1500, '2025-04-17');
INSERT INTO RegisteredPokemon VALUES ('PPOKE448', 'SONIX009', 'TPAUL106', 'Michelle', 97, 9700, '2021-08-02');
INSERT INTO RegisteredPokemon VALUES ('PPOKE449', 'SGASTLY008', 'TJOHN126', 'Lauren', 92, 9200, '2023-04-03');
INSERT INTO RegisteredPokemon VALUES ('PPOKE450', 'SGARDEVOIR018', 'TBRANDI088', 'Michael', 55, 5500, '2021-07-10');
INSERT INTO RegisteredPokemon VALUES ('PPOKE451', 'SEEVEE010', 'TJEFFREY116', 'Heather', 49, 4900, '2021-01-28');
INSERT INTO RegisteredPokemon VALUES ('PPOKE452', 'SBULBASAUR001', 'TKRISTEN109', NULL, 89, 8900, '2022-11-03');
INSERT INTO RegisteredPokemon VALUES ('PPOKE453', 'SGENGAR014', 'TTAMMY029', 'James', 43, 4300, '2024-04-29');
INSERT INTO RegisteredPokemon VALUES ('PPOKE454', 'SEEVEE010', 'TLINDSEY098', 'Eric', 76, 7600, '2024-06-28');
INSERT INTO RegisteredPokemon VALUES ('PPOKE455', 'SGEODUDE007', 'TMRXXX004', 'Catherine', 25, 2500, '2025-06-01');
INSERT INTO RegisteredPokemon VALUES ('PPOKE456', 'SGYARADOS013', 'TDIANE111', 'Lisa', 28, 2800, '2022-04-28');
INSERT INTO RegisteredPokemon VALUES ('PPOKE457', 'SGEODUDE007', 'TAMY064', 'Marvin', 8, 800, '2022-04-06');
INSERT INTO RegisteredPokemon VALUES ('PPOKE458', 'SGYARADOS013', 'TKENNETH011', 'Curtis', 54, 5400, '2022-11-26');
INSERT INTO RegisteredPokemon VALUES ('PPOKE459', 'SEEVEE010', 'TKENNETH011', 'Sherry', 58, 5800, '2023-04-11');
INSERT INTO RegisteredPokemon VALUES ('PPOKE460', 'SRAYQUAZA020', 'TBRIAN009', 'Elizabeth', 60, 6000, '2024-11-13');
INSERT INTO RegisteredPokemon VALUES ('PPOKE461', 'SGENGAR014', 'TMICHAEL001', 'Russell', 31, 3100, '2022-11-07');
INSERT INTO RegisteredPokemon VALUES ('PPOKE462', 'SGYARADOS013', 'TWILLIAM134', 'Diana', 64, 6400, '2023-11-30');
INSERT INTO RegisteredPokemon VALUES ('PPOKE463', 'SGEODUDE007', 'TWILLIAM073', 'Cynthia', 57, 5700, '2024-01-04');
INSERT INTO RegisteredPokemon VALUES ('PPOKE464', 'SGASTLY008', 'TALYSSA146', 'Kathryn', 64, 6400, '2022-01-21');
INSERT INTO RegisteredPokemon VALUES ('PPOKE465', 'SMEWTWO012', 'TDOMINIQUE118', 'Kelsey', 49, 4900, '2020-02-13');
INSERT INTO RegisteredPokemon VALUES ('PPOKE466', 'SRAYQUAZA020', 'TMADISON128', 'Maria', 63, 6300, '2021-04-27');
INSERT INTO RegisteredPokemon VALUES ('PPOKE467', 'SGARDEVOIR018', 'TROBERT148', NULL, 34, 3400, '2020-07-08');
INSERT INTO RegisteredPokemon VALUES ('PPOKE468', 'SGASTLY008', 'TEBONY137', NULL, 85, 8500, '2020-03-17');
INSERT INTO RegisteredPokemon VALUES ('PPOKE469', 'SGYARADOS013', 'TJESUS012', 'Ashley', 10, 1000, '2025-04-29');
INSERT INTO RegisteredPokemon VALUES ('PPOKE470', 'SGARCHOMP017', 'TALYSSA146', 'Alison', 65, 6500, '2024-11-13');
INSERT INTO RegisteredPokemon VALUES ('PPOKE471', 'SRAYQUAZA020', 'TGABRIEL025', NULL, 30, 3000, '2021-10-15');
INSERT INTO RegisteredPokemon VALUES ('PPOKE472', 'SSNORLAX011', 'TSTEVEN115', 'Victoria', 26, 2600, '2024-01-24');
INSERT INTO RegisteredPokemon VALUES ('PPOKE473', 'SDRAGONITE015', 'TELIZABETH110', NULL, 100, 10000, '2023-11-11');
INSERT INTO RegisteredPokemon VALUES ('PPOKE474', 'SMACHOP006', 'TDEBRA125', 'Ryan', 80, 8000, '2023-12-25');
INSERT INTO RegisteredPokemon VALUES ('PPOKE475', 'SGYARADOS013', 'TLANCE078', NULL, 23, 2300, '2024-11-10');
INSERT INTO RegisteredPokemon VALUES ('PPOKE476', 'SONIX009', 'TBRANDI088', 'Ricardo', 29, 2900, '2021-01-22');
INSERT INTO RegisteredPokemon VALUES ('PPOKE477', 'SRAYQUAZA020', 'TMRXXX004', 'Cody', 91, 9100, '2020-06-08');
INSERT INTO RegisteredPokemon VALUES ('PPOKE478', 'SMEWTWO012', 'TTREVOR087', 'Lisa', 6, 600, '2025-10-24');
INSERT INTO RegisteredPokemon VALUES ('PPOKE479', 'SJIGGLYPUFF005', 'TWILLIAM081', 'Rebecca', 37, 3700, '2022-10-22');
INSERT INTO RegisteredPokemon VALUES ('PPOKE480', 'SONIX009', 'TWILLIAM134', NULL, 18, 1800, '2024-10-07');
INSERT INTO RegisteredPokemon VALUES ('PPOKE481', 'SSQUIRTLE003', 'TJORDAN051', NULL, 79, 7900, '2023-02-15');
INSERT INTO RegisteredPokemon VALUES ('PPOKE482', 'SMEWTWO012', 'TJORDAN103', NULL, 86, 8600, '2023-05-17');
INSERT INTO RegisteredPokemon VALUES ('PPOKE483', 'SDRAGONITE015', 'TLANCE078', 'Benjamin', 11, 1100, '2022-06-25');
INSERT INTO RegisteredPokemon VALUES ('PPOKE484', 'SPIKACHU004', 'TMARY061', NULL, 61, 6100, '2023-10-05');
INSERT INTO RegisteredPokemon VALUES ('PPOKE485', 'SSNORLAX011', 'TDAVID017', 'Jessica', 99, 9900, '2025-10-11');
INSERT INTO RegisteredPokemon VALUES ('PPOKE486', 'SGENGAR014', 'TJENNIFER013', NULL, 17, 1700, '2024-01-01');
INSERT INTO RegisteredPokemon VALUES ('PPOKE487', 'SGRENINJA019', 'TERIN065', 'Jennifer', 38, 3800, '2025-02-24');
INSERT INTO RegisteredPokemon VALUES ('PPOKE488', 'SSNORLAX011', 'TEBONY137', 'Jennifer', 9, 900, '2023-07-12');
INSERT INTO RegisteredPokemon VALUES ('PPOKE489', 'SMACHOP006', 'TWILLIAM081', 'Christopher', 22, 2200, '2020-05-19');
INSERT INTO RegisteredPokemon VALUES ('PPOKE490', 'SONIX009', 'TROBERT144', 'Richard', 10, 1000, '2020-08-15');
INSERT INTO RegisteredPokemon VALUES ('PPOKE491', 'SSQUIRTLE003', 'TJORDAN103', 'Kristina', 71, 7100, '2024-12-09');
INSERT INTO RegisteredPokemon VALUES ('PPOKE492', 'SBULBASAUR001', 'TMICHAEL001', 'Larry', 32, 3200, '2021-05-28');
INSERT INTO RegisteredPokemon VALUES ('PPOKE493', 'SRAYQUAZA020', 'TTAMMY029', 'Brian', 19, 1900, '2024-09-02');
INSERT INTO RegisteredPokemon VALUES ('PPOKE494', 'SDRAGONITE015', 'TJACK150', NULL, 12, 1200, '2024-08-26');
INSERT INTO RegisteredPokemon VALUES ('PPOKE495', 'SGASTLY008', 'TADAM095', 'Corey', 16, 1600, '2020-07-11');
INSERT INTO RegisteredPokemon VALUES ('PPOKE496', 'SGENGAR014', 'TCHRISTOPHER100', 'Debbie', 5, 500, '2022-03-14');
INSERT INTO RegisteredPokemon VALUES ('PPOKE497', 'SGEODUDE007', 'TKAYLA006', NULL, 6, 600, '2021-04-05');
INSERT INTO RegisteredPokemon VALUES ('PPOKE498', 'SGEODUDE007', 'TKRISTIN048', NULL, 54, 5400, '2022-04-17');
INSERT INTO RegisteredPokemon VALUES ('PPOKE499', 'SRAYQUAZA020', 'TJEFFREY039', 'Michele', 13, 1300, '2023-12-13');
INSERT INTO RegisteredPokemon VALUES ('PPOKE500', 'SONIX009', 'TROBERT148', 'Kendra', 54, 5400, '2022-09-12');
INSERT INTO RegisteredPokemon VALUES ('PPOKE501', 'SMACHOP006', 'TEBONY137', NULL, 7, 700, '2020-11-17');
INSERT INTO RegisteredPokemon VALUES ('PPOKE502', 'SGASTLY008', 'TERIC010', 'John', 85, 8500, '2023-08-05');
INSERT INTO RegisteredPokemon VALUES ('PPOKE503', 'SGYARADOS013', 'TDIANA138', 'Jose', 96, 9600, '2022-07-29');
INSERT INTO RegisteredPokemon VALUES ('PPOKE504', 'SGASTLY008', 'TDAVID082', NULL, 85, 8500, '2022-08-11');
INSERT INTO RegisteredPokemon VALUES ('PPOKE505', 'SJIGGLYPUFF005', 'TMARY061', NULL, 87, 8700, '2022-08-17');
INSERT INTO RegisteredPokemon VALUES ('PPOKE506', 'SGARCHOMP017', 'TDIANE111', 'Timothy', 77, 7700, '2025-05-17');
INSERT INTO RegisteredPokemon VALUES ('PPOKE507', 'SPIKACHU004', 'TBENJAMIN142', 'Christina', 86, 8600, '2025-09-02');
INSERT INTO RegisteredPokemon VALUES ('PPOKE508', 'SLUCARIO016', 'TMICHELLE097', 'Melissa', 85, 8500, '2022-04-11');
INSERT INTO RegisteredPokemon VALUES ('PPOKE509', 'SGENGAR014', 'TKELLY015', NULL, 93, 9300, '2023-08-23');
INSERT INTO RegisteredPokemon VALUES ('PPOKE510', 'SLUCARIO016', 'TTHOMAS145', NULL, 86, 8600, '2022-03-17');
INSERT INTO RegisteredPokemon VALUES ('PPOKE511', 'SEEVEE010', 'TJOSE033', NULL, 7, 700, '2024-12-29');
INSERT INTO RegisteredPokemon VALUES ('PPOKE512', 'SGEODUDE007', 'TASHLEY129', NULL, 12, 1200, '2021-02-04');
INSERT INTO RegisteredPokemon VALUES ('PPOKE513', 'SGEODUDE007', 'TEMILY008', NULL, 46, 4600, '2020-04-15');
INSERT INTO RegisteredPokemon VALUES ('PPOKE514', 'SDRAGONITE015', 'TMICHELE026', 'Michelle', 14, 1400, '2023-01-04');
INSERT INTO RegisteredPokemon VALUES ('PPOKE515', 'SMACHOP006', 'TMICHAEL001', NULL, 37, 3700, '2025-05-08');
INSERT INTO RegisteredPokemon VALUES ('PPOKE516', 'SGYARADOS013', 'TDANIEL044', 'Meghan', 55, 5500, '2025-01-15');
INSERT INTO RegisteredPokemon VALUES ('PPOKE517', 'SGARCHOMP017', 'TJEFFREY039', NULL, 69, 6900, '2022-05-16');
INSERT INTO RegisteredPokemon VALUES ('PPOKE518', 'SBULBASAUR001', 'TANNE037', 'Regina', 20, 2000, '2022-01-25');
INSERT INTO RegisteredPokemon VALUES ('PPOKE519', 'SBULBASAUR001', 'TTAMMY029', 'Whitney', 56, 5600, '2020-10-16');
INSERT INTO RegisteredPokemon VALUES ('PPOKE520', 'SGARDEVOIR018', 'TCAMERON135', 'Lawrence', 63, 6300, '2020-07-10');
INSERT INTO RegisteredPokemon VALUES ('PPOKE521', 'SGYARADOS013', 'TJOSEPH120', 'Heidi', 36, 3600, '2022-12-29');
INSERT INTO RegisteredPokemon VALUES ('PPOKE522', 'SGARCHOMP017', 'TANNE114', 'Jack', 69, 6900, '2024-07-08');
INSERT INTO RegisteredPokemon VALUES ('PPOKE523', 'SGENGAR014', 'TCHASE062', 'Christopher', 38, 3800, '2025-07-18');
INSERT INTO RegisteredPokemon VALUES ('PPOKE524', 'SSNORLAX011', 'TMRXXX053', 'Mary', 28, 2800, '2021-10-25');
INSERT INTO RegisteredPokemon VALUES ('PPOKE525', 'SGENGAR014', 'TCHRISTINE063', NULL, 43, 4300, '2023-01-29');
INSERT INTO RegisteredPokemon VALUES ('PPOKE526', 'SSQUIRTLE003', 'TDAWN046', 'Brandon', 82, 8200, '2025-12-12');
INSERT INTO RegisteredPokemon VALUES ('PPOKE527', 'SEEVEE010', 'TROBIN043', 'Rita', 31, 3100, '2024-05-27');
INSERT INTO RegisteredPokemon VALUES ('PPOKE528', 'SGENGAR014', 'TDOMINIQUE118', 'Lisa', 50, 5000, '2021-09-09');
INSERT INTO RegisteredPokemon VALUES ('PPOKE529', 'SGEODUDE007', 'TCODY036', 'Stephanie', 40, 4000, '2022-07-29');
INSERT INTO RegisteredPokemon VALUES ('PPOKE530', 'SGARDEVOIR018', 'TSABRINA019', 'Jason', 42, 4200, '2022-04-20');
INSERT INTO RegisteredPokemon VALUES ('PPOKE531', 'SSQUIRTLE003', 'TSCOTT140', 'Christopher', 21, 2100, '2020-11-04');
INSERT INTO RegisteredPokemon VALUES ('PPOKE532', 'SGEODUDE007', 'TKAYLA006', 'Antonio', 34, 3400, '2024-02-01');
INSERT INTO RegisteredPokemon VALUES ('PPOKE533', 'SGASTLY008', 'TALEXANDER068', NULL, 62, 6200, '2024-03-31');
INSERT INTO RegisteredPokemon VALUES ('PPOKE534', 'SRAYQUAZA020', 'TEMILY008', 'Angela', 38, 3800, '2022-10-21');
INSERT INTO RegisteredPokemon VALUES ('PPOKE535', 'SCHARMANDER002', 'TDANIEL047', NULL, 48, 4800, '2025-05-10');
INSERT INTO RegisteredPokemon VALUES ('PPOKE536', 'SPIKACHU004', 'TMRXXX053', 'Nathan', 96, 9600, '2023-02-28');
INSERT INTO RegisteredPokemon VALUES ('PPOKE537', 'SONIX009', 'TMATTHEW038', 'Ronald', 15, 1500, '2025-08-06');
INSERT INTO RegisteredPokemon VALUES ('PPOKE538', 'SONIX009', 'TMICHELE026', 'Deborah', 41, 4100, '2024-03-23');
INSERT INTO RegisteredPokemon VALUES ('PPOKE539', 'SSQUIRTLE003', 'TWILLIAM081', NULL, 56, 5600, '2020-06-27');
INSERT INTO RegisteredPokemon VALUES ('PPOKE540', 'SBULBASAUR001', 'TSCOTT141', NULL, 30, 3000, '2023-02-02');
INSERT INTO RegisteredPokemon VALUES ('PPOKE541', 'SGASTLY008', 'TDAVID032', 'Jeanne', 8, 800, '2021-08-07');
INSERT INTO RegisteredPokemon VALUES ('PPOKE542', 'SCHARMANDER002', 'TDIANA138', 'Shannon', 14, 1400, '2025-08-14');
INSERT INTO RegisteredPokemon VALUES ('PPOKE543', 'SCHARMANDER002', 'TMICHAEL089', 'Ryan', 77, 7700, '2022-03-01');
INSERT INTO RegisteredPokemon VALUES ('PPOKE544', 'SJIGGLYPUFF005', 'TCAITLIN094', 'Benjamin', 38, 3800, '2023-03-22');
INSERT INTO RegisteredPokemon VALUES ('PPOKE545', 'SLUCARIO016', 'TMELISSA067', NULL, 8, 800, '2021-06-03');
INSERT INTO RegisteredPokemon VALUES ('PPOKE546', 'SGASTLY008', 'TMELISSA067', 'Catherine', 28, 2800, '2022-11-22');
INSERT INTO RegisteredPokemon VALUES ('PPOKE547', 'SONIX009', 'TERIN122', 'Robert', 87, 8700, '2022-09-02');
INSERT INTO RegisteredPokemon VALUES ('PPOKE548', 'SDRAGONITE015', 'THOLLY131', 'James', 83, 8300, '2021-07-18');
INSERT INTO RegisteredPokemon VALUES ('PPOKE549', 'SCHARMANDER002', 'TJULIE075', 'Edward', 25, 2500, '2023-03-25');
INSERT INTO RegisteredPokemon VALUES ('PPOKE550', 'SONIX009', 'TJEFFREY116', 'Joshua', 9, 900, '2025-12-02');
INSERT INTO RegisteredPokemon VALUES ('PPOKE551', 'SJIGGLYPUFF005', 'THANNAH028', 'Jessica', 88, 8800, '2025-08-28');
INSERT INTO RegisteredPokemon VALUES ('PPOKE552', 'SEEVEE010', 'TBRIAN009', 'Gina', 89, 8900, '2020-06-13');
INSERT INTO RegisteredPokemon VALUES ('PPOKE553', 'SMEWTWO012', 'TMATTHEW038', 'Tiffany', 70, 7000, '2023-12-09');
INSERT INTO RegisteredPokemon VALUES ('PPOKE554', 'SDRAGONITE015', 'TALYSSA104', NULL, 63, 6300, '2022-02-16');
INSERT INTO RegisteredPokemon VALUES ('PPOKE555', 'SCHARMANDER002', 'TMADISON128', 'Andrew', 5, 500, '2023-05-13');
INSERT INTO RegisteredPokemon VALUES ('PPOKE556', 'SGENGAR014', 'TMORGAN121', 'Eric', 74, 7400, '2023-03-01');
INSERT INTO RegisteredPokemon VALUES ('PPOKE557', 'SMACHOP006', 'TDOMINIQUE118', 'Christian', 9, 900, '2020-01-20');
INSERT INTO RegisteredPokemon VALUES ('PPOKE558', 'SMEWTWO012', 'TDIANA138', 'Rhonda', 13, 1300, '2020-03-21');
INSERT INTO RegisteredPokemon VALUES ('PPOKE559', 'SMEWTWO012', 'TLINDSAY040', NULL, 10, 1000, '2021-10-09');
INSERT INTO RegisteredPokemon VALUES ('PPOKE560', 'SGRENINJA019', 'TMRS096', NULL, 90, 9000, '2022-12-19');
INSERT INTO RegisteredPokemon VALUES ('PPOKE561', 'SBULBASAUR001', 'TJEFFREY116', 'Ryan', 92, 9200, '2021-11-17');
INSERT INTO RegisteredPokemon VALUES ('PPOKE562', 'SONIX009', 'TSTEPHANIE024', 'Kimberly', 54, 5400, '2023-05-30');
INSERT INTO RegisteredPokemon VALUES ('PPOKE563', 'SGYARADOS013', 'TKELLY015', 'Morgan', 38, 3800, '2024-09-19');
INSERT INTO RegisteredPokemon VALUES ('PPOKE564', 'SGARDEVOIR018', 'TDAVID082', 'Lauren', 51, 5100, '2022-04-27');
INSERT INTO RegisteredPokemon VALUES ('PPOKE565', 'SONIX009', 'TBENJAMIN105', NULL, 64, 6400, '2024-09-06');
INSERT INTO RegisteredPokemon VALUES ('PPOKE566', 'SDRAGONITE015', 'TTAMMY029', 'Jacob', 26, 2600, '2021-05-26');
INSERT INTO RegisteredPokemon VALUES ('PPOKE567', 'SMEWTWO012', 'TADAM095', 'Ronald', 10, 1000, '2021-12-13');
INSERT INTO RegisteredPokemon VALUES ('PPOKE568', 'SJIGGLYPUFF005', 'TMICHAEL089', NULL, 31, 3100, '2025-04-04');
INSERT INTO RegisteredPokemon VALUES ('PPOKE569', 'SMEWTWO012', 'TCHARLES127', NULL, 88, 8800, '2022-10-03');
INSERT INTO RegisteredPokemon VALUES ('PPOKE570', 'SBULBASAUR001', 'TKRISTEN109', NULL, 55, 5500, '2024-07-20');
INSERT INTO RegisteredPokemon VALUES ('PPOKE571', 'SGRENINJA019', 'TJESUS012', 'Tracey', 31, 3100, '2024-01-20');
INSERT INTO RegisteredPokemon VALUES ('PPOKE572', 'SSNORLAX011', 'TLINDSAY040', 'Tom', 73, 7300, '2025-09-12');
INSERT INTO RegisteredPokemon VALUES ('PPOKE573', 'SEEVEE010', 'TMRXXX149', NULL, 42, 4200, '2022-06-27');
INSERT INTO RegisteredPokemon VALUES ('PPOKE574', 'SGRENINJA019', 'TKATHLEEN130', 'Jerry', 77, 7700, '2024-11-27');
INSERT INTO RegisteredPokemon VALUES ('PPOKE575', 'SSQUIRTLE003', 'TERIN065', 'Thomas', 100, 10000, '2024-12-26');
INSERT INTO RegisteredPokemon VALUES ('PPOKE576', 'SGRENINJA019', 'TAMY064', 'Jennifer', 50, 5000, '2025-07-18');
INSERT INTO RegisteredPokemon VALUES ('PPOKE577', 'SGASTLY008', 'TVICTORIA059', 'Nicole', 78, 7800, '2023-02-22');
INSERT INTO RegisteredPokemon VALUES ('PPOKE578', 'SCHARMANDER002', 'TJAMES084', NULL, 62, 6200, '2020-06-17');
INSERT INTO RegisteredPokemon VALUES ('PPOKE579', 'SMEWTWO012', 'TELIZABETH110', 'Mary', 50, 5000, '2022-05-16');
INSERT INTO RegisteredPokemon VALUES ('PPOKE580', 'SCHARMANDER002', 'TSEAN086', 'Jennifer', 82, 8200, '2020-11-27');
INSERT INTO RegisteredPokemon VALUES ('PPOKE581', 'SJIGGLYPUFF005', 'TCODY036', NULL, 23, 2300, '2021-08-22');
INSERT INTO RegisteredPokemon VALUES ('PPOKE582', 'SSNORLAX011', 'TBRANDON102', 'Samantha', 60, 6000, '2025-06-24');
INSERT INTO RegisteredPokemon VALUES ('PPOKE583', 'SJIGGLYPUFF005', 'TCAITLIN094', 'Tiffany', 33, 3300, '2023-01-10');
INSERT INTO RegisteredPokemon VALUES ('PPOKE584', 'SGARDEVOIR018', 'TJAMES092', NULL, 85, 8500, '2020-10-24');
INSERT INTO RegisteredPokemon VALUES ('PPOKE585', 'SGARDEVOIR018', 'TKEVIN112', NULL, 87, 8700, '2020-06-03');
INSERT INTO RegisteredPokemon VALUES ('PPOKE586', 'SCHARMANDER002', 'TCAMERON135', 'Thomas', 74, 7400, '2022-11-15');
INSERT INTO RegisteredPokemon VALUES ('PPOKE587', 'SPIKACHU004', 'TGABRIEL025', 'Courtney', 80, 8000, '2023-05-18');
INSERT INTO RegisteredPokemon VALUES ('PPOKE588', 'SGARCHOMP017', 'TBRANDI088', 'Ryan', 44, 4400, '2021-01-11');
INSERT INTO RegisteredPokemon VALUES ('PPOKE589', 'SBULBASAUR001', 'TJULIE075', 'Trevor', 95, 9500, '2022-06-26');
INSERT INTO RegisteredPokemon VALUES ('PPOKE590', 'SMACHOP006', 'THANNAH028', 'Michael', 40, 4000, '2025-12-20');
INSERT INTO RegisteredPokemon VALUES ('PPOKE591', 'SEEVEE010', 'TBRANDI088', 'Hannah', 90, 9000, '2025-01-16');
INSERT INTO RegisteredPokemon VALUES ('PPOKE592', 'SGYARADOS013', 'TROBIN016', 'Andrew', 57, 5700, '2025-08-03');
INSERT INTO RegisteredPokemon VALUES ('PPOKE593', 'SJIGGLYPUFF005', 'TADAM095', NULL, 99, 9900, '2020-03-15');
INSERT INTO RegisteredPokemon VALUES ('PPOKE594', 'SDRAGONITE015', 'TVICTORIA059', NULL, 48, 4800, '2024-07-01');
INSERT INTO RegisteredPokemon VALUES ('PPOKE595', 'SBULBASAUR001', 'TBRANDI088', 'Becky', 60, 6000, '2022-02-10');
INSERT INTO RegisteredPokemon VALUES ('PPOKE596', 'SSQUIRTLE003', 'TAPRIL101', 'Pamela', 77, 7700, '2025-08-29');
INSERT INTO RegisteredPokemon VALUES ('PPOKE597', 'SEEVEE010', 'TANNE114', 'Omar', 65, 6500, '2020-09-23');
INSERT INTO RegisteredPokemon VALUES ('PPOKE598', 'SGRENINJA019', 'TANTHONY090', NULL, 57, 5700, '2021-08-07');
INSERT INTO RegisteredPokemon VALUES ('PPOKE599', 'SSQUIRTLE003', 'TCANDICE042', 'Nancy', 14, 1400, '2023-08-18');
INSERT INTO RegisteredPokemon VALUES ('PPOKE600', 'SSQUIRTLE003', 'TELIZABETH110', 'Jeffrey', 77, 7700, '2023-02-25');
INSERT INTO RegisteredPokemon VALUES ('PPOKE601', 'SPIKACHU004', 'TKATHLEEN054', 'Ruben', 63, 6300, '2021-08-06');
INSERT INTO RegisteredPokemon VALUES ('PPOKE602', 'SSQUIRTLE003', 'TROBIN016', 'Lisa', 58, 5800, '2023-02-12');
INSERT INTO RegisteredPokemon VALUES ('PPOKE603', 'SGASTLY008', 'TLINDA093', NULL, 67, 6700, '2022-07-01');
INSERT INTO RegisteredPokemon VALUES ('PPOKE604', 'SGEODUDE007', 'TKAYLA069', 'Matthew', 66, 6600, '2025-07-25');
INSERT INTO RegisteredPokemon VALUES ('PPOKE605', 'SCHARMANDER002', 'TWILLIAM073', NULL, 27, 2700, '2024-04-04');
INSERT INTO RegisteredPokemon VALUES ('PPOKE606', 'SMEWTWO012', 'TARTHUR139', 'Lawrence', 42, 4200, '2024-07-04');
INSERT INTO RegisteredPokemon VALUES ('PPOKE607', 'SMACHOP006', 'TLINDA093', NULL, 52, 5200, '2025-09-06');
INSERT INTO RegisteredPokemon VALUES ('PPOKE608', 'SSQUIRTLE003', 'TDANIEL044', NULL, 80, 8000, '2022-09-24');
INSERT INTO RegisteredPokemon VALUES ('PPOKE609', 'SJIGGLYPUFF005', 'THANNAH028', 'Lisa', 75, 7500, '2022-10-28');
INSERT INTO RegisteredPokemon VALUES ('PPOKE610', 'SDRAGONITE015', 'TMRXXX053', NULL, 71, 7100, '2024-09-27');
INSERT INTO RegisteredPokemon VALUES ('PPOKE611', 'SONIX009', 'TDAVID017', 'Chelsea', 30, 3000, '2024-08-10');
INSERT INTO RegisteredPokemon VALUES ('PPOKE612', 'SMACHOP006', 'TPAMELA007', 'James', 70, 7000, '2025-12-24');
INSERT INTO RegisteredPokemon VALUES ('PPOKE613', 'SGRENINJA019', 'TJOHN126', 'Ralph', 44, 4400, '2021-07-04');
INSERT INTO RegisteredPokemon VALUES ('PPOKE614', 'SEEVEE010', 'THOLLY131', 'Amy', 9, 900, '2024-05-09');
INSERT INTO RegisteredPokemon VALUES ('PPOKE615', 'SSNORLAX011', 'TKENNETH011', 'Janice', 62, 6200, '2023-07-28');
INSERT INTO RegisteredPokemon VALUES ('PPOKE616', 'SBULBASAUR001', 'TMADISON128', 'Arthur', 20, 2000, '2022-08-24');
INSERT INTO RegisteredPokemon VALUES ('PPOKE617', 'SGASTLY008', 'TTERRY143', 'Amanda', 52, 5200, '2020-12-20');
INSERT INTO RegisteredPokemon VALUES ('PPOKE618', 'SGRENINJA019', 'TBENJAMIN105', NULL, 20, 2000, '2025-06-05');
INSERT INTO RegisteredPokemon VALUES ('PPOKE619', 'SCHARMANDER002', 'TKAYLA069', 'Kelly', 37, 3700, '2025-09-03');
INSERT INTO RegisteredPokemon VALUES ('PPOKE620', 'SGEODUDE007', 'TEDWARD136', NULL, 92, 9200, '2021-12-02');
INSERT INTO RegisteredPokemon VALUES ('PPOKE621', 'SLUCARIO016', 'TBRANDON102', 'Jason', 22, 2200, '2025-01-17');
INSERT INTO RegisteredPokemon VALUES ('PPOKE622', 'SGYARADOS013', 'TBRANDI088', 'Christopher', 100, 10000, '2020-05-17');
INSERT INTO RegisteredPokemon VALUES ('PPOKE623', 'SMACHOP006', 'TAMY064', 'Timothy', 97, 9700, '2022-10-08');
INSERT INTO RegisteredPokemon VALUES ('PPOKE624', 'SDRAGONITE015', 'TLINDSEY098', NULL, 94, 9400, '2020-03-03');
INSERT INTO RegisteredPokemon VALUES ('PPOKE625', 'SPIKACHU004', 'TERIC010', 'Nicole', 23, 2300, '2021-05-02');
INSERT INTO RegisteredPokemon VALUES ('PPOKE626', 'SGENGAR014', 'TMICHAEL080', 'Michael', 15, 1500, '2021-03-20');
INSERT INTO RegisteredPokemon VALUES ('PPOKE627', 'SMEWTWO012', 'TROBERT148', 'Brenda', 21, 2100, '2023-12-17');
INSERT INTO RegisteredPokemon VALUES ('PPOKE628', 'SSQUIRTLE003', 'TJOSE033', 'Stephanie', 25, 2500, '2023-10-28');
INSERT INTO RegisteredPokemon VALUES ('PPOKE629', 'SJIGGLYPUFF005', 'TKATRINA014', 'Sarah', 50, 5000, '2020-03-21');
INSERT INTO RegisteredPokemon VALUES ('PPOKE630', 'SGENGAR014', 'TMELISSA067', NULL, 90, 9000, '2024-07-26');
INSERT INTO RegisteredPokemon VALUES ('PPOKE631', 'SMACHOP006', 'TMARY099', 'Julie', 88, 8800, '2020-12-15');
INSERT INTO RegisteredPokemon VALUES ('PPOKE632', 'SONIX009', 'TALYSSA146', NULL, 40, 4000, '2021-02-14');
INSERT INTO RegisteredPokemon VALUES ('PPOKE633', 'SONIX009', 'TMRXXX004', 'Michael', 58, 5800, '2023-06-10');
INSERT INTO RegisteredPokemon VALUES ('PPOKE634', 'SGRENINJA019', 'TMICHELLE077', 'Marissa', 92, 9200, '2025-03-06');
INSERT INTO RegisteredPokemon VALUES ('PPOKE635', 'SLUCARIO016', 'TLINDSEY098', 'Lucas', 48, 4800, '2023-07-22');
INSERT INTO RegisteredPokemon VALUES ('PPOKE636', 'SPIKACHU004', 'TCANDICE042', 'Robert', 99, 9900, '2020-02-08');
INSERT INTO RegisteredPokemon VALUES ('PPOKE637', 'SMEWTWO012', 'TMRS096', NULL, 5, 500, '2022-02-25');
INSERT INTO RegisteredPokemon VALUES ('PPOKE638', 'SBULBASAUR001', 'TROBIN043', 'Daniel', 7, 700, '2024-04-16');
INSERT INTO RegisteredPokemon VALUES ('PPOKE639', 'SSNORLAX011', 'TMORGAN121', NULL, 59, 5900, '2024-09-05');
INSERT INTO RegisteredPokemon VALUES ('PPOKE640', 'SONIX009', 'TJAMES084', NULL, 46, 4600, '2020-02-18');
INSERT INTO RegisteredPokemon VALUES ('PPOKE641', 'SSQUIRTLE003', 'TCANDICE042', 'Christopher', 69, 6900, '2025-03-02');
INSERT INTO RegisteredPokemon VALUES ('PPOKE642', 'SLUCARIO016', 'TMARIA119', NULL, 38, 3800, '2024-07-17');
INSERT INTO RegisteredPokemon VALUES ('PPOKE643', 'SGARDEVOIR018', 'TMADISON128', 'Mary', 84, 8400, '2023-02-19');
INSERT INTO RegisteredPokemon VALUES ('PPOKE644', 'SCHARMANDER002', 'TKAYLA006', 'Elizabeth', 5, 500, '2022-05-17');
INSERT INTO RegisteredPokemon VALUES ('PPOKE645', 'SPIKACHU004', 'TPAUL106', 'Raymond', 31, 3100, '2023-10-08');
INSERT INTO RegisteredPokemon VALUES ('PPOKE646', 'SDRAGONITE015', 'THANNAH028', NULL, 86, 8600, '2020-12-18');
INSERT INTO RegisteredPokemon VALUES ('PPOKE647', 'SGARCHOMP017', 'TKAYLA006', 'Russell', 11, 1100, '2025-05-28');
INSERT INTO RegisteredPokemon VALUES ('PPOKE648', 'SLUCARIO016', 'TERIN065', 'Kathryn', 68, 6800, '2023-10-03');
INSERT INTO RegisteredPokemon VALUES ('PPOKE649', 'SLUCARIO016', 'TKELLY015', NULL, 79, 7900, '2024-12-28');
INSERT INTO RegisteredPokemon VALUES ('PPOKE650', 'SJIGGLYPUFF005', 'TMARIA119', NULL, 81, 8100, '2022-01-05');
INSERT INTO RegisteredPokemon VALUES ('PPOKE651', 'SGRENINJA019', 'TVICTORIA059', 'Teresa', 29, 2900, '2024-07-20');
INSERT INTO RegisteredPokemon VALUES ('PPOKE652', 'SGRENINJA019', 'TALYSSA104', 'Erin', 89, 8900, '2025-11-28');
INSERT INTO RegisteredPokemon VALUES ('PPOKE653', 'SSNORLAX011', 'TASHLEY070', 'Kimberly', 65, 6500, '2022-08-01');
INSERT INTO RegisteredPokemon VALUES ('PPOKE654', 'SJIGGLYPUFF005', 'TJEFFREY116', 'Gregory', 73, 7300, '2024-02-22');
INSERT INTO RegisteredPokemon VALUES ('PPOKE655', 'SPIKACHU004', 'TWILLIAM081', 'Daniel', 48, 4800, '2020-03-31');
INSERT INTO RegisteredPokemon VALUES ('PPOKE656', 'SGARCHOMP017', 'TTIM083', 'Kellie', 26, 2600, '2023-04-19');
INSERT INTO RegisteredPokemon VALUES ('PPOKE657', 'SGRENINJA019', 'TSTEPHANIE024', 'Kimberly', 16, 1600, '2024-11-01');
INSERT INTO RegisteredPokemon VALUES ('PPOKE658', 'SGARDEVOIR018', 'TMICHAEL001', 'Donald', 21, 2100, '2020-05-10');
INSERT INTO RegisteredPokemon VALUES ('PPOKE659', 'SGENGAR014', 'TCHARLES127', NULL, 52, 5200, '2024-12-23');
INSERT INTO RegisteredPokemon VALUES ('PPOKE660', 'SONIX009', 'TANTHONY090', 'Deborah', 11, 1100, '2022-05-26');
INSERT INTO RegisteredPokemon VALUES ('PPOKE661', 'SONIX009', 'TDANIEL044', 'Erika', 38, 3800, '2021-06-22');
INSERT INTO RegisteredPokemon VALUES ('PPOKE662', 'SPIKACHU004', 'TDAVID032', NULL, 20, 2000, '2024-01-31');
INSERT INTO RegisteredPokemon VALUES ('PPOKE663', 'SGASTLY008', 'TMARY099', 'Cassandra', 73, 7300, '2021-05-20');
INSERT INTO RegisteredPokemon VALUES ('PPOKE664', 'SGARCHOMP017', 'TERIN065', NULL, 42, 4200, '2025-12-24');
INSERT INTO RegisteredPokemon VALUES ('PPOKE665', 'SPIKACHU004', 'TDAVID082', 'Lisa', 28, 2800, '2025-01-11');
INSERT INTO RegisteredPokemon VALUES ('PPOKE666', 'SSQUIRTLE003', 'TPATRICIA035', NULL, 22, 2200, '2020-01-20');
INSERT INTO RegisteredPokemon VALUES ('PPOKE667', 'SDRAGONITE015', 'TERIN065', 'Nicole', 87, 8700, '2023-02-16');
INSERT INTO RegisteredPokemon VALUES ('PPOKE668', 'SSNORLAX011', 'TSTEVEN115', 'Janice', 31, 3100, '2020-08-05');
INSERT INTO RegisteredPokemon VALUES ('PPOKE669', 'SGENGAR014', 'TBRIAN009', NULL, 88, 8800, '2024-05-11');
INSERT INTO RegisteredPokemon VALUES ('PPOKE670', 'SGRENINJA019', 'TAMY064', 'Seth', 45, 4500, '2021-10-02');
INSERT INTO RegisteredPokemon VALUES ('PPOKE671', 'SSNORLAX011', 'TKRISTIN048', 'Janet', 90, 9000, '2021-03-14');
INSERT INTO RegisteredPokemon VALUES ('PPOKE672', 'SBULBASAUR001', 'TKRISTIN048', 'April', 76, 7600, '2023-06-10');
INSERT INTO RegisteredPokemon VALUES ('PPOKE673', 'SLUCARIO016', 'TDOMINIQUE118', 'Billy', 5, 500, '2023-11-15');
INSERT INTO RegisteredPokemon VALUES ('PPOKE674', 'SLUCARIO016', 'TTREVOR087', 'Michael', 25, 2500, '2021-06-17');
INSERT INTO RegisteredPokemon VALUES ('PPOKE675', 'SONIX009', 'TJOSE033', NULL, 99, 9900, '2021-10-25');
INSERT INTO RegisteredPokemon VALUES ('PPOKE676', 'SSQUIRTLE003', 'TAMY064', NULL, 52, 5200, '2023-09-01');
INSERT INTO RegisteredPokemon VALUES ('PPOKE677', 'SJIGGLYPUFF005', 'TTHOMAS072', NULL, 55, 5500, '2025-06-07');
INSERT INTO RegisteredPokemon VALUES ('PPOKE678', 'SGYARADOS013', 'THOLLY131', 'Sarah', 56, 5600, '2025-07-18');
INSERT INTO RegisteredPokemon VALUES ('PPOKE679', 'SONIX009', 'TKRISTIN048', 'Robert', 77, 7700, '2021-05-17');
INSERT INTO RegisteredPokemon VALUES ('PPOKE680', 'SSQUIRTLE003', 'TDANIEL047', NULL, 49, 4900, '2020-10-25');
INSERT INTO RegisteredPokemon VALUES ('PPOKE681', 'SGYARADOS013', 'TERIN122', 'Alex', 84, 8400, '2023-02-02');
INSERT INTO RegisteredPokemon VALUES ('PPOKE682', 'SGENGAR014', 'TEBONY137', 'Jasmine', 56, 5600, '2024-08-06');
INSERT INTO RegisteredPokemon VALUES ('PPOKE683', 'SGARDEVOIR018', 'TDAWN046', 'Nicole', 26, 2600, '2023-10-14');
INSERT INTO RegisteredPokemon VALUES ('PPOKE684', 'SSNORLAX011', 'TERIC010', 'Michael', 31, 3100, '2020-06-17');
INSERT INTO RegisteredPokemon VALUES ('PPOKE685', 'SRAYQUAZA020', 'TBARBARA022', NULL, 47, 4700, '2023-09-11');
INSERT INTO RegisteredPokemon VALUES ('PPOKE686', 'SCHARMANDER002', 'TTIMOTHY045', 'Charles', 34, 3400, '2020-06-06');
INSERT INTO RegisteredPokemon VALUES ('PPOKE687', 'SDRAGONITE015', 'TAPRIL101', NULL, 96, 9600, '2024-05-23');
INSERT INTO RegisteredPokemon VALUES ('PPOKE688', 'SGRENINJA019', 'TDEBRA125', 'Abigail', 25, 2500, '2021-02-19');
INSERT INTO RegisteredPokemon VALUES ('PPOKE689', 'SLUCARIO016', 'TMARIO050', NULL, 71, 7100, '2021-05-13');
INSERT INTO RegisteredPokemon VALUES ('PPOKE690', 'SGARDEVOIR018', 'TMARY099', NULL, 8, 800, '2025-05-06');
INSERT INTO RegisteredPokemon VALUES ('PPOKE691', 'SGARDEVOIR018', 'TEMILY008', 'Charlotte', 62, 6200, '2022-11-24');
INSERT INTO RegisteredPokemon VALUES ('PPOKE692', 'SLUCARIO016', 'TLYNN005', 'Tyler', 29, 2900, '2024-12-31');
INSERT INTO RegisteredPokemon VALUES ('PPOKE693', 'SSQUIRTLE003', 'TCHRISTOPHER100', NULL, 69, 6900, '2024-01-02');
INSERT INTO RegisteredPokemon VALUES ('PPOKE694', 'SGRENINJA019', 'THANNAH028', 'Steven', 87, 8700, '2021-03-11');
INSERT INTO RegisteredPokemon VALUES ('PPOKE695', 'SSNORLAX011', 'TDEBRA125', 'Robert', 30, 3000, '2022-11-02');
INSERT INTO RegisteredPokemon VALUES ('PPOKE696', 'SRAYQUAZA020', 'TKELSEY002', 'Ronald', 7, 700, '2022-12-22');
INSERT INTO RegisteredPokemon VALUES ('PPOKE697', 'SDRAGONITE015', 'TJAMES092', 'Shelby', 15, 1500, '2022-06-14');
INSERT INTO RegisteredPokemon VALUES ('PPOKE698', 'SBULBASAUR001', 'TEDDIE020', 'Adrian', 34, 3400, '2021-08-23');
INSERT INTO RegisteredPokemon VALUES ('PPOKE699', 'SPIKACHU004', 'TJOHN126', 'Jessica', 80, 8000, '2021-01-07');
INSERT INTO RegisteredPokemon VALUES ('PPOKE700', 'SPIKACHU004', 'TLINDSAY040', 'Stephen', 9, 900, '2024-07-07');
INSERT INTO Tournament VALUES ('OTOURN001', 'Indigo Plateau Conference', '2024-09-16', '2024-09-26', 'CPHILLIPMOUTH010', 'LSEASON004');
INSERT INTO Tournament VALUES ('OTOURN002', 'Silver Conference', '2024-05-16', '2024-05-26', 'CPORTVICTORIA043', 'LSEASON004');
INSERT INTO Tournament VALUES ('OTOURN003', 'Ever Grande Conference', '2025-02-20', '2025-03-02', 'CNORTHPHILIP027', 'LSEASON002');
INSERT INTO Tournament VALUES ('OTOURN004', 'Lily of the Valley Conference', '2023-11-08', '2023-11-11', 'CMACKFURT029', 'LSEASON005');
INSERT INTO Tournament VALUES ('OTOURN005', 'Vertress Conference', '2024-01-31', '2024-02-04', 'CMILLERLAND045', 'LSEASON005');

-- LEVEL 3: Complex Intersections
INSERT INTO RegisteredPokemonMove VALUES ('PPOKE001', 'MBRICKBREAK009');
INSERT INTO RegisteredPokemonMove VALUES ('PPOKE001', 'MSWORDSDANCE014');
INSERT INTO RegisteredPokemonMove VALUES ('PPOKE001', 'MSHADOWBALL008');
INSERT INTO RegisteredPokemonMove VALUES ('PPOKE001', 'MSOLARBEAM005');
INSERT INTO RegisteredPokemonMove VALUES ('PPOKE002', 'MFLAMETHROWER003');
INSERT INTO RegisteredPokemonMove VALUES ('PPOKE002', 'MHYPERBEAM011');
INSERT INTO RegisteredPokemonMove VALUES ('PPOKE002', 'MTHUNDERBOLT002');
INSERT INTO RegisteredPokemonMove VALUES ('PPOKE002', 'MSHADOWBALL008');
INSERT INTO RegisteredPokemonMove VALUES ('PPOKE003', 'MPSYCHIC007');
INSERT INTO RegisteredPokemonMove VALUES ('PPOKE003', 'MBRICKBREAK009');
INSERT INTO RegisteredPokemonMove VALUES ('PPOKE004', 'MTHUNDERBOLT002');
INSERT INTO RegisteredPokemonMove VALUES ('PPOKE004', 'MTACKLE001');
INSERT INTO RegisteredPokemonMove VALUES ('PPOKE004', 'MPSYCHIC007');
INSERT INTO RegisteredPokemonMove VALUES ('PPOKE005', 'MEARTHQUAKE006');
INSERT INTO RegisteredPokemonMove VALUES ('PPOKE005', 'MHYDROPUMP004');
INSERT INTO RegisteredPokemonMove VALUES ('PPOKE005', 'MRECOVER013');
INSERT INTO RegisteredPokemonMove VALUES ('PPOKE005', 'MHYPERBEAM011');
INSERT INTO RegisteredPokemonMove VALUES ('PPOKE006', 'MTHUNDERBOLT002');
INSERT INTO RegisteredPokemonMove VALUES ('PPOKE006', 'MRECOVER013');
INSERT INTO RegisteredPokemonMove VALUES ('PPOKE006', 'MSOLARBEAM005');
INSERT INTO RegisteredPokemonMove VALUES ('PPOKE007', 'MPROTECT012');
INSERT INTO RegisteredPokemonMove VALUES ('PPOKE007', 'MSHADOWBALL008');
INSERT INTO RegisteredPokemonMove VALUES ('PPOKE008', 'MSWORDSDANCE014');
INSERT INTO RegisteredPokemonMove VALUES ('PPOKE008', 'MFLAMETHROWER003');
INSERT INTO RegisteredPokemonMove VALUES ('PPOKE008', 'MTHUNDERBOLT002');
INSERT INTO RegisteredPokemonMove VALUES ('PPOKE009', 'MPROTECT012');
INSERT INTO RegisteredPokemonMove VALUES ('PPOKE009', 'MBRICKBREAK009');
INSERT INTO RegisteredPokemonMove VALUES ('PPOKE009', 'MRECOVER013');
INSERT INTO RegisteredPokemonMove VALUES ('PPOKE010', 'MSOLARBEAM005');
INSERT INTO RegisteredPokemonMove VALUES ('PPOKE010', 'MHYPERBEAM011');
INSERT INTO RegisteredPokemonMove VALUES ('PPOKE010', 'MBRICKBREAK009');
INSERT INTO RegisteredPokemonMove VALUES ('PPOKE010', 'MTACKLE001');
INSERT INTO RegisteredPokemonMove VALUES ('PPOKE011', 'MHYDROPUMP004');
INSERT INTO RegisteredPokemonMove VALUES ('PPOKE012', 'MTHUNDERBOLT002');
INSERT INTO RegisteredPokemonMove VALUES ('PPOKE013', 'MHYPERBEAM011');
INSERT INTO RegisteredPokemonMove VALUES ('PPOKE013', 'MFLAMETHROWER003');
INSERT INTO RegisteredPokemonMove VALUES ('PPOKE013', 'MTHUNDERBOLT002');
INSERT INTO RegisteredPokemonMove VALUES ('PPOKE013', 'MSWORDSDANCE014');
INSERT INTO RegisteredPokemonMove VALUES ('PPOKE014', 'MTHUNDERBOLT002');
INSERT INTO RegisteredPokemonMove VALUES ('PPOKE014', 'MRECOVER013');
INSERT INTO RegisteredPokemonMove VALUES ('PPOKE015', 'MSOLARBEAM005');
INSERT INTO RegisteredPokemonMove VALUES ('PPOKE015', 'MSWORDSDANCE014');
INSERT INTO RegisteredPokemonMove VALUES ('PPOKE016', 'MRECOVER013');
INSERT INTO RegisteredPokemonMove VALUES ('PPOKE016', 'MHYDROPUMP004');
INSERT INTO RegisteredPokemonMove VALUES ('PPOKE017', 'MHYDROPUMP004');
INSERT INTO RegisteredPokemonMove VALUES ('PPOKE017', 'MHYPERBEAM011');
INSERT INTO RegisteredPokemonMove VALUES ('PPOKE017', 'MRECOVER013');
INSERT INTO RegisteredPokemonMove VALUES ('PPOKE017', 'MFLAMETHROWER003');
INSERT INTO RegisteredPokemonMove VALUES ('PPOKE018', 'MHYPERBEAM011');
INSERT INTO RegisteredPokemonMove VALUES ('PPOKE018', 'MSOLARBEAM005');
INSERT INTO RegisteredPokemonMove VALUES ('PPOKE018', 'MEARTHQUAKE006');
INSERT INTO RegisteredPokemonMove VALUES ('PPOKE018', 'MRECOVER013');
INSERT INTO RegisteredPokemonMove VALUES ('PPOKE019', 'MTHUNDERBOLT002');
INSERT INTO RegisteredPokemonMove VALUES ('PPOKE020', 'MEARTHQUAKE006');
INSERT INTO RegisteredPokemonMove VALUES ('PPOKE021', 'MSWORDSDANCE014');
INSERT INTO RegisteredPokemonMove VALUES ('PPOKE021', 'MBRICKBREAK009');
INSERT INTO RegisteredPokemonMove VALUES ('PPOKE021', 'MSOLARBEAM005');
INSERT INTO RegisteredPokemonMove VALUES ('PPOKE021', 'MFLAMETHROWER003');
INSERT INTO RegisteredPokemonMove VALUES ('PPOKE022', 'MFLAMETHROWER003');
INSERT INTO RegisteredPokemonMove VALUES ('PPOKE022', 'MTHUNDERBOLT002');
INSERT INTO RegisteredPokemonMove VALUES ('PPOKE023', 'MHYDROPUMP004');
INSERT INTO RegisteredPokemonMove VALUES ('PPOKE023', 'MPROTECT012');
INSERT INTO RegisteredPokemonMove VALUES ('PPOKE023', 'MEARTHQUAKE006');
INSERT INTO RegisteredPokemonMove VALUES ('PPOKE024', 'MPROTECT012');
INSERT INTO RegisteredPokemonMove VALUES ('PPOKE025', 'MFLAMETHROWER003');
INSERT INTO RegisteredPokemonMove VALUES ('PPOKE026', 'MICEBEAM010');
INSERT INTO RegisteredPokemonMove VALUES ('PPOKE027', 'MFLAMETHROWER003');
INSERT INTO RegisteredPokemonMove VALUES ('PPOKE027', 'MSOLARBEAM005');
INSERT INTO RegisteredPokemonMove VALUES ('PPOKE027', 'MSHADOWBALL008');
INSERT INTO RegisteredPokemonMove VALUES ('PPOKE027', 'MPROTECT012');
INSERT INTO RegisteredPokemonMove VALUES ('PPOKE028', 'MEARTHQUAKE006');
INSERT INTO RegisteredPokemonMove VALUES ('PPOKE028', 'MFLAMETHROWER003');
INSERT INTO RegisteredPokemonMove VALUES ('PPOKE028', 'MHYDROPUMP004');
INSERT INTO RegisteredPokemonMove VALUES ('PPOKE028', 'MTACKLE001');
INSERT INTO RegisteredPokemonMove VALUES ('PPOKE029', 'MFLAMETHROWER003');
INSERT INTO RegisteredPokemonMove VALUES ('PPOKE030', 'MSWORDSDANCE014');
INSERT INTO RegisteredPokemonMove VALUES ('PPOKE031', 'MSOLARBEAM005');
INSERT INTO RegisteredPokemonMove VALUES ('PPOKE031', 'MTACKLE001');
INSERT INTO RegisteredPokemonMove VALUES ('PPOKE031', 'MSHADOWBALL008');
INSERT INTO RegisteredPokemonMove VALUES ('PPOKE032', 'MPROTECT012');
INSERT INTO RegisteredPokemonMove VALUES ('PPOKE032', 'MHYDROPUMP004');
INSERT INTO RegisteredPokemonMove VALUES ('PPOKE032', 'MSOLARBEAM005');
INSERT INTO RegisteredPokemonMove VALUES ('PPOKE033', 'MHYDROPUMP004');
INSERT INTO RegisteredPokemonMove VALUES ('PPOKE033', 'MTHUNDERBOLT002');
INSERT INTO RegisteredPokemonMove VALUES ('PPOKE033', 'MICEBEAM010');
INSERT INTO RegisteredPokemonMove VALUES ('PPOKE033', 'MFLAMETHROWER003');
INSERT INTO RegisteredPokemonMove VALUES ('PPOKE034', 'MICEBEAM010');
INSERT INTO RegisteredPokemonMove VALUES ('PPOKE034', 'MTHUNDERBOLT002');
INSERT INTO RegisteredPokemonMove VALUES ('PPOKE034', 'MSOLARBEAM005');
INSERT INTO RegisteredPokemonMove VALUES ('PPOKE035', 'MEARTHQUAKE006');
INSERT INTO RegisteredPokemonMove VALUES ('PPOKE035', 'MHYDROPUMP004');
INSERT INTO RegisteredPokemonMove VALUES ('PPOKE035', 'MPSYCHIC007');
INSERT INTO RegisteredPokemonMove VALUES ('PPOKE036', 'MPSYCHIC007');
INSERT INTO RegisteredPokemonMove VALUES ('PPOKE036', 'MTHUNDERBOLT002');
INSERT INTO RegisteredPokemonMove VALUES ('PPOKE036', 'MTACKLE001');
INSERT INTO RegisteredPokemonMove VALUES ('PPOKE037', 'MFLAMETHROWER003');
INSERT INTO RegisteredPokemonMove VALUES ('PPOKE038', 'MPSYCHIC007');
INSERT INTO RegisteredPokemonMove VALUES ('PPOKE038', 'MTACKLE001');
INSERT INTO RegisteredPokemonMove VALUES ('PPOKE038', 'MHYDROPUMP004');
INSERT INTO RegisteredPokemonMove VALUES ('PPOKE038', 'MEARTHQUAKE006');
INSERT INTO RegisteredPokemonMove VALUES ('PPOKE039', 'MTHUNDERBOLT002');
INSERT INTO RegisteredPokemonMove VALUES ('PPOKE039', 'MPROTECT012');
INSERT INTO RegisteredPokemonMove VALUES ('PPOKE040', 'MSWORDSDANCE014');
INSERT INTO RegisteredPokemonMove VALUES ('PPOKE041', 'MTHUNDERBOLT002');
INSERT INTO RegisteredPokemonMove VALUES ('PPOKE041', 'MSOLARBEAM005');
INSERT INTO RegisteredPokemonMove VALUES ('PPOKE041', 'MBRICKBREAK009');
INSERT INTO RegisteredPokemonMove VALUES ('PPOKE041', 'MPROTECT012');
INSERT INTO RegisteredPokemonMove VALUES ('PPOKE042', 'MPSYCHIC007');
INSERT INTO RegisteredPokemonMove VALUES ('PPOKE043', 'MSHADOWBALL008');
INSERT INTO RegisteredPokemonMove VALUES ('PPOKE043', 'MPROTECT012');
INSERT INTO RegisteredPokemonMove VALUES ('PPOKE044', 'MSHADOWBALL008');
INSERT INTO RegisteredPokemonMove VALUES ('PPOKE044', 'MPROTECT012');
INSERT INTO RegisteredPokemonMove VALUES ('PPOKE045', 'MPSYCHIC007');
INSERT INTO RegisteredPokemonMove VALUES ('PPOKE045', 'MEARTHQUAKE006');
INSERT INTO RegisteredPokemonMove VALUES ('PPOKE045', 'MFLAMETHROWER003');
INSERT INTO RegisteredPokemonMove VALUES ('PPOKE045', 'MTACKLE001');
INSERT INTO RegisteredPokemonMove VALUES ('PPOKE046', 'MHYPERBEAM011');
INSERT INTO RegisteredPokemonMove VALUES ('PPOKE046', 'MSHADOWBALL008');
INSERT INTO RegisteredPokemonMove VALUES ('PPOKE046', 'MHYDROPUMP004');
INSERT INTO RegisteredPokemonMove VALUES ('PPOKE046', 'MPSYCHIC007');
INSERT INTO RegisteredPokemonMove VALUES ('PPOKE047', 'MSHADOWBALL008');
INSERT INTO RegisteredPokemonMove VALUES ('PPOKE048', 'MSHADOWBALL008');
INSERT INTO RegisteredPokemonMove VALUES ('PPOKE048', 'MEARTHQUAKE006');
INSERT INTO RegisteredPokemonMove VALUES ('PPOKE048', 'MPSYCHIC007');
INSERT INTO RegisteredPokemonMove VALUES ('PPOKE049', 'MRECOVER013');
INSERT INTO RegisteredPokemonMove VALUES ('PPOKE050', 'MBRICKBREAK009');
INSERT INTO RegisteredPokemonMove VALUES ('PPOKE051', 'MICEBEAM010');
INSERT INTO RegisteredPokemonMove VALUES ('PPOKE051', 'MHYDROPUMP004');
INSERT INTO RegisteredPokemonMove VALUES ('PPOKE052', 'MSWORDSDANCE014');
INSERT INTO RegisteredPokemonMove VALUES ('PPOKE052', 'MSOLARBEAM005');
INSERT INTO RegisteredPokemonMove VALUES ('PPOKE052', 'MTHUNDERBOLT002');
INSERT INTO RegisteredPokemonMove VALUES ('PPOKE052', 'MFLAMETHROWER003');
INSERT INTO RegisteredPokemonMove VALUES ('PPOKE053', 'MTHUNDERBOLT002');
INSERT INTO RegisteredPokemonMove VALUES ('PPOKE053', 'MPROTECT012');
INSERT INTO RegisteredPokemonMove VALUES ('PPOKE054', 'MEARTHQUAKE006');
INSERT INTO RegisteredPokemonMove VALUES ('PPOKE054', 'MFLAMETHROWER003');
INSERT INTO RegisteredPokemonMove VALUES ('PPOKE054', 'MTHUNDERBOLT002');
INSERT INTO RegisteredPokemonMove VALUES ('PPOKE054', 'MSOLARBEAM005');
INSERT INTO RegisteredPokemonMove VALUES ('PPOKE055', 'MSOLARBEAM005');
INSERT INTO RegisteredPokemonMove VALUES ('PPOKE055', 'MSHADOWBALL008');
INSERT INTO RegisteredPokemonMove VALUES ('PPOKE056', 'MSOLARBEAM005');
INSERT INTO RegisteredPokemonMove VALUES ('PPOKE056', 'MPSYCHIC007');
INSERT INTO RegisteredPokemonMove VALUES ('PPOKE057', 'MSOLARBEAM005');
INSERT INTO RegisteredPokemonMove VALUES ('PPOKE057', 'MSHADOWBALL008');
INSERT INTO RegisteredPokemonMove VALUES ('PPOKE058', 'MSWORDSDANCE014');
INSERT INTO RegisteredPokemonMove VALUES ('PPOKE058', 'MTACKLE001');
INSERT INTO RegisteredPokemonMove VALUES ('PPOKE058', 'MEARTHQUAKE006');
INSERT INTO RegisteredPokemonMove VALUES ('PPOKE059', 'MPSYCHIC007');
INSERT INTO RegisteredPokemonMove VALUES ('PPOKE060', 'MTACKLE001');
INSERT INTO RegisteredPokemonMove VALUES ('PPOKE060', 'MSHADOWBALL008');
INSERT INTO RegisteredPokemonMove VALUES ('PPOKE060', 'MFLAMETHROWER003');
INSERT INTO RegisteredPokemonMove VALUES ('PPOKE060', 'MSWORDSDANCE014');
INSERT INTO RegisteredPokemonMove VALUES ('PPOKE061', 'MTACKLE001');
INSERT INTO RegisteredPokemonMove VALUES ('PPOKE062', 'MPSYCHIC007');
INSERT INTO RegisteredPokemonMove VALUES ('PPOKE062', 'MBRICKBREAK009');
INSERT INTO RegisteredPokemonMove VALUES ('PPOKE063', 'MSWORDSDANCE014');
INSERT INTO RegisteredPokemonMove VALUES ('PPOKE064', 'MBRICKBREAK009');
INSERT INTO RegisteredPokemonMove VALUES ('PPOKE065', 'MPSYCHIC007');
INSERT INTO RegisteredPokemonMove VALUES ('PPOKE065', 'MFLAMETHROWER003');
INSERT INTO RegisteredPokemonMove VALUES ('PPOKE065', 'MTHUNDERBOLT002');
INSERT INTO RegisteredPokemonMove VALUES ('PPOKE065', 'MSHADOWBALL008');
INSERT INTO RegisteredPokemonMove VALUES ('PPOKE066', 'MPSYCHIC007');
INSERT INTO RegisteredPokemonMove VALUES ('PPOKE066', 'MTACKLE001');
INSERT INTO RegisteredPokemonMove VALUES ('PPOKE066', 'MRECOVER013');
INSERT INTO RegisteredPokemonMove VALUES ('PPOKE066', 'MTHUNDERBOLT002');
INSERT INTO RegisteredPokemonMove VALUES ('PPOKE067', 'MHYPERBEAM011');
INSERT INTO RegisteredPokemonMove VALUES ('PPOKE067', 'MTHUNDERBOLT002');
INSERT INTO RegisteredPokemonMove VALUES ('PPOKE067', 'MEARTHQUAKE006');
INSERT INTO RegisteredPokemonMove VALUES ('PPOKE068', 'MSOLARBEAM005');
INSERT INTO RegisteredPokemonMove VALUES ('PPOKE068', 'MPSYCHIC007');
INSERT INTO RegisteredPokemonMove VALUES ('PPOKE068', 'MRECOVER013');
INSERT INTO RegisteredPokemonMove VALUES ('PPOKE068', 'MBRICKBREAK009');
INSERT INTO RegisteredPokemonMove VALUES ('PPOKE069', 'MSWORDSDANCE014');
INSERT INTO RegisteredPokemonMove VALUES ('PPOKE069', 'MBRICKBREAK009');
INSERT INTO RegisteredPokemonMove VALUES ('PPOKE070', 'MPSYCHIC007');
INSERT INTO RegisteredPokemonMove VALUES ('PPOKE070', 'MEARTHQUAKE006');
INSERT INTO RegisteredPokemonMove VALUES ('PPOKE070', 'MTACKLE001');
INSERT INTO RegisteredPokemonMove VALUES ('PPOKE071', 'MFLAMETHROWER003');
INSERT INTO RegisteredPokemonMove VALUES ('PPOKE071', 'MTACKLE001');
INSERT INTO RegisteredPokemonMove VALUES ('PPOKE071', 'MICEBEAM010');
INSERT INTO RegisteredPokemonMove VALUES ('PPOKE072', 'MSOLARBEAM005');
INSERT INTO RegisteredPokemonMove VALUES ('PPOKE073', 'MRECOVER013');
INSERT INTO RegisteredPokemonMove VALUES ('PPOKE074', 'MSWORDSDANCE014');
INSERT INTO RegisteredPokemonMove VALUES ('PPOKE074', 'MEARTHQUAKE006');
INSERT INTO RegisteredPokemonMove VALUES ('PPOKE074', 'MPSYCHIC007');
INSERT INTO RegisteredPokemonMove VALUES ('PPOKE074', 'MHYPERBEAM011');
INSERT INTO RegisteredPokemonMove VALUES ('PPOKE075', 'MEARTHQUAKE006');
INSERT INTO RegisteredPokemonMove VALUES ('PPOKE075', 'MPROTECT012');
INSERT INTO RegisteredPokemonMove VALUES ('PPOKE076', 'MPROTECT012');
INSERT INTO RegisteredPokemonMove VALUES ('PPOKE076', 'MHYPERBEAM011');
INSERT INTO RegisteredPokemonMove VALUES ('PPOKE076', 'MEARTHQUAKE006');
INSERT INTO RegisteredPokemonMove VALUES ('PPOKE076', 'MBRICKBREAK009');
INSERT INTO RegisteredPokemonMove VALUES ('PPOKE077', 'MTACKLE001');
INSERT INTO RegisteredPokemonMove VALUES ('PPOKE078', 'MPROTECT012');
INSERT INTO RegisteredPokemonMove VALUES ('PPOKE078', 'MSHADOWBALL008');
INSERT INTO RegisteredPokemonMove VALUES ('PPOKE078', 'MICEBEAM010');
INSERT INTO RegisteredPokemonMove VALUES ('PPOKE079', 'MBRICKBREAK009');
INSERT INTO RegisteredPokemonMove VALUES ('PPOKE080', 'MRECOVER013');
INSERT INTO RegisteredPokemonMove VALUES ('PPOKE080', 'MTHUNDERBOLT002');
INSERT INTO RegisteredPokemonMove VALUES ('PPOKE080', 'MHYDROPUMP004');
INSERT INTO RegisteredPokemonMove VALUES ('PPOKE081', 'MSOLARBEAM005');
INSERT INTO RegisteredPokemonMove VALUES ('PPOKE081', 'MICEBEAM010');
INSERT INTO RegisteredPokemonMove VALUES ('PPOKE082', 'MPSYCHIC007');
INSERT INTO RegisteredPokemonMove VALUES ('PPOKE082', 'MTHUNDERBOLT002');
INSERT INTO RegisteredPokemonMove VALUES ('PPOKE082', 'MSWORDSDANCE014');
INSERT INTO RegisteredPokemonMove VALUES ('PPOKE083', 'MTACKLE001');
INSERT INTO RegisteredPokemonMove VALUES ('PPOKE084', 'MPSYCHIC007');
INSERT INTO RegisteredPokemonMove VALUES ('PPOKE084', 'MTHUNDERBOLT002');
INSERT INTO RegisteredPokemonMove VALUES ('PPOKE084', 'MHYPERBEAM011');
INSERT INTO RegisteredPokemonMove VALUES ('PPOKE084', 'MSHADOWBALL008');
INSERT INTO RegisteredPokemonMove VALUES ('PPOKE085', 'MSHADOWBALL008');
INSERT INTO RegisteredPokemonMove VALUES ('PPOKE085', 'MPROTECT012');
INSERT INTO RegisteredPokemonMove VALUES ('PPOKE086', 'MPSYCHIC007');
INSERT INTO RegisteredPokemonMove VALUES ('PPOKE086', 'MHYDROPUMP004');
INSERT INTO RegisteredPokemonMove VALUES ('PPOKE087', 'MEARTHQUAKE006');
INSERT INTO RegisteredPokemonMove VALUES ('PPOKE087', 'MHYPERBEAM011');
INSERT INTO RegisteredPokemonMove VALUES ('PPOKE088', 'MEARTHQUAKE006');
INSERT INTO RegisteredPokemonMove VALUES ('PPOKE088', 'MTHUNDERBOLT002');
INSERT INTO RegisteredPokemonMove VALUES ('PPOKE088', 'MPROTECT012');
INSERT INTO RegisteredPokemonMove VALUES ('PPOKE088', 'MBRICKBREAK009');
INSERT INTO RegisteredPokemonMove VALUES ('PPOKE089', 'MPSYCHIC007');
INSERT INTO RegisteredPokemonMove VALUES ('PPOKE090', 'MBRICKBREAK009');
INSERT INTO RegisteredPokemonMove VALUES ('PPOKE090', 'MSWORDSDANCE014');
INSERT INTO RegisteredPokemonMove VALUES ('PPOKE090', 'MFLAMETHROWER003');
INSERT INTO RegisteredPokemonMove VALUES ('PPOKE090', 'MHYPERBEAM011');
INSERT INTO RegisteredPokemonMove VALUES ('PPOKE091', 'MSHADOWBALL008');
INSERT INTO RegisteredPokemonMove VALUES ('PPOKE091', 'MTACKLE001');
INSERT INTO RegisteredPokemonMove VALUES ('PPOKE091', 'MBRICKBREAK009');
INSERT INTO RegisteredPokemonMove VALUES ('PPOKE091', 'MSWORDSDANCE014');
INSERT INTO RegisteredPokemonMove VALUES ('PPOKE092', 'MPSYCHIC007');
INSERT INTO RegisteredPokemonMove VALUES ('PPOKE093', 'MSOLARBEAM005');
INSERT INTO RegisteredPokemonMove VALUES ('PPOKE093', 'MEARTHQUAKE006');
INSERT INTO RegisteredPokemonMove VALUES ('PPOKE094', 'MBRICKBREAK009');
INSERT INTO RegisteredPokemonMove VALUES ('PPOKE095', 'MSOLARBEAM005');
INSERT INTO RegisteredPokemonMove VALUES ('PPOKE095', 'MHYDROPUMP004');
INSERT INTO RegisteredPokemonMove VALUES ('PPOKE096', 'MSOLARBEAM005');
INSERT INTO RegisteredPokemonMove VALUES ('PPOKE096', 'MRECOVER013');
INSERT INTO RegisteredPokemonMove VALUES ('PPOKE096', 'MTACKLE001');
INSERT INTO RegisteredPokemonMove VALUES ('PPOKE096', 'MICEBEAM010');
INSERT INTO RegisteredPokemonMove VALUES ('PPOKE097', 'MICEBEAM010');
INSERT INTO RegisteredPokemonMove VALUES ('PPOKE097', 'MHYDROPUMP004');
INSERT INTO RegisteredPokemonMove VALUES ('PPOKE098', 'MTHUNDERBOLT002');
INSERT INTO RegisteredPokemonMove VALUES ('PPOKE098', 'MSWORDSDANCE014');
INSERT INTO RegisteredPokemonMove VALUES ('PPOKE098', 'MICEBEAM010');
INSERT INTO RegisteredPokemonMove VALUES ('PPOKE098', 'MEARTHQUAKE006');
INSERT INTO RegisteredPokemonMove VALUES ('PPOKE099', 'MHYPERBEAM011');
INSERT INTO RegisteredPokemonMove VALUES ('PPOKE099', 'MHYDROPUMP004');
INSERT INTO RegisteredPokemonMove VALUES ('PPOKE100', 'MPROTECT012');
INSERT INTO RegisteredPokemonMove VALUES ('PPOKE100', 'MRECOVER013');
INSERT INTO RegisteredPokemonMove VALUES ('PPOKE100', 'MTHUNDERBOLT002');
INSERT INTO RegisteredPokemonMove VALUES ('PPOKE101', 'MRECOVER013');
INSERT INTO RegisteredPokemonMove VALUES ('PPOKE102', 'MFLAMETHROWER003');
INSERT INTO RegisteredPokemonMove VALUES ('PPOKE102', 'MTHUNDERBOLT002');
INSERT INTO RegisteredPokemonMove VALUES ('PPOKE102', 'MHYPERBEAM011');
INSERT INTO RegisteredPokemonMove VALUES ('PPOKE103', 'MTHUNDERBOLT002');
INSERT INTO RegisteredPokemonMove VALUES ('PPOKE103', 'MTACKLE001');
INSERT INTO RegisteredPokemonMove VALUES ('PPOKE104', 'MFLAMETHROWER003');
INSERT INTO RegisteredPokemonMove VALUES ('PPOKE104', 'MTACKLE001');
INSERT INTO RegisteredPokemonMove VALUES ('PPOKE104', 'MTHUNDERBOLT002');
INSERT INTO RegisteredPokemonMove VALUES ('PPOKE105', 'MPROTECT012');
INSERT INTO RegisteredPokemonMove VALUES ('PPOKE106', 'MHYDROPUMP004');
INSERT INTO RegisteredPokemonMove VALUES ('PPOKE106', 'MSWORDSDANCE014');
INSERT INTO RegisteredPokemonMove VALUES ('PPOKE106', 'MTHUNDERBOLT002');
INSERT INTO RegisteredPokemonMove VALUES ('PPOKE107', 'MRECOVER013');
INSERT INTO RegisteredPokemonMove VALUES ('PPOKE107', 'MFLAMETHROWER003');
INSERT INTO RegisteredPokemonMove VALUES ('PPOKE108', 'MEARTHQUAKE006');
INSERT INTO RegisteredPokemonMove VALUES ('PPOKE108', 'MSHADOWBALL008');
INSERT INTO RegisteredPokemonMove VALUES ('PPOKE108', 'MFLAMETHROWER003');
INSERT INTO RegisteredPokemonMove VALUES ('PPOKE109', 'MHYDROPUMP004');
INSERT INTO RegisteredPokemonMove VALUES ('PPOKE109', 'MFLAMETHROWER003');
INSERT INTO RegisteredPokemonMove VALUES ('PPOKE109', 'MTACKLE001');
INSERT INTO RegisteredPokemonMove VALUES ('PPOKE110', 'MSHADOWBALL008');
INSERT INTO RegisteredPokemonMove VALUES ('PPOKE111', 'MRECOVER013');
INSERT INTO RegisteredPokemonMove VALUES ('PPOKE111', 'MSWORDSDANCE014');
INSERT INTO RegisteredPokemonMove VALUES ('PPOKE111', 'MPROTECT012');
INSERT INTO RegisteredPokemonMove VALUES ('PPOKE111', 'MSOLARBEAM005');
INSERT INTO RegisteredPokemonMove VALUES ('PPOKE112', 'MTHUNDERBOLT002');
INSERT INTO RegisteredPokemonMove VALUES ('PPOKE112', 'MSWORDSDANCE014');
INSERT INTO RegisteredPokemonMove VALUES ('PPOKE112', 'MSHADOWBALL008');
INSERT INTO RegisteredPokemonMove VALUES ('PPOKE113', 'MTACKLE001');
INSERT INTO RegisteredPokemonMove VALUES ('PPOKE113', 'MBRICKBREAK009');
INSERT INTO RegisteredPokemonMove VALUES ('PPOKE113', 'MHYDROPUMP004');
INSERT INTO RegisteredPokemonMove VALUES ('PPOKE114', 'MPROTECT012');
INSERT INTO RegisteredPokemonMove VALUES ('PPOKE114', 'MSWORDSDANCE014');
INSERT INTO RegisteredPokemonMove VALUES ('PPOKE114', 'MHYPERBEAM011');
INSERT INTO RegisteredPokemonMove VALUES ('PPOKE114', 'MPSYCHIC007');
INSERT INTO RegisteredPokemonMove VALUES ('PPOKE115', 'MPROTECT012');
INSERT INTO RegisteredPokemonMove VALUES ('PPOKE116', 'MBRICKBREAK009');
INSERT INTO RegisteredPokemonMove VALUES ('PPOKE116', 'MSWORDSDANCE014');
INSERT INTO RegisteredPokemonMove VALUES ('PPOKE116', 'MTHUNDERBOLT002');
INSERT INTO RegisteredPokemonMove VALUES ('PPOKE117', 'MICEBEAM010');
INSERT INTO RegisteredPokemonMove VALUES ('PPOKE117', 'MSOLARBEAM005');
INSERT INTO RegisteredPokemonMove VALUES ('PPOKE117', 'MFLAMETHROWER003');
INSERT INTO RegisteredPokemonMove VALUES ('PPOKE117', 'MTHUNDERBOLT002');
INSERT INTO RegisteredPokemonMove VALUES ('PPOKE118', 'MEARTHQUAKE006');
INSERT INTO RegisteredPokemonMove VALUES ('PPOKE119', 'MHYPERBEAM011');
INSERT INTO RegisteredPokemonMove VALUES ('PPOKE119', 'MTACKLE001');
INSERT INTO RegisteredPokemonMove VALUES ('PPOKE119', 'MICEBEAM010');
INSERT INTO RegisteredPokemonMove VALUES ('PPOKE119', 'MSHADOWBALL008');
INSERT INTO RegisteredPokemonMove VALUES ('PPOKE120', 'MSHADOWBALL008');
INSERT INTO RegisteredPokemonMove VALUES ('PPOKE121', 'MICEBEAM010');
INSERT INTO RegisteredPokemonMove VALUES ('PPOKE121', 'MEARTHQUAKE006');
INSERT INTO RegisteredPokemonMove VALUES ('PPOKE121', 'MFLAMETHROWER003');
INSERT INTO RegisteredPokemonMove VALUES ('PPOKE121', 'MHYDROPUMP004');
INSERT INTO RegisteredPokemonMove VALUES ('PPOKE122', 'MPSYCHIC007');
INSERT INTO RegisteredPokemonMove VALUES ('PPOKE122', 'MSHADOWBALL008');
INSERT INTO RegisteredPokemonMove VALUES ('PPOKE123', 'MTHUNDERBOLT002');
INSERT INTO RegisteredPokemonMove VALUES ('PPOKE123', 'MEARTHQUAKE006');
INSERT INTO RegisteredPokemonMove VALUES ('PPOKE124', 'MEARTHQUAKE006');
INSERT INTO RegisteredPokemonMove VALUES ('PPOKE125', 'MHYPERBEAM011');
INSERT INTO RegisteredPokemonMove VALUES ('PPOKE125', 'MPSYCHIC007');
INSERT INTO RegisteredPokemonMove VALUES ('PPOKE125', 'MSWORDSDANCE014');
INSERT INTO RegisteredPokemonMove VALUES ('PPOKE126', 'MFLAMETHROWER003');
INSERT INTO RegisteredPokemonMove VALUES ('PPOKE126', 'MRECOVER013');
INSERT INTO RegisteredPokemonMove VALUES ('PPOKE126', 'MICEBEAM010');
INSERT INTO RegisteredPokemonMove VALUES ('PPOKE126', 'MHYPERBEAM011');
INSERT INTO RegisteredPokemonMove VALUES ('PPOKE127', 'MBRICKBREAK009');
INSERT INTO RegisteredPokemonMove VALUES ('PPOKE128', 'MPSYCHIC007');
INSERT INTO RegisteredPokemonMove VALUES ('PPOKE128', 'MBRICKBREAK009');
INSERT INTO RegisteredPokemonMove VALUES ('PPOKE129', 'MEARTHQUAKE006');
INSERT INTO RegisteredPokemonMove VALUES ('PPOKE129', 'MSOLARBEAM005');
INSERT INTO RegisteredPokemonMove VALUES ('PPOKE129', 'MFLAMETHROWER003');
INSERT INTO RegisteredPokemonMove VALUES ('PPOKE130', 'MPROTECT012');
INSERT INTO RegisteredPokemonMove VALUES ('PPOKE130', 'MRECOVER013');
INSERT INTO RegisteredPokemonMove VALUES ('PPOKE131', 'MHYDROPUMP004');
INSERT INTO RegisteredPokemonMove VALUES ('PPOKE131', 'MBRICKBREAK009');
INSERT INTO RegisteredPokemonMove VALUES ('PPOKE131', 'MTACKLE001');
INSERT INTO RegisteredPokemonMove VALUES ('PPOKE131', 'MICEBEAM010');
INSERT INTO RegisteredPokemonMove VALUES ('PPOKE132', 'MSHADOWBALL008');
INSERT INTO RegisteredPokemonMove VALUES ('PPOKE133', 'MSOLARBEAM005');
INSERT INTO RegisteredPokemonMove VALUES ('PPOKE133', 'MHYDROPUMP004');
INSERT INTO RegisteredPokemonMove VALUES ('PPOKE134', 'MRECOVER013');
INSERT INTO RegisteredPokemonMove VALUES ('PPOKE134', 'MPSYCHIC007');
INSERT INTO RegisteredPokemonMove VALUES ('PPOKE135', 'MSHADOWBALL008');
INSERT INTO RegisteredPokemonMove VALUES ('PPOKE135', 'MEARTHQUAKE006');
INSERT INTO RegisteredPokemonMove VALUES ('PPOKE135', 'MFLAMETHROWER003');
INSERT INTO RegisteredPokemonMove VALUES ('PPOKE136', 'MSWORDSDANCE014');
INSERT INTO RegisteredPokemonMove VALUES ('PPOKE136', 'MHYDROPUMP004');
INSERT INTO RegisteredPokemonMove VALUES ('PPOKE137', 'MRECOVER013');
INSERT INTO RegisteredPokemonMove VALUES ('PPOKE137', 'MHYDROPUMP004');
INSERT INTO RegisteredPokemonMove VALUES ('PPOKE137', 'MPROTECT012');
INSERT INTO RegisteredPokemonMove VALUES ('PPOKE138', 'MSHADOWBALL008');
INSERT INTO RegisteredPokemonMove VALUES ('PPOKE138', 'MBRICKBREAK009');
INSERT INTO RegisteredPokemonMove VALUES ('PPOKE138', 'MFLAMETHROWER003');
INSERT INTO RegisteredPokemonMove VALUES ('PPOKE139', 'MFLAMETHROWER003');
INSERT INTO RegisteredPokemonMove VALUES ('PPOKE139', 'MHYDROPUMP004');
INSERT INTO RegisteredPokemonMove VALUES ('PPOKE139', 'MICEBEAM010');
INSERT INTO RegisteredPokemonMove VALUES ('PPOKE140', 'MHYPERBEAM011');
INSERT INTO RegisteredPokemonMove VALUES ('PPOKE140', 'MRECOVER013');
INSERT INTO RegisteredPokemonMove VALUES ('PPOKE141', 'MTHUNDERBOLT002');
INSERT INTO RegisteredPokemonMove VALUES ('PPOKE141', 'MHYPERBEAM011');
INSERT INTO RegisteredPokemonMove VALUES ('PPOKE142', 'MBRICKBREAK009');
INSERT INTO RegisteredPokemonMove VALUES ('PPOKE142', 'MFLAMETHROWER003');
INSERT INTO RegisteredPokemonMove VALUES ('PPOKE142', 'MHYPERBEAM011');
INSERT INTO RegisteredPokemonMove VALUES ('PPOKE142', 'MPROTECT012');
INSERT INTO RegisteredPokemonMove VALUES ('PPOKE143', 'MTACKLE001');
INSERT INTO RegisteredPokemonMove VALUES ('PPOKE143', 'MHYDROPUMP004');
INSERT INTO RegisteredPokemonMove VALUES ('PPOKE143', 'MFLAMETHROWER003');
INSERT INTO RegisteredPokemonMove VALUES ('PPOKE143', 'MEARTHQUAKE006');
INSERT INTO RegisteredPokemonMove VALUES ('PPOKE144', 'MSWORDSDANCE014');
INSERT INTO RegisteredPokemonMove VALUES ('PPOKE144', 'MEARTHQUAKE006');
INSERT INTO RegisteredPokemonMove VALUES ('PPOKE145', 'MRECOVER013');
INSERT INTO RegisteredPokemonMove VALUES ('PPOKE145', 'MFLAMETHROWER003');
INSERT INTO RegisteredPokemonMove VALUES ('PPOKE145', 'MPSYCHIC007');
INSERT INTO RegisteredPokemonMove VALUES ('PPOKE145', 'MSHADOWBALL008');
INSERT INTO RegisteredPokemonMove VALUES ('PPOKE146', 'MHYDROPUMP004');
INSERT INTO RegisteredPokemonMove VALUES ('PPOKE146', 'MHYPERBEAM011');
INSERT INTO RegisteredPokemonMove VALUES ('PPOKE146', 'MTHUNDERBOLT002');
INSERT INTO RegisteredPokemonMove VALUES ('PPOKE147', 'MEARTHQUAKE006');
INSERT INTO RegisteredPokemonMove VALUES ('PPOKE148', 'MEARTHQUAKE006');
INSERT INTO RegisteredPokemonMove VALUES ('PPOKE148', 'MSOLARBEAM005');
INSERT INTO RegisteredPokemonMove VALUES ('PPOKE148', 'MTACKLE001');
INSERT INTO RegisteredPokemonMove VALUES ('PPOKE149', 'MTHUNDERBOLT002');
INSERT INTO RegisteredPokemonMove VALUES ('PPOKE149', 'MSHADOWBALL008');
INSERT INTO RegisteredPokemonMove VALUES ('PPOKE149', 'MFLAMETHROWER003');
INSERT INTO RegisteredPokemonMove VALUES ('PPOKE149', 'MHYPERBEAM011');
INSERT INTO RegisteredPokemonMove VALUES ('PPOKE150', 'MTACKLE001');
INSERT INTO RegisteredPokemonMove VALUES ('PPOKE151', 'MFLAMETHROWER003');
INSERT INTO RegisteredPokemonMove VALUES ('PPOKE151', 'MHYPERBEAM011');
INSERT INTO RegisteredPokemonMove VALUES ('PPOKE151', 'MRECOVER013');
INSERT INTO RegisteredPokemonMove VALUES ('PPOKE152', 'MPROTECT012');
INSERT INTO RegisteredPokemonMove VALUES ('PPOKE152', 'MTACKLE001');
INSERT INTO RegisteredPokemonMove VALUES ('PPOKE152', 'MSHADOWBALL008');
INSERT INTO RegisteredPokemonMove VALUES ('PPOKE152', 'MPSYCHIC007');
INSERT INTO RegisteredPokemonMove VALUES ('PPOKE153', 'MEARTHQUAKE006');
INSERT INTO RegisteredPokemonMove VALUES ('PPOKE153', 'MSHADOWBALL008');
INSERT INTO RegisteredPokemonMove VALUES ('PPOKE154', 'MSOLARBEAM005');
INSERT INTO RegisteredPokemonMove VALUES ('PPOKE155', 'MTACKLE001');
INSERT INTO RegisteredPokemonMove VALUES ('PPOKE156', 'MSOLARBEAM005');
INSERT INTO RegisteredPokemonMove VALUES ('PPOKE156', 'MHYPERBEAM011');
INSERT INTO RegisteredPokemonMove VALUES ('PPOKE156', 'MHYDROPUMP004');
INSERT INTO RegisteredPokemonMove VALUES ('PPOKE157', 'MICEBEAM010');
INSERT INTO RegisteredPokemonMove VALUES ('PPOKE157', 'MBRICKBREAK009');
INSERT INTO RegisteredPokemonMove VALUES ('PPOKE157', 'MHYPERBEAM011');
INSERT INTO RegisteredPokemonMove VALUES ('PPOKE158', 'MBRICKBREAK009');
INSERT INTO RegisteredPokemonMove VALUES ('PPOKE158', 'MSWORDSDANCE014');
INSERT INTO RegisteredPokemonMove VALUES ('PPOKE158', 'MPSYCHIC007');
INSERT INTO RegisteredPokemonMove VALUES ('PPOKE158', 'MHYPERBEAM011');
INSERT INTO RegisteredPokemonMove VALUES ('PPOKE159', 'MTACKLE001');
INSERT INTO RegisteredPokemonMove VALUES ('PPOKE159', 'MEARTHQUAKE006');
INSERT INTO RegisteredPokemonMove VALUES ('PPOKE160', 'MICEBEAM010');
INSERT INTO RegisteredPokemonMove VALUES ('PPOKE160', 'MHYPERBEAM011');
INSERT INTO RegisteredPokemonMove VALUES ('PPOKE161', 'MSOLARBEAM005');
INSERT INTO RegisteredPokemonMove VALUES ('PPOKE162', 'MICEBEAM010');
INSERT INTO RegisteredPokemonMove VALUES ('PPOKE162', 'MPROTECT012');
INSERT INTO RegisteredPokemonMove VALUES ('PPOKE162', 'MSHADOWBALL008');
INSERT INTO RegisteredPokemonMove VALUES ('PPOKE162', 'MRECOVER013');
INSERT INTO RegisteredPokemonMove VALUES ('PPOKE163', 'MTACKLE001');
INSERT INTO RegisteredPokemonMove VALUES ('PPOKE163', 'MFLAMETHROWER003');
INSERT INTO RegisteredPokemonMove VALUES ('PPOKE163', 'MSOLARBEAM005');
INSERT INTO RegisteredPokemonMove VALUES ('PPOKE163', 'MSHADOWBALL008');
INSERT INTO RegisteredPokemonMove VALUES ('PPOKE164', 'MHYDROPUMP004');
INSERT INTO RegisteredPokemonMove VALUES ('PPOKE164', 'MPROTECT012');
INSERT INTO RegisteredPokemonMove VALUES ('PPOKE164', 'MHYPERBEAM011');
INSERT INTO RegisteredPokemonMove VALUES ('PPOKE164', 'MBRICKBREAK009');
INSERT INTO RegisteredPokemonMove VALUES ('PPOKE165', 'MBRICKBREAK009');
INSERT INTO RegisteredPokemonMove VALUES ('PPOKE166', 'MSHADOWBALL008');
INSERT INTO RegisteredPokemonMove VALUES ('PPOKE167', 'MRECOVER013');
INSERT INTO RegisteredPokemonMove VALUES ('PPOKE167', 'MTHUNDERBOLT002');
INSERT INTO RegisteredPokemonMove VALUES ('PPOKE168', 'MSWORDSDANCE014');
INSERT INTO RegisteredPokemonMove VALUES ('PPOKE169', 'MTHUNDERBOLT002');
INSERT INTO RegisteredPokemonMove VALUES ('PPOKE169', 'MRECOVER013');
INSERT INTO RegisteredPokemonMove VALUES ('PPOKE170', 'MSWORDSDANCE014');
INSERT INTO RegisteredPokemonMove VALUES ('PPOKE171', 'MSWORDSDANCE014');
INSERT INTO RegisteredPokemonMove VALUES ('PPOKE171', 'MSHADOWBALL008');
INSERT INTO RegisteredPokemonMove VALUES ('PPOKE172', 'MICEBEAM010');
INSERT INTO RegisteredPokemonMove VALUES ('PPOKE173', 'MBRICKBREAK009');
INSERT INTO RegisteredPokemonMove VALUES ('PPOKE173', 'MPSYCHIC007');
INSERT INTO RegisteredPokemonMove VALUES ('PPOKE173', 'MPROTECT012');
INSERT INTO RegisteredPokemonMove VALUES ('PPOKE174', 'MHYPERBEAM011');
INSERT INTO RegisteredPokemonMove VALUES ('PPOKE174', 'MSWORDSDANCE014');
INSERT INTO RegisteredPokemonMove VALUES ('PPOKE174', 'MTHUNDERBOLT002');
INSERT INTO RegisteredPokemonMove VALUES ('PPOKE175', 'MHYDROPUMP004');
INSERT INTO RegisteredPokemonMove VALUES ('PPOKE175', 'MPSYCHIC007');
INSERT INTO RegisteredPokemonMove VALUES ('PPOKE175', 'MTHUNDERBOLT002');
INSERT INTO RegisteredPokemonMove VALUES ('PPOKE176', 'MPROTECT012');
INSERT INTO RegisteredPokemonMove VALUES ('PPOKE176', 'MTHUNDERBOLT002');
INSERT INTO RegisteredPokemonMove VALUES ('PPOKE177', 'MSHADOWBALL008');
INSERT INTO RegisteredPokemonMove VALUES ('PPOKE177', 'MPSYCHIC007');
INSERT INTO RegisteredPokemonMove VALUES ('PPOKE177', 'MBRICKBREAK009');
INSERT INTO RegisteredPokemonMove VALUES ('PPOKE178', 'MICEBEAM010');
INSERT INTO RegisteredPokemonMove VALUES ('PPOKE178', 'MTACKLE001');
INSERT INTO RegisteredPokemonMove VALUES ('PPOKE178', 'MRECOVER013');
INSERT INTO RegisteredPokemonMove VALUES ('PPOKE178', 'MHYPERBEAM011');
INSERT INTO RegisteredPokemonMove VALUES ('PPOKE179', 'MHYDROPUMP004');
INSERT INTO RegisteredPokemonMove VALUES ('PPOKE179', 'MRECOVER013');
INSERT INTO RegisteredPokemonMove VALUES ('PPOKE179', 'MPROTECT012');
INSERT INTO RegisteredPokemonMove VALUES ('PPOKE180', 'MBRICKBREAK009');
INSERT INTO RegisteredPokemonMove VALUES ('PPOKE181', 'MRECOVER013');
INSERT INTO RegisteredPokemonMove VALUES ('PPOKE181', 'MBRICKBREAK009');
INSERT INTO RegisteredPokemonMove VALUES ('PPOKE181', 'MPSYCHIC007');
INSERT INTO RegisteredPokemonMove VALUES ('PPOKE182', 'MICEBEAM010');
INSERT INTO RegisteredPokemonMove VALUES ('PPOKE182', 'MTACKLE001');
INSERT INTO RegisteredPokemonMove VALUES ('PPOKE183', 'MEARTHQUAKE006');
INSERT INTO RegisteredPokemonMove VALUES ('PPOKE183', 'MSHADOWBALL008');
INSERT INTO RegisteredPokemonMove VALUES ('PPOKE184', 'MSOLARBEAM005');
INSERT INTO RegisteredPokemonMove VALUES ('PPOKE185', 'MHYDROPUMP004');
INSERT INTO RegisteredPokemonMove VALUES ('PPOKE185', 'MSWORDSDANCE014');
INSERT INTO RegisteredPokemonMove VALUES ('PPOKE185', 'MSOLARBEAM005');
INSERT INTO RegisteredPokemonMove VALUES ('PPOKE185', 'MTHUNDERBOLT002');
INSERT INTO RegisteredPokemonMove VALUES ('PPOKE186', 'MTHUNDERBOLT002');
INSERT INTO RegisteredPokemonMove VALUES ('PPOKE186', 'MPSYCHIC007');
INSERT INTO RegisteredPokemonMove VALUES ('PPOKE187', 'MTHUNDERBOLT002');
INSERT INTO RegisteredPokemonMove VALUES ('PPOKE188', 'MEARTHQUAKE006');
INSERT INTO RegisteredPokemonMove VALUES ('PPOKE189', 'MPROTECT012');
INSERT INTO RegisteredPokemonMove VALUES ('PPOKE189', 'MSWORDSDANCE014');
INSERT INTO RegisteredPokemonMove VALUES ('PPOKE189', 'MRECOVER013');
INSERT INTO RegisteredPokemonMove VALUES ('PPOKE190', 'MPSYCHIC007');
INSERT INTO RegisteredPokemonMove VALUES ('PPOKE191', 'MSWORDSDANCE014');
INSERT INTO RegisteredPokemonMove VALUES ('PPOKE191', 'MTACKLE001');
INSERT INTO RegisteredPokemonMove VALUES ('PPOKE191', 'MTHUNDERBOLT002');
INSERT INTO RegisteredPokemonMove VALUES ('PPOKE192', 'MTHUNDERBOLT002');
INSERT INTO RegisteredPokemonMove VALUES ('PPOKE192', 'MPSYCHIC007');
INSERT INTO RegisteredPokemonMove VALUES ('PPOKE192', 'MICEBEAM010');
INSERT INTO RegisteredPokemonMove VALUES ('PPOKE193', 'MBRICKBREAK009');
INSERT INTO RegisteredPokemonMove VALUES ('PPOKE193', 'MHYPERBEAM011');
INSERT INTO RegisteredPokemonMove VALUES ('PPOKE193', 'MTHUNDERBOLT002');
INSERT INTO RegisteredPokemonMove VALUES ('PPOKE194', 'MRECOVER013');
INSERT INTO RegisteredPokemonMove VALUES ('PPOKE195', 'MPROTECT012');
INSERT INTO RegisteredPokemonMove VALUES ('PPOKE195', 'MPSYCHIC007');
INSERT INTO RegisteredPokemonMove VALUES ('PPOKE195', 'MHYPERBEAM011');
INSERT INTO RegisteredPokemonMove VALUES ('PPOKE195', 'MHYDROPUMP004');
INSERT INTO RegisteredPokemonMove VALUES ('PPOKE196', 'MRECOVER013');
INSERT INTO RegisteredPokemonMove VALUES ('PPOKE196', 'MPSYCHIC007');
INSERT INTO RegisteredPokemonMove VALUES ('PPOKE196', 'MHYDROPUMP004');
INSERT INTO RegisteredPokemonMove VALUES ('PPOKE197', 'MEARTHQUAKE006');
INSERT INTO RegisteredPokemonMove VALUES ('PPOKE197', 'MFLAMETHROWER003');
INSERT INTO RegisteredPokemonMove VALUES ('PPOKE197', 'MTHUNDERBOLT002');
INSERT INTO RegisteredPokemonMove VALUES ('PPOKE197', 'MHYDROPUMP004');
INSERT INTO RegisteredPokemonMove VALUES ('PPOKE198', 'MBRICKBREAK009');
INSERT INTO RegisteredPokemonMove VALUES ('PPOKE198', 'MPROTECT012');
INSERT INTO RegisteredPokemonMove VALUES ('PPOKE198', 'MRECOVER013');
INSERT INTO RegisteredPokemonMove VALUES ('PPOKE198', 'MICEBEAM010');
INSERT INTO RegisteredPokemonMove VALUES ('PPOKE199', 'MSOLARBEAM005');
INSERT INTO RegisteredPokemonMove VALUES ('PPOKE199', 'MSHADOWBALL008');
INSERT INTO RegisteredPokemonMove VALUES ('PPOKE199', 'MFLAMETHROWER003');
INSERT INTO RegisteredPokemonMove VALUES ('PPOKE199', 'MSWORDSDANCE014');
INSERT INTO RegisteredPokemonMove VALUES ('PPOKE200', 'MTACKLE001');
INSERT INTO RegisteredPokemonMove VALUES ('PPOKE200', 'MHYPERBEAM011');
INSERT INTO RegisteredPokemonMove VALUES ('PPOKE200', 'MICEBEAM010');
INSERT INTO RegisteredPokemonMove VALUES ('PPOKE200', 'MBRICKBREAK009');
INSERT INTO RegisteredPokemonMove VALUES ('PPOKE201', 'MTHUNDERBOLT002');
INSERT INTO RegisteredPokemonMove VALUES ('PPOKE201', 'MHYDROPUMP004');
INSERT INTO RegisteredPokemonMove VALUES ('PPOKE201', 'MBRICKBREAK009');
INSERT INTO RegisteredPokemonMove VALUES ('PPOKE201', 'MICEBEAM010');
INSERT INTO RegisteredPokemonMove VALUES ('PPOKE202', 'MEARTHQUAKE006');
INSERT INTO RegisteredPokemonMove VALUES ('PPOKE202', 'MTHUNDERBOLT002');
INSERT INTO RegisteredPokemonMove VALUES ('PPOKE202', 'MSWORDSDANCE014');
INSERT INTO RegisteredPokemonMove VALUES ('PPOKE203', 'MSWORDSDANCE014');
INSERT INTO RegisteredPokemonMove VALUES ('PPOKE204', 'MSOLARBEAM005');
INSERT INTO RegisteredPokemonMove VALUES ('PPOKE205', 'MTHUNDERBOLT002');
INSERT INTO RegisteredPokemonMove VALUES ('PPOKE205', 'MFLAMETHROWER003');
INSERT INTO RegisteredPokemonMove VALUES ('PPOKE205', 'MSWORDSDANCE014');
INSERT INTO RegisteredPokemonMove VALUES ('PPOKE205', 'MTACKLE001');
INSERT INTO RegisteredPokemonMove VALUES ('PPOKE206', 'MSHADOWBALL008');
INSERT INTO RegisteredPokemonMove VALUES ('PPOKE207', 'MTACKLE001');
INSERT INTO RegisteredPokemonMove VALUES ('PPOKE207', 'MPSYCHIC007');
INSERT INTO RegisteredPokemonMove VALUES ('PPOKE207', 'MFLAMETHROWER003');
INSERT INTO RegisteredPokemonMove VALUES ('PPOKE208', 'MSHADOWBALL008');
INSERT INTO RegisteredPokemonMove VALUES ('PPOKE208', 'MSWORDSDANCE014');
INSERT INTO RegisteredPokemonMove VALUES ('PPOKE208', 'MTHUNDERBOLT002');
INSERT INTO RegisteredPokemonMove VALUES ('PPOKE209', 'MTHUNDERBOLT002');
INSERT INTO RegisteredPokemonMove VALUES ('PPOKE209', 'MSHADOWBALL008');
INSERT INTO RegisteredPokemonMove VALUES ('PPOKE209', 'MHYPERBEAM011');
INSERT INTO RegisteredPokemonMove VALUES ('PPOKE209', 'MBRICKBREAK009');
INSERT INTO RegisteredPokemonMove VALUES ('PPOKE210', 'MSOLARBEAM005');
INSERT INTO RegisteredPokemonMove VALUES ('PPOKE210', 'MHYDROPUMP004');
INSERT INTO RegisteredPokemonMove VALUES ('PPOKE210', 'MPROTECT012');
INSERT INTO RegisteredPokemonMove VALUES ('PPOKE211', 'MSOLARBEAM005');
INSERT INTO RegisteredPokemonMove VALUES ('PPOKE211', 'MPSYCHIC007');
INSERT INTO RegisteredPokemonMove VALUES ('PPOKE211', 'MPROTECT012');
INSERT INTO RegisteredPokemonMove VALUES ('PPOKE211', 'MFLAMETHROWER003');
INSERT INTO RegisteredPokemonMove VALUES ('PPOKE212', 'MTACKLE001');
INSERT INTO RegisteredPokemonMove VALUES ('PPOKE212', 'MSWORDSDANCE014');
INSERT INTO RegisteredPokemonMove VALUES ('PPOKE212', 'MTHUNDERBOLT002');
INSERT INTO RegisteredPokemonMove VALUES ('PPOKE212', 'MFLAMETHROWER003');
INSERT INTO RegisteredPokemonMove VALUES ('PPOKE213', 'MPROTECT012');
INSERT INTO RegisteredPokemonMove VALUES ('PPOKE214', 'MRECOVER013');
INSERT INTO RegisteredPokemonMove VALUES ('PPOKE214', 'MTACKLE001');
INSERT INTO RegisteredPokemonMove VALUES ('PPOKE215', 'MHYDROPUMP004');
INSERT INTO RegisteredPokemonMove VALUES ('PPOKE216', 'MICEBEAM010');
INSERT INTO RegisteredPokemonMove VALUES ('PPOKE216', 'MFLAMETHROWER003');
INSERT INTO RegisteredPokemonMove VALUES ('PPOKE217', 'MICEBEAM010');
INSERT INTO RegisteredPokemonMove VALUES ('PPOKE217', 'MSHADOWBALL008');
INSERT INTO RegisteredPokemonMove VALUES ('PPOKE217', 'MPROTECT012');
INSERT INTO RegisteredPokemonMove VALUES ('PPOKE217', 'MFLAMETHROWER003');
INSERT INTO RegisteredPokemonMove VALUES ('PPOKE218', 'MFLAMETHROWER003');
INSERT INTO RegisteredPokemonMove VALUES ('PPOKE219', 'MFLAMETHROWER003');
INSERT INTO RegisteredPokemonMove VALUES ('PPOKE219', 'MSWORDSDANCE014');
INSERT INTO RegisteredPokemonMove VALUES ('PPOKE219', 'MHYDROPUMP004');
INSERT INTO RegisteredPokemonMove VALUES ('PPOKE219', 'MTHUNDERBOLT002');
INSERT INTO RegisteredPokemonMove VALUES ('PPOKE220', 'MICEBEAM010');
INSERT INTO RegisteredPokemonMove VALUES ('PPOKE221', 'MFLAMETHROWER003');
INSERT INTO RegisteredPokemonMove VALUES ('PPOKE221', 'MTACKLE001');
INSERT INTO RegisteredPokemonMove VALUES ('PPOKE221', 'MSOLARBEAM005');
INSERT INTO RegisteredPokemonMove VALUES ('PPOKE221', 'MHYDROPUMP004');
INSERT INTO RegisteredPokemonMove VALUES ('PPOKE222', 'MSOLARBEAM005');
INSERT INTO RegisteredPokemonMove VALUES ('PPOKE222', 'MHYPERBEAM011');
INSERT INTO RegisteredPokemonMove VALUES ('PPOKE222', 'MICEBEAM010');
INSERT INTO RegisteredPokemonMove VALUES ('PPOKE222', 'MBRICKBREAK009');
INSERT INTO RegisteredPokemonMove VALUES ('PPOKE223', 'MICEBEAM010');
INSERT INTO RegisteredPokemonMove VALUES ('PPOKE224', 'MICEBEAM010');
INSERT INTO RegisteredPokemonMove VALUES ('PPOKE224', 'MBRICKBREAK009');
INSERT INTO RegisteredPokemonMove VALUES ('PPOKE224', 'MSWORDSDANCE014');
INSERT INTO RegisteredPokemonMove VALUES ('PPOKE225', 'MHYPERBEAM011');
INSERT INTO RegisteredPokemonMove VALUES ('PPOKE225', 'MBRICKBREAK009');
INSERT INTO RegisteredPokemonMove VALUES ('PPOKE225', 'MTACKLE001');
INSERT INTO RegisteredPokemonMove VALUES ('PPOKE226', 'MEARTHQUAKE006');
INSERT INTO RegisteredPokemonMove VALUES ('PPOKE227', 'MBRICKBREAK009');
INSERT INTO RegisteredPokemonMove VALUES ('PPOKE227', 'MPROTECT012');
INSERT INTO RegisteredPokemonMove VALUES ('PPOKE227', 'MTHUNDERBOLT002');
INSERT INTO RegisteredPokemonMove VALUES ('PPOKE227', 'MHYDROPUMP004');
INSERT INTO RegisteredPokemonMove VALUES ('PPOKE228', 'MRECOVER013');
INSERT INTO RegisteredPokemonMove VALUES ('PPOKE228', 'MBRICKBREAK009');
INSERT INTO RegisteredPokemonMove VALUES ('PPOKE228', 'MTHUNDERBOLT002');
INSERT INTO RegisteredPokemonMove VALUES ('PPOKE228', 'MHYDROPUMP004');
INSERT INTO RegisteredPokemonMove VALUES ('PPOKE229', 'MSOLARBEAM005');
INSERT INTO RegisteredPokemonMove VALUES ('PPOKE229', 'MTACKLE001');
INSERT INTO RegisteredPokemonMove VALUES ('PPOKE229', 'MICEBEAM010');
INSERT INTO RegisteredPokemonMove VALUES ('PPOKE230', 'MEARTHQUAKE006');
INSERT INTO RegisteredPokemonMove VALUES ('PPOKE231', 'MRECOVER013');
INSERT INTO RegisteredPokemonMove VALUES ('PPOKE231', 'MSHADOWBALL008');
INSERT INTO RegisteredPokemonMove VALUES ('PPOKE232', 'MRECOVER013');
INSERT INTO RegisteredPokemonMove VALUES ('PPOKE233', 'MICEBEAM010');
INSERT INTO RegisteredPokemonMove VALUES ('PPOKE233', 'MSHADOWBALL008');
INSERT INTO RegisteredPokemonMove VALUES ('PPOKE233', 'MPSYCHIC007');
INSERT INTO RegisteredPokemonMove VALUES ('PPOKE234', 'MPSYCHIC007');
INSERT INTO RegisteredPokemonMove VALUES ('PPOKE234', 'MEARTHQUAKE006');
INSERT INTO RegisteredPokemonMove VALUES ('PPOKE235', 'MSOLARBEAM005');
INSERT INTO RegisteredPokemonMove VALUES ('PPOKE236', 'MHYDROPUMP004');
INSERT INTO RegisteredPokemonMove VALUES ('PPOKE237', 'MICEBEAM010');
INSERT INTO RegisteredPokemonMove VALUES ('PPOKE238', 'MSOLARBEAM005');
INSERT INTO RegisteredPokemonMove VALUES ('PPOKE238', 'MTACKLE001');
INSERT INTO RegisteredPokemonMove VALUES ('PPOKE238', 'MHYPERBEAM011');
INSERT INTO RegisteredPokemonMove VALUES ('PPOKE238', 'MFLAMETHROWER003');
INSERT INTO RegisteredPokemonMove VALUES ('PPOKE239', 'MPSYCHIC007');
INSERT INTO RegisteredPokemonMove VALUES ('PPOKE240', 'MEARTHQUAKE006');
INSERT INTO RegisteredPokemonMove VALUES ('PPOKE240', 'MTHUNDERBOLT002');
INSERT INTO RegisteredPokemonMove VALUES ('PPOKE241', 'MSHADOWBALL008');
INSERT INTO RegisteredPokemonMove VALUES ('PPOKE242', 'MPROTECT012');
INSERT INTO RegisteredPokemonMove VALUES ('PPOKE242', 'MPSYCHIC007');
INSERT INTO RegisteredPokemonMove VALUES ('PPOKE243', 'MTACKLE001');
INSERT INTO RegisteredPokemonMove VALUES ('PPOKE243', 'MEARTHQUAKE006');
INSERT INTO RegisteredPokemonMove VALUES ('PPOKE243', 'MSOLARBEAM005');
INSERT INTO RegisteredPokemonMove VALUES ('PPOKE243', 'MBRICKBREAK009');
INSERT INTO RegisteredPokemonMove VALUES ('PPOKE244', 'MHYPERBEAM011');
INSERT INTO RegisteredPokemonMove VALUES ('PPOKE245', 'MFLAMETHROWER003');
INSERT INTO RegisteredPokemonMove VALUES ('PPOKE245', 'MEARTHQUAKE006');
INSERT INTO RegisteredPokemonMove VALUES ('PPOKE245', 'MHYPERBEAM011');
INSERT INTO RegisteredPokemonMove VALUES ('PPOKE245', 'MSHADOWBALL008');
INSERT INTO RegisteredPokemonMove VALUES ('PPOKE246', 'MHYDROPUMP004');
INSERT INTO RegisteredPokemonMove VALUES ('PPOKE246', 'MRECOVER013');
INSERT INTO RegisteredPokemonMove VALUES ('PPOKE247', 'MRECOVER013');
INSERT INTO RegisteredPokemonMove VALUES ('PPOKE247', 'MPROTECT012');
INSERT INTO RegisteredPokemonMove VALUES ('PPOKE248', 'MSHADOWBALL008');
INSERT INTO RegisteredPokemonMove VALUES ('PPOKE249', 'MPSYCHIC007');
INSERT INTO RegisteredPokemonMove VALUES ('PPOKE249', 'MPROTECT012');
INSERT INTO RegisteredPokemonMove VALUES ('PPOKE249', 'MSOLARBEAM005');
INSERT INTO RegisteredPokemonMove VALUES ('PPOKE249', 'MICEBEAM010');
INSERT INTO RegisteredPokemonMove VALUES ('PPOKE250', 'MTACKLE001');
INSERT INTO RegisteredPokemonMove VALUES ('PPOKE250', 'MHYDROPUMP004');
INSERT INTO RegisteredPokemonMove VALUES ('PPOKE251', 'MSHADOWBALL008');
INSERT INTO RegisteredPokemonMove VALUES ('PPOKE251', 'MPSYCHIC007');
INSERT INTO RegisteredPokemonMove VALUES ('PPOKE251', 'MHYPERBEAM011');
INSERT INTO RegisteredPokemonMove VALUES ('PPOKE252', 'MSHADOWBALL008');
INSERT INTO RegisteredPokemonMove VALUES ('PPOKE253', 'MTHUNDERBOLT002');
INSERT INTO RegisteredPokemonMove VALUES ('PPOKE253', 'MFLAMETHROWER003');
INSERT INTO RegisteredPokemonMove VALUES ('PPOKE254', 'MSHADOWBALL008');
INSERT INTO RegisteredPokemonMove VALUES ('PPOKE255', 'MHYDROPUMP004');
INSERT INTO RegisteredPokemonMove VALUES ('PPOKE255', 'MHYPERBEAM011');
INSERT INTO RegisteredPokemonMove VALUES ('PPOKE255', 'MBRICKBREAK009');
INSERT INTO RegisteredPokemonMove VALUES ('PPOKE255', 'MPROTECT012');
INSERT INTO RegisteredPokemonMove VALUES ('PPOKE256', 'MHYPERBEAM011');
INSERT INTO RegisteredPokemonMove VALUES ('PPOKE257', 'MHYPERBEAM011');
INSERT INTO RegisteredPokemonMove VALUES ('PPOKE258', 'MHYPERBEAM011');
INSERT INTO RegisteredPokemonMove VALUES ('PPOKE259', 'MTACKLE001');
INSERT INTO RegisteredPokemonMove VALUES ('PPOKE259', 'MBRICKBREAK009');
INSERT INTO RegisteredPokemonMove VALUES ('PPOKE260', 'MBRICKBREAK009');
INSERT INTO RegisteredPokemonMove VALUES ('PPOKE260', 'MTHUNDERBOLT002');
INSERT INTO RegisteredPokemonMove VALUES ('PPOKE260', 'MICEBEAM010');
INSERT INTO RegisteredPokemonMove VALUES ('PPOKE261', 'MTACKLE001');
INSERT INTO RegisteredPokemonMove VALUES ('PPOKE261', 'MPROTECT012');
INSERT INTO RegisteredPokemonMove VALUES ('PPOKE262', 'MSWORDSDANCE014');
INSERT INTO RegisteredPokemonMove VALUES ('PPOKE262', 'MBRICKBREAK009');
INSERT INTO RegisteredPokemonMove VALUES ('PPOKE263', 'MBRICKBREAK009');
INSERT INTO RegisteredPokemonMove VALUES ('PPOKE263', 'MRECOVER013');
INSERT INTO RegisteredPokemonMove VALUES ('PPOKE263', 'MTHUNDERBOLT002');
INSERT INTO RegisteredPokemonMove VALUES ('PPOKE263', 'MSHADOWBALL008');
INSERT INTO RegisteredPokemonMove VALUES ('PPOKE264', 'MPROTECT012');
INSERT INTO RegisteredPokemonMove VALUES ('PPOKE265', 'MFLAMETHROWER003');
INSERT INTO RegisteredPokemonMove VALUES ('PPOKE265', 'MTHUNDERBOLT002');
INSERT INTO RegisteredPokemonMove VALUES ('PPOKE265', 'MHYDROPUMP004');
INSERT INTO RegisteredPokemonMove VALUES ('PPOKE266', 'MRECOVER013');
INSERT INTO RegisteredPokemonMove VALUES ('PPOKE266', 'MSWORDSDANCE014');
INSERT INTO RegisteredPokemonMove VALUES ('PPOKE266', 'MHYDROPUMP004');
INSERT INTO RegisteredPokemonMove VALUES ('PPOKE266', 'MPSYCHIC007');
INSERT INTO RegisteredPokemonMove VALUES ('PPOKE267', 'MPSYCHIC007');
INSERT INTO RegisteredPokemonMove VALUES ('PPOKE267', 'MPROTECT012');
INSERT INTO RegisteredPokemonMove VALUES ('PPOKE267', 'MHYDROPUMP004');
INSERT INTO RegisteredPokemonMove VALUES ('PPOKE267', 'MFLAMETHROWER003');
INSERT INTO RegisteredPokemonMove VALUES ('PPOKE268', 'MHYPERBEAM011');
INSERT INTO RegisteredPokemonMove VALUES ('PPOKE268', 'MPROTECT012');
INSERT INTO RegisteredPokemonMove VALUES ('PPOKE269', 'MICEBEAM010');
INSERT INTO RegisteredPokemonMove VALUES ('PPOKE270', 'MBRICKBREAK009');
INSERT INTO RegisteredPokemonMove VALUES ('PPOKE271', 'MPROTECT012');
INSERT INTO RegisteredPokemonMove VALUES ('PPOKE271', 'MPSYCHIC007');
INSERT INTO RegisteredPokemonMove VALUES ('PPOKE271', 'MRECOVER013');
INSERT INTO RegisteredPokemonMove VALUES ('PPOKE272', 'MHYDROPUMP004');
INSERT INTO RegisteredPokemonMove VALUES ('PPOKE272', 'MTACKLE001');
INSERT INTO RegisteredPokemonMove VALUES ('PPOKE272', 'MPROTECT012');
INSERT INTO RegisteredPokemonMove VALUES ('PPOKE273', 'MBRICKBREAK009');
INSERT INTO RegisteredPokemonMove VALUES ('PPOKE274', 'MBRICKBREAK009');
INSERT INTO RegisteredPokemonMove VALUES ('PPOKE274', 'MFLAMETHROWER003');
INSERT INTO RegisteredPokemonMove VALUES ('PPOKE274', 'MSHADOWBALL008');
INSERT INTO RegisteredPokemonMove VALUES ('PPOKE274', 'MSOLARBEAM005');
INSERT INTO RegisteredPokemonMove VALUES ('PPOKE275', 'MPROTECT012');
INSERT INTO RegisteredPokemonMove VALUES ('PPOKE276', 'MSWORDSDANCE014');
INSERT INTO RegisteredPokemonMove VALUES ('PPOKE277', 'MEARTHQUAKE006');
INSERT INTO RegisteredPokemonMove VALUES ('PPOKE277', 'MPROTECT012');
INSERT INTO RegisteredPokemonMove VALUES ('PPOKE277', 'MTACKLE001');
INSERT INTO RegisteredPokemonMove VALUES ('PPOKE277', 'MRECOVER013');
INSERT INTO RegisteredPokemonMove VALUES ('PPOKE278', 'MTACKLE001');
INSERT INTO RegisteredPokemonMove VALUES ('PPOKE279', 'MPSYCHIC007');
INSERT INTO RegisteredPokemonMove VALUES ('PPOKE279', 'MTACKLE001');
INSERT INTO RegisteredPokemonMove VALUES ('PPOKE280', 'MSOLARBEAM005');
INSERT INTO RegisteredPokemonMove VALUES ('PPOKE280', 'MTHUNDERBOLT002');
INSERT INTO RegisteredPokemonMove VALUES ('PPOKE281', 'MRECOVER013');
INSERT INTO RegisteredPokemonMove VALUES ('PPOKE282', 'MTACKLE001');
INSERT INTO RegisteredPokemonMove VALUES ('PPOKE283', 'MEARTHQUAKE006');
INSERT INTO RegisteredPokemonMove VALUES ('PPOKE283', 'MBRICKBREAK009');
INSERT INTO RegisteredPokemonMove VALUES ('PPOKE283', 'MHYPERBEAM011');
INSERT INTO RegisteredPokemonMove VALUES ('PPOKE284', 'MHYDROPUMP004');
INSERT INTO RegisteredPokemonMove VALUES ('PPOKE284', 'MEARTHQUAKE006');
INSERT INTO RegisteredPokemonMove VALUES ('PPOKE285', 'MSHADOWBALL008');
INSERT INTO RegisteredPokemonMove VALUES ('PPOKE285', 'MSOLARBEAM005');
INSERT INTO RegisteredPokemonMove VALUES ('PPOKE285', 'MBRICKBREAK009');
INSERT INTO RegisteredPokemonMove VALUES ('PPOKE285', 'MPROTECT012');
INSERT INTO RegisteredPokemonMove VALUES ('PPOKE286', 'MFLAMETHROWER003');
INSERT INTO RegisteredPokemonMove VALUES ('PPOKE286', 'MSOLARBEAM005');
INSERT INTO RegisteredPokemonMove VALUES ('PPOKE286', 'MICEBEAM010');
INSERT INTO RegisteredPokemonMove VALUES ('PPOKE287', 'MFLAMETHROWER003');
INSERT INTO RegisteredPokemonMove VALUES ('PPOKE287', 'MSHADOWBALL008');
INSERT INTO RegisteredPokemonMove VALUES ('PPOKE288', 'MSHADOWBALL008');
INSERT INTO RegisteredPokemonMove VALUES ('PPOKE288', 'MBRICKBREAK009');
INSERT INTO RegisteredPokemonMove VALUES ('PPOKE288', 'MTACKLE001');
INSERT INTO RegisteredPokemonMove VALUES ('PPOKE289', 'MSWORDSDANCE014');
INSERT INTO RegisteredPokemonMove VALUES ('PPOKE290', 'MTHUNDERBOLT002');
INSERT INTO RegisteredPokemonMove VALUES ('PPOKE290', 'MPROTECT012');
INSERT INTO RegisteredPokemonMove VALUES ('PPOKE290', 'MSOLARBEAM005');
INSERT INTO RegisteredPokemonMove VALUES ('PPOKE291', 'MSHADOWBALL008');
INSERT INTO RegisteredPokemonMove VALUES ('PPOKE291', 'MBRICKBREAK009');
INSERT INTO RegisteredPokemonMove VALUES ('PPOKE292', 'MHYDROPUMP004');
INSERT INTO RegisteredPokemonMove VALUES ('PPOKE292', 'MBRICKBREAK009');
INSERT INTO RegisteredPokemonMove VALUES ('PPOKE292', 'MSHADOWBALL008');
INSERT INTO RegisteredPokemonMove VALUES ('PPOKE293', 'MHYDROPUMP004');
INSERT INTO RegisteredPokemonMove VALUES ('PPOKE294', 'MPSYCHIC007');
INSERT INTO RegisteredPokemonMove VALUES ('PPOKE294', 'MSWORDSDANCE014');
INSERT INTO RegisteredPokemonMove VALUES ('PPOKE294', 'MSOLARBEAM005');
INSERT INTO RegisteredPokemonMove VALUES ('PPOKE295', 'MHYDROPUMP004');
INSERT INTO RegisteredPokemonMove VALUES ('PPOKE295', 'MEARTHQUAKE006');
INSERT INTO RegisteredPokemonMove VALUES ('PPOKE295', 'MICEBEAM010');
INSERT INTO RegisteredPokemonMove VALUES ('PPOKE296', 'MHYPERBEAM011');
INSERT INTO RegisteredPokemonMove VALUES ('PPOKE296', 'MSHADOWBALL008');
INSERT INTO RegisteredPokemonMove VALUES ('PPOKE297', 'MEARTHQUAKE006');
INSERT INTO RegisteredPokemonMove VALUES ('PPOKE298', 'MPROTECT012');
INSERT INTO RegisteredPokemonMove VALUES ('PPOKE298', 'MSWORDSDANCE014');
INSERT INTO RegisteredPokemonMove VALUES ('PPOKE299', 'MHYDROPUMP004');
INSERT INTO RegisteredPokemonMove VALUES ('PPOKE299', 'MSHADOWBALL008');
INSERT INTO RegisteredPokemonMove VALUES ('PPOKE299', 'MEARTHQUAKE006');
INSERT INTO RegisteredPokemonMove VALUES ('PPOKE300', 'MTACKLE001');
INSERT INTO RegisteredPokemonMove VALUES ('PPOKE300', 'MPSYCHIC007');
INSERT INTO RegisteredPokemonMove VALUES ('PPOKE300', 'MFLAMETHROWER003');
INSERT INTO RegisteredPokemonMove VALUES ('PPOKE301', 'MTHUNDERBOLT002');
INSERT INTO RegisteredPokemonMove VALUES ('PPOKE302', 'MSWORDSDANCE014');
INSERT INTO RegisteredPokemonMove VALUES ('PPOKE303', 'MRECOVER013');
INSERT INTO RegisteredPokemonMove VALUES ('PPOKE303', 'MBRICKBREAK009');
INSERT INTO RegisteredPokemonMove VALUES ('PPOKE303', 'MICEBEAM010');
INSERT INTO RegisteredPokemonMove VALUES ('PPOKE303', 'MTACKLE001');
INSERT INTO RegisteredPokemonMove VALUES ('PPOKE304', 'MFLAMETHROWER003');
INSERT INTO RegisteredPokemonMove VALUES ('PPOKE304', 'MSWORDSDANCE014');
INSERT INTO RegisteredPokemonMove VALUES ('PPOKE304', 'MPSYCHIC007');
INSERT INTO RegisteredPokemonMove VALUES ('PPOKE305', 'MTACKLE001');
INSERT INTO RegisteredPokemonMove VALUES ('PPOKE306', 'MPSYCHIC007');
INSERT INTO RegisteredPokemonMove VALUES ('PPOKE306', 'MBRICKBREAK009');
INSERT INTO RegisteredPokemonMove VALUES ('PPOKE307', 'MSHADOWBALL008');
INSERT INTO RegisteredPokemonMove VALUES ('PPOKE307', 'MRECOVER013');
INSERT INTO RegisteredPokemonMove VALUES ('PPOKE308', 'MHYPERBEAM011');
INSERT INTO RegisteredPokemonMove VALUES ('PPOKE308', 'MBRICKBREAK009');
INSERT INTO RegisteredPokemonMove VALUES ('PPOKE309', 'MHYPERBEAM011');
INSERT INTO RegisteredPokemonMove VALUES ('PPOKE310', 'MSHADOWBALL008');
INSERT INTO RegisteredPokemonMove VALUES ('PPOKE310', 'MPROTECT012');
INSERT INTO RegisteredPokemonMove VALUES ('PPOKE310', 'MPSYCHIC007');
INSERT INTO RegisteredPokemonMove VALUES ('PPOKE311', 'MEARTHQUAKE006');
INSERT INTO RegisteredPokemonMove VALUES ('PPOKE312', 'MEARTHQUAKE006');
INSERT INTO RegisteredPokemonMove VALUES ('PPOKE312', 'MSWORDSDANCE014');
INSERT INTO RegisteredPokemonMove VALUES ('PPOKE313', 'MSHADOWBALL008');
INSERT INTO RegisteredPokemonMove VALUES ('PPOKE313', 'MSWORDSDANCE014');
INSERT INTO RegisteredPokemonMove VALUES ('PPOKE313', 'MPROTECT012');
INSERT INTO RegisteredPokemonMove VALUES ('PPOKE313', 'MRECOVER013');
INSERT INTO RegisteredPokemonMove VALUES ('PPOKE314', 'MSWORDSDANCE014');
INSERT INTO RegisteredPokemonMove VALUES ('PPOKE314', 'MHYPERBEAM011');
INSERT INTO RegisteredPokemonMove VALUES ('PPOKE314', 'MPSYCHIC007');
INSERT INTO RegisteredPokemonMove VALUES ('PPOKE314', 'MFLAMETHROWER003');
INSERT INTO RegisteredPokemonMove VALUES ('PPOKE315', 'MRECOVER013');
INSERT INTO RegisteredPokemonMove VALUES ('PPOKE315', 'MSOLARBEAM005');
INSERT INTO RegisteredPokemonMove VALUES ('PPOKE316', 'MPSYCHIC007');
INSERT INTO RegisteredPokemonMove VALUES ('PPOKE316', 'MSHADOWBALL008');
INSERT INTO RegisteredPokemonMove VALUES ('PPOKE316', 'MHYDROPUMP004');
INSERT INTO RegisteredPokemonMove VALUES ('PPOKE316', 'MHYPERBEAM011');
INSERT INTO RegisteredPokemonMove VALUES ('PPOKE317', 'MBRICKBREAK009');
INSERT INTO RegisteredPokemonMove VALUES ('PPOKE317', 'MHYDROPUMP004');
INSERT INTO RegisteredPokemonMove VALUES ('PPOKE318', 'MRECOVER013');
INSERT INTO RegisteredPokemonMove VALUES ('PPOKE318', 'MSOLARBEAM005');
INSERT INTO RegisteredPokemonMove VALUES ('PPOKE318', 'MSWORDSDANCE014');
INSERT INTO RegisteredPokemonMove VALUES ('PPOKE319', 'MSWORDSDANCE014');
INSERT INTO RegisteredPokemonMove VALUES ('PPOKE320', 'MHYDROPUMP004');
INSERT INTO RegisteredPokemonMove VALUES ('PPOKE320', 'MSWORDSDANCE014');
INSERT INTO RegisteredPokemonMove VALUES ('PPOKE320', 'MHYPERBEAM011');
INSERT INTO RegisteredPokemonMove VALUES ('PPOKE321', 'MHYDROPUMP004');
INSERT INTO RegisteredPokemonMove VALUES ('PPOKE321', 'MBRICKBREAK009');
INSERT INTO RegisteredPokemonMove VALUES ('PPOKE322', 'MSWORDSDANCE014');
INSERT INTO RegisteredPokemonMove VALUES ('PPOKE323', 'MICEBEAM010');
INSERT INTO RegisteredPokemonMove VALUES ('PPOKE324', 'MHYDROPUMP004');
INSERT INTO RegisteredPokemonMove VALUES ('PPOKE324', 'MEARTHQUAKE006');
INSERT INTO RegisteredPokemonMove VALUES ('PPOKE324', 'MSOLARBEAM005');
INSERT INTO RegisteredPokemonMove VALUES ('PPOKE325', 'MRECOVER013');
INSERT INTO RegisteredPokemonMove VALUES ('PPOKE325', 'MHYPERBEAM011');
INSERT INTO RegisteredPokemonMove VALUES ('PPOKE326', 'MFLAMETHROWER003');
INSERT INTO RegisteredPokemonMove VALUES ('PPOKE327', 'MBRICKBREAK009');
INSERT INTO RegisteredPokemonMove VALUES ('PPOKE327', 'MEARTHQUAKE006');
INSERT INTO RegisteredPokemonMove VALUES ('PPOKE328', 'MRECOVER013');
INSERT INTO RegisteredPokemonMove VALUES ('PPOKE328', 'MTACKLE001');
INSERT INTO RegisteredPokemonMove VALUES ('PPOKE329', 'MEARTHQUAKE006');
INSERT INTO RegisteredPokemonMove VALUES ('PPOKE329', 'MRECOVER013');
INSERT INTO RegisteredPokemonMove VALUES ('PPOKE329', 'MSWORDSDANCE014');
INSERT INTO RegisteredPokemonMove VALUES ('PPOKE330', 'MSHADOWBALL008');
INSERT INTO RegisteredPokemonMove VALUES ('PPOKE331', 'MSOLARBEAM005');
INSERT INTO RegisteredPokemonMove VALUES ('PPOKE331', 'MPROTECT012');
INSERT INTO RegisteredPokemonMove VALUES ('PPOKE331', 'MHYDROPUMP004');
INSERT INTO RegisteredPokemonMove VALUES ('PPOKE331', 'MSHADOWBALL008');
INSERT INTO RegisteredPokemonMove VALUES ('PPOKE332', 'MBRICKBREAK009');
INSERT INTO RegisteredPokemonMove VALUES ('PPOKE332', 'MEARTHQUAKE006');
INSERT INTO RegisteredPokemonMove VALUES ('PPOKE332', 'MPSYCHIC007');
INSERT INTO RegisteredPokemonMove VALUES ('PPOKE333', 'MHYDROPUMP004');
INSERT INTO RegisteredPokemonMove VALUES ('PPOKE334', 'MSHADOWBALL008');
INSERT INTO RegisteredPokemonMove VALUES ('PPOKE335', 'MICEBEAM010');
INSERT INTO RegisteredPokemonMove VALUES ('PPOKE335', 'MPROTECT012');
INSERT INTO RegisteredPokemonMove VALUES ('PPOKE336', 'MBRICKBREAK009');
INSERT INTO RegisteredPokemonMove VALUES ('PPOKE336', 'MTACKLE001');
INSERT INTO RegisteredPokemonMove VALUES ('PPOKE336', 'MPSYCHIC007');
INSERT INTO RegisteredPokemonMove VALUES ('PPOKE336', 'MTHUNDERBOLT002');
INSERT INTO RegisteredPokemonMove VALUES ('PPOKE337', 'MPSYCHIC007');
INSERT INTO RegisteredPokemonMove VALUES ('PPOKE337', 'MBRICKBREAK009');
INSERT INTO RegisteredPokemonMove VALUES ('PPOKE338', 'MHYDROPUMP004');
INSERT INTO RegisteredPokemonMove VALUES ('PPOKE339', 'MRECOVER013');
INSERT INTO RegisteredPokemonMove VALUES ('PPOKE339', 'MBRICKBREAK009');
INSERT INTO RegisteredPokemonMove VALUES ('PPOKE339', 'MSOLARBEAM005');
INSERT INTO RegisteredPokemonMove VALUES ('PPOKE340', 'MPROTECT012');
INSERT INTO RegisteredPokemonMove VALUES ('PPOKE340', 'MBRICKBREAK009');
INSERT INTO RegisteredPokemonMove VALUES ('PPOKE340', 'MFLAMETHROWER003');
INSERT INTO RegisteredPokemonMove VALUES ('PPOKE340', 'MSWORDSDANCE014');
INSERT INTO RegisteredPokemonMove VALUES ('PPOKE341', 'MHYDROPUMP004');
INSERT INTO RegisteredPokemonMove VALUES ('PPOKE341', 'MBRICKBREAK009');
INSERT INTO RegisteredPokemonMove VALUES ('PPOKE342', 'MTHUNDERBOLT002');
INSERT INTO RegisteredPokemonMove VALUES ('PPOKE343', 'MHYPERBEAM011');
INSERT INTO RegisteredPokemonMove VALUES ('PPOKE343', 'MFLAMETHROWER003');
INSERT INTO RegisteredPokemonMove VALUES ('PPOKE343', 'MSOLARBEAM005');
INSERT INTO RegisteredPokemonMove VALUES ('PPOKE343', 'MTACKLE001');
INSERT INTO RegisteredPokemonMove VALUES ('PPOKE344', 'MSHADOWBALL008');
INSERT INTO RegisteredPokemonMove VALUES ('PPOKE344', 'MBRICKBREAK009');
INSERT INTO RegisteredPokemonMove VALUES ('PPOKE345', 'MSWORDSDANCE014');
INSERT INTO RegisteredPokemonMove VALUES ('PPOKE345', 'MPROTECT012');
INSERT INTO RegisteredPokemonMove VALUES ('PPOKE345', 'MFLAMETHROWER003');
INSERT INTO RegisteredPokemonMove VALUES ('PPOKE345', 'MPSYCHIC007');
INSERT INTO RegisteredPokemonMove VALUES ('PPOKE346', 'MRECOVER013');
INSERT INTO RegisteredPokemonMove VALUES ('PPOKE346', 'MTACKLE001');
INSERT INTO RegisteredPokemonMove VALUES ('PPOKE346', 'MSWORDSDANCE014');
INSERT INTO RegisteredPokemonMove VALUES ('PPOKE347', 'MICEBEAM010');
INSERT INTO RegisteredPokemonMove VALUES ('PPOKE347', 'MBRICKBREAK009');
INSERT INTO RegisteredPokemonMove VALUES ('PPOKE347', 'MRECOVER013');
INSERT INTO RegisteredPokemonMove VALUES ('PPOKE347', 'MHYDROPUMP004');
INSERT INTO RegisteredPokemonMove VALUES ('PPOKE348', 'MTACKLE001');
INSERT INTO RegisteredPokemonMove VALUES ('PPOKE349', 'MPROTECT012');
INSERT INTO RegisteredPokemonMove VALUES ('PPOKE349', 'MHYDROPUMP004');
INSERT INTO RegisteredPokemonMove VALUES ('PPOKE349', 'MHYPERBEAM011');
INSERT INTO RegisteredPokemonMove VALUES ('PPOKE349', 'MTHUNDERBOLT002');
INSERT INTO RegisteredPokemonMove VALUES ('PPOKE350', 'MPSYCHIC007');
INSERT INTO RegisteredPokemonMove VALUES ('PPOKE351', 'MHYPERBEAM011');
INSERT INTO RegisteredPokemonMove VALUES ('PPOKE351', 'MRECOVER013');
INSERT INTO RegisteredPokemonMove VALUES ('PPOKE351', 'MEARTHQUAKE006');
INSERT INTO RegisteredPokemonMove VALUES ('PPOKE351', 'MSOLARBEAM005');
INSERT INTO RegisteredPokemonMove VALUES ('PPOKE352', 'MHYPERBEAM011');
INSERT INTO RegisteredPokemonMove VALUES ('PPOKE352', 'MTACKLE001');
INSERT INTO RegisteredPokemonMove VALUES ('PPOKE352', 'MEARTHQUAKE006');
INSERT INTO RegisteredPokemonMove VALUES ('PPOKE353', 'MSWORDSDANCE014');
INSERT INTO RegisteredPokemonMove VALUES ('PPOKE353', 'MPSYCHIC007');
INSERT INTO RegisteredPokemonMove VALUES ('PPOKE353', 'MEARTHQUAKE006');
INSERT INTO RegisteredPokemonMove VALUES ('PPOKE353', 'MSOLARBEAM005');
INSERT INTO RegisteredPokemonMove VALUES ('PPOKE354', 'MSWORDSDANCE014');
INSERT INTO RegisteredPokemonMove VALUES ('PPOKE355', 'MICEBEAM010');
INSERT INTO RegisteredPokemonMove VALUES ('PPOKE355', 'MSWORDSDANCE014');
INSERT INTO RegisteredPokemonMove VALUES ('PPOKE355', 'MHYDROPUMP004');
INSERT INTO RegisteredPokemonMove VALUES ('PPOKE355', 'MEARTHQUAKE006');
INSERT INTO RegisteredPokemonMove VALUES ('PPOKE356', 'MPROTECT012');
INSERT INTO RegisteredPokemonMove VALUES ('PPOKE357', 'MFLAMETHROWER003');
INSERT INTO RegisteredPokemonMove VALUES ('PPOKE357', 'MHYPERBEAM011');
INSERT INTO RegisteredPokemonMove VALUES ('PPOKE358', 'MICEBEAM010');
INSERT INTO RegisteredPokemonMove VALUES ('PPOKE358', 'MBRICKBREAK009');
INSERT INTO RegisteredPokemonMove VALUES ('PPOKE358', 'MHYDROPUMP004');
INSERT INTO RegisteredPokemonMove VALUES ('PPOKE358', 'MSWORDSDANCE014');
INSERT INTO RegisteredPokemonMove VALUES ('PPOKE359', 'MRECOVER013');
INSERT INTO RegisteredPokemonMove VALUES ('PPOKE359', 'MSWORDSDANCE014');
INSERT INTO RegisteredPokemonMove VALUES ('PPOKE359', 'MICEBEAM010');
INSERT INTO RegisteredPokemonMove VALUES ('PPOKE359', 'MSHADOWBALL008');
INSERT INTO RegisteredPokemonMove VALUES ('PPOKE360', 'MRECOVER013');
INSERT INTO RegisteredPokemonMove VALUES ('PPOKE361', 'MSWORDSDANCE014');
INSERT INTO RegisteredPokemonMove VALUES ('PPOKE361', 'MICEBEAM010');
INSERT INTO RegisteredPokemonMove VALUES ('PPOKE361', 'MTACKLE001');
INSERT INTO RegisteredPokemonMove VALUES ('PPOKE362', 'MRECOVER013');
INSERT INTO RegisteredPokemonMove VALUES ('PPOKE362', 'MHYPERBEAM011');
INSERT INTO RegisteredPokemonMove VALUES ('PPOKE362', 'MICEBEAM010');
INSERT INTO RegisteredPokemonMove VALUES ('PPOKE363', 'MBRICKBREAK009');
INSERT INTO RegisteredPokemonMove VALUES ('PPOKE363', 'MSOLARBEAM005');
INSERT INTO RegisteredPokemonMove VALUES ('PPOKE363', 'MEARTHQUAKE006');
INSERT INTO RegisteredPokemonMove VALUES ('PPOKE363', 'MHYPERBEAM011');
INSERT INTO RegisteredPokemonMove VALUES ('PPOKE364', 'MPROTECT012');
INSERT INTO RegisteredPokemonMove VALUES ('PPOKE364', 'MBRICKBREAK009');
INSERT INTO RegisteredPokemonMove VALUES ('PPOKE365', 'MSWORDSDANCE014');
INSERT INTO RegisteredPokemonMove VALUES ('PPOKE365', 'MFLAMETHROWER003');
INSERT INTO RegisteredPokemonMove VALUES ('PPOKE365', 'MBRICKBREAK009');
INSERT INTO RegisteredPokemonMove VALUES ('PPOKE365', 'MHYPERBEAM011');
INSERT INTO RegisteredPokemonMove VALUES ('PPOKE366', 'MTHUNDERBOLT002');
INSERT INTO RegisteredPokemonMove VALUES ('PPOKE366', 'MPSYCHIC007');
INSERT INTO RegisteredPokemonMove VALUES ('PPOKE366', 'MTACKLE001');
INSERT INTO RegisteredPokemonMove VALUES ('PPOKE366', 'MEARTHQUAKE006');
INSERT INTO RegisteredPokemonMove VALUES ('PPOKE367', 'MHYDROPUMP004');
INSERT INTO RegisteredPokemonMove VALUES ('PPOKE367', 'MTHUNDERBOLT002');
INSERT INTO RegisteredPokemonMove VALUES ('PPOKE367', 'MHYPERBEAM011');
INSERT INTO RegisteredPokemonMove VALUES ('PPOKE368', 'MSHADOWBALL008');
INSERT INTO RegisteredPokemonMove VALUES ('PPOKE368', 'MPSYCHIC007');
INSERT INTO RegisteredPokemonMove VALUES ('PPOKE369', 'MSOLARBEAM005');
INSERT INTO RegisteredPokemonMove VALUES ('PPOKE370', 'MFLAMETHROWER003');
INSERT INTO RegisteredPokemonMove VALUES ('PPOKE370', 'MHYPERBEAM011');
INSERT INTO RegisteredPokemonMove VALUES ('PPOKE370', 'MTACKLE001');
INSERT INTO RegisteredPokemonMove VALUES ('PPOKE370', 'MRECOVER013');
INSERT INTO RegisteredPokemonMove VALUES ('PPOKE371', 'MTHUNDERBOLT002');
INSERT INTO RegisteredPokemonMove VALUES ('PPOKE371', 'MHYPERBEAM011');
INSERT INTO RegisteredPokemonMove VALUES ('PPOKE371', 'MBRICKBREAK009');
INSERT INTO RegisteredPokemonMove VALUES ('PPOKE372', 'MHYPERBEAM011');
INSERT INTO RegisteredPokemonMove VALUES ('PPOKE372', 'MFLAMETHROWER003');
INSERT INTO RegisteredPokemonMove VALUES ('PPOKE372', 'MPSYCHIC007');
INSERT INTO RegisteredPokemonMove VALUES ('PPOKE372', 'MTHUNDERBOLT002');
INSERT INTO RegisteredPokemonMove VALUES ('PPOKE373', 'MPSYCHIC007');
INSERT INTO RegisteredPokemonMove VALUES ('PPOKE373', 'MBRICKBREAK009');
INSERT INTO RegisteredPokemonMove VALUES ('PPOKE373', 'MHYPERBEAM011');
INSERT INTO RegisteredPokemonMove VALUES ('PPOKE373', 'MICEBEAM010');
INSERT INTO RegisteredPokemonMove VALUES ('PPOKE374', 'MTHUNDERBOLT002');
INSERT INTO RegisteredPokemonMove VALUES ('PPOKE374', 'MICEBEAM010');
INSERT INTO RegisteredPokemonMove VALUES ('PPOKE374', 'MSHADOWBALL008');
INSERT INTO RegisteredPokemonMove VALUES ('PPOKE375', 'MHYDROPUMP004');
INSERT INTO RegisteredPokemonMove VALUES ('PPOKE375', 'MPSYCHIC007');
INSERT INTO RegisteredPokemonMove VALUES ('PPOKE376', 'MBRICKBREAK009');
INSERT INTO RegisteredPokemonMove VALUES ('PPOKE377', 'MHYPERBEAM011');
INSERT INTO RegisteredPokemonMove VALUES ('PPOKE377', 'MICEBEAM010');
INSERT INTO RegisteredPokemonMove VALUES ('PPOKE378', 'MICEBEAM010');
INSERT INTO RegisteredPokemonMove VALUES ('PPOKE378', 'MPROTECT012');
INSERT INTO RegisteredPokemonMove VALUES ('PPOKE379', 'MPROTECT012');
INSERT INTO RegisteredPokemonMove VALUES ('PPOKE380', 'MRECOVER013');
INSERT INTO RegisteredPokemonMove VALUES ('PPOKE381', 'MICEBEAM010');
INSERT INTO RegisteredPokemonMove VALUES ('PPOKE382', 'MFLAMETHROWER003');
INSERT INTO RegisteredPokemonMove VALUES ('PPOKE383', 'MICEBEAM010');
INSERT INTO RegisteredPokemonMove VALUES ('PPOKE384', 'MTHUNDERBOLT002');
INSERT INTO RegisteredPokemonMove VALUES ('PPOKE384', 'MPSYCHIC007');
INSERT INTO RegisteredPokemonMove VALUES ('PPOKE384', 'MBRICKBREAK009');
INSERT INTO RegisteredPokemonMove VALUES ('PPOKE385', 'MSHADOWBALL008');
INSERT INTO RegisteredPokemonMove VALUES ('PPOKE385', 'MTHUNDERBOLT002');
INSERT INTO RegisteredPokemonMove VALUES ('PPOKE385', 'MPSYCHIC007');
INSERT INTO RegisteredPokemonMove VALUES ('PPOKE386', 'MHYDROPUMP004');
INSERT INTO RegisteredPokemonMove VALUES ('PPOKE386', 'MSWORDSDANCE014');
INSERT INTO RegisteredPokemonMove VALUES ('PPOKE386', 'MHYPERBEAM011');
INSERT INTO RegisteredPokemonMove VALUES ('PPOKE387', 'MEARTHQUAKE006');
INSERT INTO RegisteredPokemonMove VALUES ('PPOKE387', 'MHYDROPUMP004');
INSERT INTO RegisteredPokemonMove VALUES ('PPOKE388', 'MRECOVER013');
INSERT INTO RegisteredPokemonMove VALUES ('PPOKE388', 'MEARTHQUAKE006');
INSERT INTO RegisteredPokemonMove VALUES ('PPOKE389', 'MFLAMETHROWER003');
INSERT INTO RegisteredPokemonMove VALUES ('PPOKE389', 'MPSYCHIC007');
INSERT INTO RegisteredPokemonMove VALUES ('PPOKE389', 'MTACKLE001');
INSERT INTO RegisteredPokemonMove VALUES ('PPOKE389', 'MEARTHQUAKE006');
INSERT INTO RegisteredPokemonMove VALUES ('PPOKE390', 'MPROTECT012');
INSERT INTO RegisteredPokemonMove VALUES ('PPOKE390', 'MSHADOWBALL008');
INSERT INTO RegisteredPokemonMove VALUES ('PPOKE390', 'MRECOVER013');
INSERT INTO RegisteredPokemonMove VALUES ('PPOKE390', 'MSOLARBEAM005');
INSERT INTO RegisteredPokemonMove VALUES ('PPOKE391', 'MICEBEAM010');
INSERT INTO RegisteredPokemonMove VALUES ('PPOKE391', 'MPROTECT012');
INSERT INTO RegisteredPokemonMove VALUES ('PPOKE391', 'MSHADOWBALL008');
INSERT INTO RegisteredPokemonMove VALUES ('PPOKE392', 'MSHADOWBALL008');
INSERT INTO RegisteredPokemonMove VALUES ('PPOKE392', 'MSWORDSDANCE014');
INSERT INTO RegisteredPokemonMove VALUES ('PPOKE392', 'MHYDROPUMP004');
INSERT INTO RegisteredPokemonMove VALUES ('PPOKE393', 'MPSYCHIC007');
INSERT INTO RegisteredPokemonMove VALUES ('PPOKE394', 'MBRICKBREAK009');
INSERT INTO RegisteredPokemonMove VALUES ('PPOKE395', 'MICEBEAM010');
INSERT INTO RegisteredPokemonMove VALUES ('PPOKE395', 'MBRICKBREAK009');
INSERT INTO RegisteredPokemonMove VALUES ('PPOKE395', 'MSHADOWBALL008');
INSERT INTO RegisteredPokemonMove VALUES ('PPOKE396', 'MHYPERBEAM011');
INSERT INTO RegisteredPokemonMove VALUES ('PPOKE396', 'MFLAMETHROWER003');
INSERT INTO RegisteredPokemonMove VALUES ('PPOKE396', 'MPROTECT012');
INSERT INTO RegisteredPokemonMove VALUES ('PPOKE396', 'MPSYCHIC007');
INSERT INTO RegisteredPokemonMove VALUES ('PPOKE397', 'MBRICKBREAK009');
INSERT INTO RegisteredPokemonMove VALUES ('PPOKE397', 'MTACKLE001');
INSERT INTO RegisteredPokemonMove VALUES ('PPOKE398', 'MEARTHQUAKE006');
INSERT INTO RegisteredPokemonMove VALUES ('PPOKE398', 'MFLAMETHROWER003');
INSERT INTO RegisteredPokemonMove VALUES ('PPOKE398', 'MPSYCHIC007');
INSERT INTO RegisteredPokemonMove VALUES ('PPOKE398', 'MHYPERBEAM011');
INSERT INTO RegisteredPokemonMove VALUES ('PPOKE399', 'MPROTECT012');
INSERT INTO RegisteredPokemonMove VALUES ('PPOKE399', 'MSOLARBEAM005');
INSERT INTO RegisteredPokemonMove VALUES ('PPOKE399', 'MTACKLE001');
INSERT INTO RegisteredPokemonMove VALUES ('PPOKE400', 'MHYDROPUMP004');
INSERT INTO RegisteredPokemonMove VALUES ('PPOKE400', 'MSOLARBEAM005');
INSERT INTO RegisteredPokemonMove VALUES ('PPOKE400', 'MSWORDSDANCE014');
INSERT INTO RegisteredPokemonMove VALUES ('PPOKE401', 'MFLAMETHROWER003');
INSERT INTO RegisteredPokemonMove VALUES ('PPOKE401', 'MSHADOWBALL008');
INSERT INTO RegisteredPokemonMove VALUES ('PPOKE401', 'MSOLARBEAM005');
INSERT INTO RegisteredPokemonMove VALUES ('PPOKE402', 'MBRICKBREAK009');
INSERT INTO RegisteredPokemonMove VALUES ('PPOKE402', 'MPROTECT012');
INSERT INTO RegisteredPokemonMove VALUES ('PPOKE403', 'MSHADOWBALL008');
INSERT INTO RegisteredPokemonMove VALUES ('PPOKE403', 'MPROTECT012');
INSERT INTO RegisteredPokemonMove VALUES ('PPOKE403', 'MHYPERBEAM011');
INSERT INTO RegisteredPokemonMove VALUES ('PPOKE404', 'MSWORDSDANCE014');
INSERT INTO RegisteredPokemonMove VALUES ('PPOKE404', 'MFLAMETHROWER003');
INSERT INTO RegisteredPokemonMove VALUES ('PPOKE404', 'MSOLARBEAM005');
INSERT INTO RegisteredPokemonMove VALUES ('PPOKE405', 'MPSYCHIC007');
INSERT INTO RegisteredPokemonMove VALUES ('PPOKE405', 'MTHUNDERBOLT002');
INSERT INTO RegisteredPokemonMove VALUES ('PPOKE405', 'MPROTECT012');
INSERT INTO RegisteredPokemonMove VALUES ('PPOKE406', 'MTACKLE001');
INSERT INTO RegisteredPokemonMove VALUES ('PPOKE406', 'MICEBEAM010');
INSERT INTO RegisteredPokemonMove VALUES ('PPOKE407', 'MTACKLE001');
INSERT INTO RegisteredPokemonMove VALUES ('PPOKE407', 'MEARTHQUAKE006');
INSERT INTO RegisteredPokemonMove VALUES ('PPOKE407', 'MBRICKBREAK009');
INSERT INTO RegisteredPokemonMove VALUES ('PPOKE407', 'MHYDROPUMP004');
INSERT INTO RegisteredPokemonMove VALUES ('PPOKE408', 'MEARTHQUAKE006');
INSERT INTO RegisteredPokemonMove VALUES ('PPOKE408', 'MSOLARBEAM005');
INSERT INTO RegisteredPokemonMove VALUES ('PPOKE408', 'MPROTECT012');
INSERT INTO RegisteredPokemonMove VALUES ('PPOKE408', 'MICEBEAM010');
INSERT INTO RegisteredPokemonMove VALUES ('PPOKE409', 'MTACKLE001');
INSERT INTO RegisteredPokemonMove VALUES ('PPOKE410', 'MSWORDSDANCE014');
INSERT INTO RegisteredPokemonMove VALUES ('PPOKE411', 'MSWORDSDANCE014');
INSERT INTO RegisteredPokemonMove VALUES ('PPOKE411', 'MPSYCHIC007');
INSERT INTO RegisteredPokemonMove VALUES ('PPOKE412', 'MPROTECT012');
INSERT INTO RegisteredPokemonMove VALUES ('PPOKE412', 'MSHADOWBALL008');
INSERT INTO RegisteredPokemonMove VALUES ('PPOKE412', 'MPSYCHIC007');
INSERT INTO RegisteredPokemonMove VALUES ('PPOKE413', 'MPSYCHIC007');
INSERT INTO RegisteredPokemonMove VALUES ('PPOKE413', 'MTHUNDERBOLT002');
INSERT INTO RegisteredPokemonMove VALUES ('PPOKE413', 'MSHADOWBALL008');
INSERT INTO RegisteredPokemonMove VALUES ('PPOKE414', 'MFLAMETHROWER003');
INSERT INTO RegisteredPokemonMove VALUES ('PPOKE414', 'MSOLARBEAM005');
INSERT INTO RegisteredPokemonMove VALUES ('PPOKE414', 'MRECOVER013');
INSERT INTO RegisteredPokemonMove VALUES ('PPOKE415', 'MRECOVER013');
INSERT INTO RegisteredPokemonMove VALUES ('PPOKE415', 'MTHUNDERBOLT002');
INSERT INTO RegisteredPokemonMove VALUES ('PPOKE415', 'MSWORDSDANCE014');
INSERT INTO RegisteredPokemonMove VALUES ('PPOKE415', 'MBRICKBREAK009');
INSERT INTO RegisteredPokemonMove VALUES ('PPOKE416', 'MSHADOWBALL008');
INSERT INTO RegisteredPokemonMove VALUES ('PPOKE417', 'MSWORDSDANCE014');
INSERT INTO RegisteredPokemonMove VALUES ('PPOKE417', 'MTHUNDERBOLT002');
INSERT INTO RegisteredPokemonMove VALUES ('PPOKE417', 'MPROTECT012');
INSERT INTO RegisteredPokemonMove VALUES ('PPOKE418', 'MHYDROPUMP004');
INSERT INTO RegisteredPokemonMove VALUES ('PPOKE418', 'MTACKLE001');
INSERT INTO RegisteredPokemonMove VALUES ('PPOKE418', 'MSHADOWBALL008');
INSERT INTO RegisteredPokemonMove VALUES ('PPOKE419', 'MHYPERBEAM011');
INSERT INTO RegisteredPokemonMove VALUES ('PPOKE419', 'MRECOVER013');
INSERT INTO RegisteredPokemonMove VALUES ('PPOKE419', 'MTHUNDERBOLT002');
INSERT INTO RegisteredPokemonMove VALUES ('PPOKE419', 'MPSYCHIC007');
INSERT INTO RegisteredPokemonMove VALUES ('PPOKE420', 'MTHUNDERBOLT002');
INSERT INTO RegisteredPokemonMove VALUES ('PPOKE421', 'MICEBEAM010');
INSERT INTO RegisteredPokemonMove VALUES ('PPOKE421', 'MHYPERBEAM011');
INSERT INTO RegisteredPokemonMove VALUES ('PPOKE421', 'MHYDROPUMP004');
INSERT INTO RegisteredPokemonMove VALUES ('PPOKE422', 'MSHADOWBALL008');
INSERT INTO RegisteredPokemonMove VALUES ('PPOKE422', 'MTACKLE001');
INSERT INTO RegisteredPokemonMove VALUES ('PPOKE422', 'MPROTECT012');
INSERT INTO RegisteredPokemonMove VALUES ('PPOKE423', 'MPSYCHIC007');
INSERT INTO RegisteredPokemonMove VALUES ('PPOKE424', 'MEARTHQUAKE006');
INSERT INTO RegisteredPokemonMove VALUES ('PPOKE424', 'MHYDROPUMP004');
INSERT INTO RegisteredPokemonMove VALUES ('PPOKE424', 'MRECOVER013');
INSERT INTO RegisteredPokemonMove VALUES ('PPOKE424', 'MSHADOWBALL008');
INSERT INTO RegisteredPokemonMove VALUES ('PPOKE425', 'MPSYCHIC007');
INSERT INTO RegisteredPokemonMove VALUES ('PPOKE425', 'MBRICKBREAK009');
INSERT INTO RegisteredPokemonMove VALUES ('PPOKE425', 'MEARTHQUAKE006');
INSERT INTO RegisteredPokemonMove VALUES ('PPOKE425', 'MSWORDSDANCE014');
INSERT INTO RegisteredPokemonMove VALUES ('PPOKE426', 'MSWORDSDANCE014');
INSERT INTO RegisteredPokemonMove VALUES ('PPOKE426', 'MRECOVER013');
INSERT INTO RegisteredPokemonMove VALUES ('PPOKE427', 'MSWORDSDANCE014');
INSERT INTO RegisteredPokemonMove VALUES ('PPOKE427', 'MHYDROPUMP004');
INSERT INTO RegisteredPokemonMove VALUES ('PPOKE428', 'MICEBEAM010');
INSERT INTO RegisteredPokemonMove VALUES ('PPOKE428', 'MFLAMETHROWER003');
INSERT INTO RegisteredPokemonMove VALUES ('PPOKE429', 'MEARTHQUAKE006');
INSERT INTO RegisteredPokemonMove VALUES ('PPOKE429', 'MBRICKBREAK009');
INSERT INTO RegisteredPokemonMove VALUES ('PPOKE429', 'MSWORDSDANCE014');
INSERT INTO RegisteredPokemonMove VALUES ('PPOKE429', 'MPSYCHIC007');
INSERT INTO RegisteredPokemonMove VALUES ('PPOKE430', 'MFLAMETHROWER003');
INSERT INTO RegisteredPokemonMove VALUES ('PPOKE430', 'MICEBEAM010');
INSERT INTO RegisteredPokemonMove VALUES ('PPOKE430', 'MSOLARBEAM005');
INSERT INTO RegisteredPokemonMove VALUES ('PPOKE431', 'MBRICKBREAK009');
INSERT INTO RegisteredPokemonMove VALUES ('PPOKE432', 'MEARTHQUAKE006');
INSERT INTO RegisteredPokemonMove VALUES ('PPOKE432', 'MRECOVER013');
INSERT INTO RegisteredPokemonMove VALUES ('PPOKE433', 'MRECOVER013');
INSERT INTO RegisteredPokemonMove VALUES ('PPOKE433', 'MICEBEAM010');
INSERT INTO RegisteredPokemonMove VALUES ('PPOKE433', 'MSOLARBEAM005');
INSERT INTO RegisteredPokemonMove VALUES ('PPOKE434', 'MEARTHQUAKE006');
INSERT INTO RegisteredPokemonMove VALUES ('PPOKE434', 'MPSYCHIC007');
INSERT INTO RegisteredPokemonMove VALUES ('PPOKE434', 'MSOLARBEAM005');
INSERT INTO RegisteredPokemonMove VALUES ('PPOKE434', 'MHYPERBEAM011');
INSERT INTO RegisteredPokemonMove VALUES ('PPOKE435', 'MRECOVER013');
INSERT INTO RegisteredPokemonMove VALUES ('PPOKE435', 'MSHADOWBALL008');
INSERT INTO RegisteredPokemonMove VALUES ('PPOKE435', 'MPROTECT012');
INSERT INTO RegisteredPokemonMove VALUES ('PPOKE436', 'MSOLARBEAM005');
INSERT INTO RegisteredPokemonMove VALUES ('PPOKE437', 'MHYDROPUMP004');
INSERT INTO RegisteredPokemonMove VALUES ('PPOKE437', 'MFLAMETHROWER003');
INSERT INTO RegisteredPokemonMove VALUES ('PPOKE437', 'MHYPERBEAM011');
INSERT INTO RegisteredPokemonMove VALUES ('PPOKE437', 'MTHUNDERBOLT002');
INSERT INTO RegisteredPokemonMove VALUES ('PPOKE438', 'MBRICKBREAK009');
INSERT INTO RegisteredPokemonMove VALUES ('PPOKE439', 'MPROTECT012');
INSERT INTO RegisteredPokemonMove VALUES ('PPOKE439', 'MTHUNDERBOLT002');
INSERT INTO RegisteredPokemonMove VALUES ('PPOKE439', 'MTACKLE001');
INSERT INTO RegisteredPokemonMove VALUES ('PPOKE439', 'MEARTHQUAKE006');
INSERT INTO RegisteredPokemonMove VALUES ('PPOKE440', 'MHYPERBEAM011');
INSERT INTO RegisteredPokemonMove VALUES ('PPOKE441', 'MSOLARBEAM005');
INSERT INTO RegisteredPokemonMove VALUES ('PPOKE441', 'MICEBEAM010');
INSERT INTO RegisteredPokemonMove VALUES ('PPOKE441', 'MPSYCHIC007');
INSERT INTO RegisteredPokemonMove VALUES ('PPOKE442', 'MTACKLE001');
INSERT INTO RegisteredPokemonMove VALUES ('PPOKE442', 'MSWORDSDANCE014');
INSERT INTO RegisteredPokemonMove VALUES ('PPOKE443', 'MSOLARBEAM005');
INSERT INTO RegisteredPokemonMove VALUES ('PPOKE444', 'MTHUNDERBOLT002');
INSERT INTO RegisteredPokemonMove VALUES ('PPOKE444', 'MEARTHQUAKE006');
INSERT INTO RegisteredPokemonMove VALUES ('PPOKE445', 'MRECOVER013');
INSERT INTO RegisteredPokemonMove VALUES ('PPOKE445', 'MHYPERBEAM011');
INSERT INTO RegisteredPokemonMove VALUES ('PPOKE445', 'MBRICKBREAK009');
INSERT INTO RegisteredPokemonMove VALUES ('PPOKE446', 'MHYPERBEAM011');
INSERT INTO RegisteredPokemonMove VALUES ('PPOKE446', 'MBRICKBREAK009');
INSERT INTO RegisteredPokemonMove VALUES ('PPOKE446', 'MEARTHQUAKE006');
INSERT INTO RegisteredPokemonMove VALUES ('PPOKE447', 'MSWORDSDANCE014');
INSERT INTO RegisteredPokemonMove VALUES ('PPOKE448', 'MTACKLE001');
INSERT INTO RegisteredPokemonMove VALUES ('PPOKE448', 'MRECOVER013');
INSERT INTO RegisteredPokemonMove VALUES ('PPOKE448', 'MSOLARBEAM005');
INSERT INTO RegisteredPokemonMove VALUES ('PPOKE448', 'MPSYCHIC007');
INSERT INTO RegisteredPokemonMove VALUES ('PPOKE449', 'MPROTECT012');
INSERT INTO RegisteredPokemonMove VALUES ('PPOKE449', 'MPSYCHIC007');
INSERT INTO RegisteredPokemonMove VALUES ('PPOKE450', 'MPROTECT012');
INSERT INTO RegisteredPokemonMove VALUES ('PPOKE450', 'MTHUNDERBOLT002');
INSERT INTO RegisteredPokemonMove VALUES ('PPOKE451', 'MRECOVER013');
INSERT INTO RegisteredPokemonMove VALUES ('PPOKE451', 'MBRICKBREAK009');
INSERT INTO RegisteredPokemonMove VALUES ('PPOKE452', 'MSOLARBEAM005');
INSERT INTO RegisteredPokemonMove VALUES ('PPOKE452', 'MPROTECT012');
INSERT INTO RegisteredPokemonMove VALUES ('PPOKE452', 'MSWORDSDANCE014');
INSERT INTO RegisteredPokemonMove VALUES ('PPOKE452', 'MFLAMETHROWER003');
INSERT INTO RegisteredPokemonMove VALUES ('PPOKE453', 'MTHUNDERBOLT002');
INSERT INTO RegisteredPokemonMove VALUES ('PPOKE454', 'MSWORDSDANCE014');
INSERT INTO RegisteredPokemonMove VALUES ('PPOKE454', 'MBRICKBREAK009');
INSERT INTO RegisteredPokemonMove VALUES ('PPOKE454', 'MICEBEAM010');
INSERT INTO RegisteredPokemonMove VALUES ('PPOKE454', 'MPSYCHIC007');
INSERT INTO RegisteredPokemonMove VALUES ('PPOKE455', 'MTHUNDERBOLT002');
INSERT INTO RegisteredPokemonMove VALUES ('PPOKE455', 'MEARTHQUAKE006');
INSERT INTO RegisteredPokemonMove VALUES ('PPOKE456', 'MHYPERBEAM011');
INSERT INTO RegisteredPokemonMove VALUES ('PPOKE457', 'MEARTHQUAKE006');
INSERT INTO RegisteredPokemonMove VALUES ('PPOKE457', 'MPSYCHIC007');
INSERT INTO RegisteredPokemonMove VALUES ('PPOKE457', 'MTHUNDERBOLT002');
INSERT INTO RegisteredPokemonMove VALUES ('PPOKE457', 'MSOLARBEAM005');
INSERT INTO RegisteredPokemonMove VALUES ('PPOKE458', 'MEARTHQUAKE006');
INSERT INTO RegisteredPokemonMove VALUES ('PPOKE458', 'MHYPERBEAM011');
INSERT INTO RegisteredPokemonMove VALUES ('PPOKE458', 'MRECOVER013');
INSERT INTO RegisteredPokemonMove VALUES ('PPOKE459', 'MEARTHQUAKE006');
INSERT INTO RegisteredPokemonMove VALUES ('PPOKE459', 'MTACKLE001');
INSERT INTO RegisteredPokemonMove VALUES ('PPOKE459', 'MSWORDSDANCE014');
INSERT INTO RegisteredPokemonMove VALUES ('PPOKE459', 'MPROTECT012');
INSERT INTO RegisteredPokemonMove VALUES ('PPOKE460', 'MPSYCHIC007');
INSERT INTO RegisteredPokemonMove VALUES ('PPOKE460', 'MTACKLE001');
INSERT INTO RegisteredPokemonMove VALUES ('PPOKE460', 'MTHUNDERBOLT002');
INSERT INTO RegisteredPokemonMove VALUES ('PPOKE461', 'MHYDROPUMP004');
INSERT INTO RegisteredPokemonMove VALUES ('PPOKE462', 'MPROTECT012');
INSERT INTO RegisteredPokemonMove VALUES ('PPOKE462', 'MSOLARBEAM005');
INSERT INTO RegisteredPokemonMove VALUES ('PPOKE462', 'MEARTHQUAKE006');
INSERT INTO RegisteredPokemonMove VALUES ('PPOKE462', 'MFLAMETHROWER003');
INSERT INTO RegisteredPokemonMove VALUES ('PPOKE463', 'MRECOVER013');
INSERT INTO RegisteredPokemonMove VALUES ('PPOKE463', 'MPSYCHIC007');
INSERT INTO RegisteredPokemonMove VALUES ('PPOKE464', 'MEARTHQUAKE006');
INSERT INTO RegisteredPokemonMove VALUES ('PPOKE464', 'MRECOVER013');
INSERT INTO RegisteredPokemonMove VALUES ('PPOKE464', 'MPSYCHIC007');
INSERT INTO RegisteredPokemonMove VALUES ('PPOKE465', 'MSHADOWBALL008');
INSERT INTO RegisteredPokemonMove VALUES ('PPOKE465', 'MICEBEAM010');
INSERT INTO RegisteredPokemonMove VALUES ('PPOKE465', 'MHYPERBEAM011');
INSERT INTO RegisteredPokemonMove VALUES ('PPOKE466', 'MSOLARBEAM005');
INSERT INTO RegisteredPokemonMove VALUES ('PPOKE467', 'MPROTECT012');
INSERT INTO RegisteredPokemonMove VALUES ('PPOKE468', 'MTHUNDERBOLT002');
INSERT INTO RegisteredPokemonMove VALUES ('PPOKE468', 'MHYDROPUMP004');
INSERT INTO RegisteredPokemonMove VALUES ('PPOKE469', 'MEARTHQUAKE006');
INSERT INTO RegisteredPokemonMove VALUES ('PPOKE470', 'MPSYCHIC007');
INSERT INTO RegisteredPokemonMove VALUES ('PPOKE470', 'MPROTECT012');
INSERT INTO RegisteredPokemonMove VALUES ('PPOKE470', 'MEARTHQUAKE006');
INSERT INTO RegisteredPokemonMove VALUES ('PPOKE470', 'MFLAMETHROWER003');
INSERT INTO RegisteredPokemonMove VALUES ('PPOKE471', 'MTHUNDERBOLT002');
INSERT INTO RegisteredPokemonMove VALUES ('PPOKE471', 'MEARTHQUAKE006');
INSERT INTO RegisteredPokemonMove VALUES ('PPOKE471', 'MSOLARBEAM005');
INSERT INTO RegisteredPokemonMove VALUES ('PPOKE472', 'MBRICKBREAK009');
INSERT INTO RegisteredPokemonMove VALUES ('PPOKE472', 'MHYPERBEAM011');
INSERT INTO RegisteredPokemonMove VALUES ('PPOKE473', 'MFLAMETHROWER003');
INSERT INTO RegisteredPokemonMove VALUES ('PPOKE474', 'MHYDROPUMP004');
INSERT INTO RegisteredPokemonMove VALUES ('PPOKE474', 'MEARTHQUAKE006');
INSERT INTO RegisteredPokemonMove VALUES ('PPOKE474', 'MHYPERBEAM011');
INSERT INTO RegisteredPokemonMove VALUES ('PPOKE474', 'MRECOVER013');
INSERT INTO RegisteredPokemonMove VALUES ('PPOKE475', 'MEARTHQUAKE006');
INSERT INTO RegisteredPokemonMove VALUES ('PPOKE476', 'MSOLARBEAM005');
INSERT INTO RegisteredPokemonMove VALUES ('PPOKE477', 'MPSYCHIC007');
INSERT INTO RegisteredPokemonMove VALUES ('PPOKE477', 'MTACKLE001');
INSERT INTO RegisteredPokemonMove VALUES ('PPOKE477', 'MFLAMETHROWER003');
INSERT INTO RegisteredPokemonMove VALUES ('PPOKE477', 'MSHADOWBALL008');
INSERT INTO RegisteredPokemonMove VALUES ('PPOKE478', 'MICEBEAM010');
INSERT INTO RegisteredPokemonMove VALUES ('PPOKE478', 'MHYPERBEAM011');
INSERT INTO RegisteredPokemonMove VALUES ('PPOKE478', 'MTACKLE001');
INSERT INTO RegisteredPokemonMove VALUES ('PPOKE479', 'MFLAMETHROWER003');
INSERT INTO RegisteredPokemonMove VALUES ('PPOKE479', 'MHYPERBEAM011');
INSERT INTO RegisteredPokemonMove VALUES ('PPOKE480', 'MICEBEAM010');
INSERT INTO RegisteredPokemonMove VALUES ('PPOKE480', 'MSWORDSDANCE014');
INSERT INTO RegisteredPokemonMove VALUES ('PPOKE480', 'MSOLARBEAM005');
INSERT INTO RegisteredPokemonMove VALUES ('PPOKE480', 'MTACKLE001');
INSERT INTO RegisteredPokemonMove VALUES ('PPOKE481', 'MICEBEAM010');
INSERT INTO RegisteredPokemonMove VALUES ('PPOKE481', 'MSOLARBEAM005');
INSERT INTO RegisteredPokemonMove VALUES ('PPOKE481', 'MHYPERBEAM011');
INSERT INTO RegisteredPokemonMove VALUES ('PPOKE482', 'MBRICKBREAK009');
INSERT INTO RegisteredPokemonMove VALUES ('PPOKE482', 'MHYPERBEAM011');
INSERT INTO RegisteredPokemonMove VALUES ('PPOKE483', 'MFLAMETHROWER003');
INSERT INTO RegisteredPokemonMove VALUES ('PPOKE483', 'MEARTHQUAKE006');
INSERT INTO RegisteredPokemonMove VALUES ('PPOKE483', 'MHYDROPUMP004');
INSERT INTO RegisteredPokemonMove VALUES ('PPOKE484', 'MTACKLE001');
INSERT INTO RegisteredPokemonMove VALUES ('PPOKE484', 'MTHUNDERBOLT002');
INSERT INTO RegisteredPokemonMove VALUES ('PPOKE484', 'MSWORDSDANCE014');
INSERT INTO RegisteredPokemonMove VALUES ('PPOKE485', 'MPROTECT012');
INSERT INTO RegisteredPokemonMove VALUES ('PPOKE485', 'MTACKLE001');
INSERT INTO RegisteredPokemonMove VALUES ('PPOKE485', 'MBRICKBREAK009');
INSERT INTO RegisteredPokemonMove VALUES ('PPOKE485', 'MEARTHQUAKE006');
INSERT INTO RegisteredPokemonMove VALUES ('PPOKE486', 'MFLAMETHROWER003');
INSERT INTO RegisteredPokemonMove VALUES ('PPOKE487', 'MTACKLE001');
INSERT INTO RegisteredPokemonMove VALUES ('PPOKE488', 'MHYPERBEAM011');
INSERT INTO RegisteredPokemonMove VALUES ('PPOKE488', 'MTACKLE001');
INSERT INTO RegisteredPokemonMove VALUES ('PPOKE488', 'MSHADOWBALL008');
INSERT INTO RegisteredPokemonMove VALUES ('PPOKE489', 'MSHADOWBALL008');
INSERT INTO RegisteredPokemonMove VALUES ('PPOKE490', 'MHYDROPUMP004');
INSERT INTO RegisteredPokemonMove VALUES ('PPOKE490', 'MFLAMETHROWER003');
INSERT INTO RegisteredPokemonMove VALUES ('PPOKE490', 'MSHADOWBALL008');
INSERT INTO RegisteredPokemonMove VALUES ('PPOKE491', 'MTHUNDERBOLT002');
INSERT INTO RegisteredPokemonMove VALUES ('PPOKE491', 'MTACKLE001');
INSERT INTO RegisteredPokemonMove VALUES ('PPOKE491', 'MFLAMETHROWER003');
INSERT INTO RegisteredPokemonMove VALUES ('PPOKE491', 'MPROTECT012');
INSERT INTO RegisteredPokemonMove VALUES ('PPOKE492', 'MSWORDSDANCE014');
INSERT INTO RegisteredPokemonMove VALUES ('PPOKE492', 'MPROTECT012');
INSERT INTO RegisteredPokemonMove VALUES ('PPOKE493', 'MTHUNDERBOLT002');
INSERT INTO RegisteredPokemonMove VALUES ('PPOKE493', 'MHYDROPUMP004');
INSERT INTO RegisteredPokemonMove VALUES ('PPOKE493', 'MICEBEAM010');
INSERT INTO RegisteredPokemonMove VALUES ('PPOKE493', 'MTACKLE001');
INSERT INTO RegisteredPokemonMove VALUES ('PPOKE494', 'MEARTHQUAKE006');
INSERT INTO RegisteredPokemonMove VALUES ('PPOKE495', 'MPSYCHIC007');
INSERT INTO RegisteredPokemonMove VALUES ('PPOKE496', 'MSOLARBEAM005');
INSERT INTO RegisteredPokemonMove VALUES ('PPOKE497', 'MHYDROPUMP004');
INSERT INTO RegisteredPokemonMove VALUES ('PPOKE497', 'MTHUNDERBOLT002');
INSERT INTO RegisteredPokemonMove VALUES ('PPOKE498', 'MFLAMETHROWER003');
INSERT INTO RegisteredPokemonMove VALUES ('PPOKE499', 'MRECOVER013');
INSERT INTO RegisteredPokemonMove VALUES ('PPOKE499', 'MPSYCHIC007');
INSERT INTO RegisteredPokemonMove VALUES ('PPOKE500', 'MSWORDSDANCE014');
INSERT INTO RegisteredPokemonMove VALUES ('PPOKE500', 'MTHUNDERBOLT002');
INSERT INTO RegisteredPokemonMove VALUES ('PPOKE501', 'MSWORDSDANCE014');
INSERT INTO RegisteredPokemonMove VALUES ('PPOKE501', 'MICEBEAM010');
INSERT INTO RegisteredPokemonMove VALUES ('PPOKE501', 'MHYDROPUMP004');
INSERT INTO RegisteredPokemonMove VALUES ('PPOKE502', 'MHYPERBEAM011');
INSERT INTO RegisteredPokemonMove VALUES ('PPOKE502', 'MTHUNDERBOLT002');
INSERT INTO RegisteredPokemonMove VALUES ('PPOKE502', 'MFLAMETHROWER003');
INSERT INTO RegisteredPokemonMove VALUES ('PPOKE502', 'MHYDROPUMP004');
INSERT INTO RegisteredPokemonMove VALUES ('PPOKE503', 'MICEBEAM010');
INSERT INTO RegisteredPokemonMove VALUES ('PPOKE503', 'MSHADOWBALL008');
INSERT INTO RegisteredPokemonMove VALUES ('PPOKE503', 'MPSYCHIC007');
INSERT INTO RegisteredPokemonMove VALUES ('PPOKE504', 'MBRICKBREAK009');
INSERT INTO RegisteredPokemonMove VALUES ('PPOKE504', 'MTACKLE001');
INSERT INTO RegisteredPokemonMove VALUES ('PPOKE504', 'MHYPERBEAM011');
INSERT INTO RegisteredPokemonMove VALUES ('PPOKE505', 'MHYDROPUMP004');
INSERT INTO RegisteredPokemonMove VALUES ('PPOKE505', 'MFLAMETHROWER003');
INSERT INTO RegisteredPokemonMove VALUES ('PPOKE505', 'MPSYCHIC007');
INSERT INTO RegisteredPokemonMove VALUES ('PPOKE506', 'MEARTHQUAKE006');
INSERT INTO RegisteredPokemonMove VALUES ('PPOKE506', 'MPROTECT012');
INSERT INTO RegisteredPokemonMove VALUES ('PPOKE506', 'MTACKLE001');
INSERT INTO RegisteredPokemonMove VALUES ('PPOKE507', 'MFLAMETHROWER003');
INSERT INTO RegisteredPokemonMove VALUES ('PPOKE507', 'MBRICKBREAK009');
INSERT INTO RegisteredPokemonMove VALUES ('PPOKE507', 'MTACKLE001');
INSERT INTO RegisteredPokemonMove VALUES ('PPOKE507', 'MEARTHQUAKE006');
INSERT INTO RegisteredPokemonMove VALUES ('PPOKE508', 'MRECOVER013');
INSERT INTO RegisteredPokemonMove VALUES ('PPOKE508', 'MHYDROPUMP004');
INSERT INTO RegisteredPokemonMove VALUES ('PPOKE508', 'MTHUNDERBOLT002');
INSERT INTO RegisteredPokemonMove VALUES ('PPOKE509', 'MHYPERBEAM011');
INSERT INTO RegisteredPokemonMove VALUES ('PPOKE509', 'MRECOVER013');
INSERT INTO RegisteredPokemonMove VALUES ('PPOKE509', 'MFLAMETHROWER003');
INSERT INTO RegisteredPokemonMove VALUES ('PPOKE510', 'MRECOVER013');
INSERT INTO RegisteredPokemonMove VALUES ('PPOKE510', 'MTACKLE001');
INSERT INTO RegisteredPokemonMove VALUES ('PPOKE510', 'MPSYCHIC007');
INSERT INTO RegisteredPokemonMove VALUES ('PPOKE511', 'MSHADOWBALL008');
INSERT INTO RegisteredPokemonMove VALUES ('PPOKE512', 'MTACKLE001');
INSERT INTO RegisteredPokemonMove VALUES ('PPOKE512', 'MBRICKBREAK009');
INSERT INTO RegisteredPokemonMove VALUES ('PPOKE512', 'MICEBEAM010');
INSERT INTO RegisteredPokemonMove VALUES ('PPOKE513', 'MFLAMETHROWER003');
INSERT INTO RegisteredPokemonMove VALUES ('PPOKE513', 'MHYDROPUMP004');
INSERT INTO RegisteredPokemonMove VALUES ('PPOKE514', 'MSOLARBEAM005');
INSERT INTO RegisteredPokemonMove VALUES ('PPOKE514', 'MPROTECT012');
INSERT INTO RegisteredPokemonMove VALUES ('PPOKE515', 'MSWORDSDANCE014');
INSERT INTO RegisteredPokemonMove VALUES ('PPOKE516', 'MPROTECT012');
INSERT INTO RegisteredPokemonMove VALUES ('PPOKE516', 'MEARTHQUAKE006');
INSERT INTO RegisteredPokemonMove VALUES ('PPOKE517', 'MHYDROPUMP004');
INSERT INTO RegisteredPokemonMove VALUES ('PPOKE518', 'MFLAMETHROWER003');
INSERT INTO RegisteredPokemonMove VALUES ('PPOKE519', 'MBRICKBREAK009');
INSERT INTO RegisteredPokemonMove VALUES ('PPOKE519', 'MTACKLE001');
INSERT INTO RegisteredPokemonMove VALUES ('PPOKE519', 'MSWORDSDANCE014');
INSERT INTO RegisteredPokemonMove VALUES ('PPOKE520', 'MBRICKBREAK009');
INSERT INTO RegisteredPokemonMove VALUES ('PPOKE520', 'MPSYCHIC007');
INSERT INTO RegisteredPokemonMove VALUES ('PPOKE520', 'MICEBEAM010');
INSERT INTO RegisteredPokemonMove VALUES ('PPOKE521', 'MSOLARBEAM005');
INSERT INTO RegisteredPokemonMove VALUES ('PPOKE522', 'MEARTHQUAKE006');
INSERT INTO RegisteredPokemonMove VALUES ('PPOKE522', 'MFLAMETHROWER003');
INSERT INTO RegisteredPokemonMove VALUES ('PPOKE522', 'MHYDROPUMP004');
INSERT INTO RegisteredPokemonMove VALUES ('PPOKE523', 'MHYPERBEAM011');
INSERT INTO RegisteredPokemonMove VALUES ('PPOKE524', 'MSOLARBEAM005');
INSERT INTO RegisteredPokemonMove VALUES ('PPOKE524', 'MSWORDSDANCE014');
INSERT INTO RegisteredPokemonMove VALUES ('PPOKE524', 'MTACKLE001');
INSERT INTO RegisteredPokemonMove VALUES ('PPOKE524', 'MPROTECT012');
INSERT INTO RegisteredPokemonMove VALUES ('PPOKE525', 'MSHADOWBALL008');
INSERT INTO RegisteredPokemonMove VALUES ('PPOKE526', 'MSOLARBEAM005');
INSERT INTO RegisteredPokemonMove VALUES ('PPOKE527', 'MEARTHQUAKE006');
INSERT INTO RegisteredPokemonMove VALUES ('PPOKE528', 'MTHUNDERBOLT002');
INSERT INTO RegisteredPokemonMove VALUES ('PPOKE528', 'MICEBEAM010');
INSERT INTO RegisteredPokemonMove VALUES ('PPOKE529', 'MPSYCHIC007');
INSERT INTO RegisteredPokemonMove VALUES ('PPOKE529', 'MSHADOWBALL008');
INSERT INTO RegisteredPokemonMove VALUES ('PPOKE530', 'MRECOVER013');
INSERT INTO RegisteredPokemonMove VALUES ('PPOKE530', 'MEARTHQUAKE006');
INSERT INTO RegisteredPokemonMove VALUES ('PPOKE531', 'MRECOVER013');
INSERT INTO RegisteredPokemonMove VALUES ('PPOKE532', 'MEARTHQUAKE006');
INSERT INTO RegisteredPokemonMove VALUES ('PPOKE532', 'MHYDROPUMP004');
INSERT INTO RegisteredPokemonMove VALUES ('PPOKE532', 'MSWORDSDANCE014');
INSERT INTO RegisteredPokemonMove VALUES ('PPOKE533', 'MSOLARBEAM005');
INSERT INTO RegisteredPokemonMove VALUES ('PPOKE534', 'MFLAMETHROWER003');
INSERT INTO RegisteredPokemonMove VALUES ('PPOKE534', 'MHYDROPUMP004');
INSERT INTO RegisteredPokemonMove VALUES ('PPOKE534', 'MBRICKBREAK009');
INSERT INTO RegisteredPokemonMove VALUES ('PPOKE535', 'MTHUNDERBOLT002');
INSERT INTO RegisteredPokemonMove VALUES ('PPOKE536', 'MSHADOWBALL008');
INSERT INTO RegisteredPokemonMove VALUES ('PPOKE536', 'MHYPERBEAM011');
INSERT INTO RegisteredPokemonMove VALUES ('PPOKE537', 'MHYPERBEAM011');
INSERT INTO RegisteredPokemonMove VALUES ('PPOKE537', 'MSHADOWBALL008');
INSERT INTO RegisteredPokemonMove VALUES ('PPOKE537', 'MHYDROPUMP004');
INSERT INTO RegisteredPokemonMove VALUES ('PPOKE537', 'MPSYCHIC007');
INSERT INTO RegisteredPokemonMove VALUES ('PPOKE538', 'MRECOVER013');
INSERT INTO RegisteredPokemonMove VALUES ('PPOKE538', 'MPROTECT012');
INSERT INTO RegisteredPokemonMove VALUES ('PPOKE538', 'MSWORDSDANCE014');
INSERT INTO RegisteredPokemonMove VALUES ('PPOKE539', 'MPSYCHIC007');
INSERT INTO RegisteredPokemonMove VALUES ('PPOKE539', 'MSHADOWBALL008');
INSERT INTO RegisteredPokemonMove VALUES ('PPOKE539', 'MSOLARBEAM005');
INSERT INTO RegisteredPokemonMove VALUES ('PPOKE539', 'MHYDROPUMP004');
INSERT INTO RegisteredPokemonMove VALUES ('PPOKE540', 'MPSYCHIC007');
INSERT INTO RegisteredPokemonMove VALUES ('PPOKE540', 'MTHUNDERBOLT002');
INSERT INTO RegisteredPokemonMove VALUES ('PPOKE541', 'MFLAMETHROWER003');
INSERT INTO RegisteredPokemonMove VALUES ('PPOKE542', 'MSOLARBEAM005');
INSERT INTO RegisteredPokemonMove VALUES ('PPOKE542', 'MPSYCHIC007');
INSERT INTO RegisteredPokemonMove VALUES ('PPOKE543', 'MHYPERBEAM011');
INSERT INTO RegisteredPokemonMove VALUES ('PPOKE543', 'MPSYCHIC007');
INSERT INTO RegisteredPokemonMove VALUES ('PPOKE543', 'MICEBEAM010');
INSERT INTO RegisteredPokemonMove VALUES ('PPOKE543', 'MSWORDSDANCE014');
INSERT INTO RegisteredPokemonMove VALUES ('PPOKE544', 'MPROTECT012');
INSERT INTO RegisteredPokemonMove VALUES ('PPOKE545', 'MPROTECT012');
INSERT INTO RegisteredPokemonMove VALUES ('PPOKE545', 'MSWORDSDANCE014');
INSERT INTO RegisteredPokemonMove VALUES ('PPOKE545', 'MBRICKBREAK009');
INSERT INTO RegisteredPokemonMove VALUES ('PPOKE545', 'MSHADOWBALL008');
INSERT INTO RegisteredPokemonMove VALUES ('PPOKE546', 'MSHADOWBALL008');
INSERT INTO RegisteredPokemonMove VALUES ('PPOKE546', 'MPSYCHIC007');
INSERT INTO RegisteredPokemonMove VALUES ('PPOKE546', 'MICEBEAM010');
INSERT INTO RegisteredPokemonMove VALUES ('PPOKE547', 'MTHUNDERBOLT002');
INSERT INTO RegisteredPokemonMove VALUES ('PPOKE547', 'MTACKLE001');
INSERT INTO RegisteredPokemonMove VALUES ('PPOKE547', 'MSHADOWBALL008');
INSERT INTO RegisteredPokemonMove VALUES ('PPOKE547', 'MRECOVER013');
INSERT INTO RegisteredPokemonMove VALUES ('PPOKE548', 'MFLAMETHROWER003');
INSERT INTO RegisteredPokemonMove VALUES ('PPOKE548', 'MICEBEAM010');
INSERT INTO RegisteredPokemonMove VALUES ('PPOKE548', 'MSHADOWBALL008');
INSERT INTO RegisteredPokemonMove VALUES ('PPOKE548', 'MEARTHQUAKE006');
INSERT INTO RegisteredPokemonMove VALUES ('PPOKE549', 'MHYDROPUMP004');
INSERT INTO RegisteredPokemonMove VALUES ('PPOKE550', 'MRECOVER013');
INSERT INTO RegisteredPokemonMove VALUES ('PPOKE550', 'MHYDROPUMP004');
INSERT INTO RegisteredPokemonMove VALUES ('PPOKE551', 'MBRICKBREAK009');
INSERT INTO RegisteredPokemonMove VALUES ('PPOKE552', 'MFLAMETHROWER003');
INSERT INTO RegisteredPokemonMove VALUES ('PPOKE552', 'MHYDROPUMP004');
INSERT INTO RegisteredPokemonMove VALUES ('PPOKE552', 'MICEBEAM010');
INSERT INTO RegisteredPokemonMove VALUES ('PPOKE553', 'MSWORDSDANCE014');
INSERT INTO RegisteredPokemonMove VALUES ('PPOKE554', 'MPROTECT012');
INSERT INTO RegisteredPokemonMove VALUES ('PPOKE554', 'MICEBEAM010');
INSERT INTO RegisteredPokemonMove VALUES ('PPOKE554', 'MEARTHQUAKE006');
INSERT INTO RegisteredPokemonMove VALUES ('PPOKE555', 'MPSYCHIC007');
INSERT INTO RegisteredPokemonMove VALUES ('PPOKE555', 'MSOLARBEAM005');
INSERT INTO RegisteredPokemonMove VALUES ('PPOKE555', 'MHYPERBEAM011');
INSERT INTO RegisteredPokemonMove VALUES ('PPOKE556', 'MTACKLE001');
INSERT INTO RegisteredPokemonMove VALUES ('PPOKE556', 'MHYDROPUMP004');
INSERT INTO RegisteredPokemonMove VALUES ('PPOKE556', 'MSHADOWBALL008');
INSERT INTO RegisteredPokemonMove VALUES ('PPOKE556', 'MBRICKBREAK009');
INSERT INTO RegisteredPokemonMove VALUES ('PPOKE557', 'MPSYCHIC007');
INSERT INTO RegisteredPokemonMove VALUES ('PPOKE557', 'MTHUNDERBOLT002');
INSERT INTO RegisteredPokemonMove VALUES ('PPOKE557', 'MHYDROPUMP004');
INSERT INTO RegisteredPokemonMove VALUES ('PPOKE558', 'MEARTHQUAKE006');
INSERT INTO RegisteredPokemonMove VALUES ('PPOKE558', 'MSOLARBEAM005');
INSERT INTO RegisteredPokemonMove VALUES ('PPOKE558', 'MTACKLE001');
INSERT INTO RegisteredPokemonMove VALUES ('PPOKE559', 'MPSYCHIC007');
INSERT INTO RegisteredPokemonMove VALUES ('PPOKE559', 'MEARTHQUAKE006');
INSERT INTO RegisteredPokemonMove VALUES ('PPOKE559', 'MBRICKBREAK009');
INSERT INTO RegisteredPokemonMove VALUES ('PPOKE560', 'MICEBEAM010');
INSERT INTO RegisteredPokemonMove VALUES ('PPOKE560', 'MEARTHQUAKE006');
INSERT INTO RegisteredPokemonMove VALUES ('PPOKE561', 'MHYPERBEAM011');
INSERT INTO RegisteredPokemonMove VALUES ('PPOKE561', 'MSOLARBEAM005');
INSERT INTO RegisteredPokemonMove VALUES ('PPOKE561', 'MTACKLE001');
INSERT INTO RegisteredPokemonMove VALUES ('PPOKE562', 'MEARTHQUAKE006');
INSERT INTO RegisteredPokemonMove VALUES ('PPOKE562', 'MSOLARBEAM005');
INSERT INTO RegisteredPokemonMove VALUES ('PPOKE562', 'MPROTECT012');
INSERT INTO RegisteredPokemonMove VALUES ('PPOKE562', 'MSWORDSDANCE014');
INSERT INTO RegisteredPokemonMove VALUES ('PPOKE563', 'MHYDROPUMP004');
INSERT INTO RegisteredPokemonMove VALUES ('PPOKE563', 'MEARTHQUAKE006');
INSERT INTO RegisteredPokemonMove VALUES ('PPOKE563', 'MRECOVER013');
INSERT INTO RegisteredPokemonMove VALUES ('PPOKE563', 'MSWORDSDANCE014');
INSERT INTO RegisteredPokemonMove VALUES ('PPOKE564', 'MSHADOWBALL008');
INSERT INTO RegisteredPokemonMove VALUES ('PPOKE564', 'MSWORDSDANCE014');
INSERT INTO RegisteredPokemonMove VALUES ('PPOKE565', 'MRECOVER013');
INSERT INTO RegisteredPokemonMove VALUES ('PPOKE565', 'MEARTHQUAKE006');
INSERT INTO RegisteredPokemonMove VALUES ('PPOKE565', 'MICEBEAM010');
INSERT INTO RegisteredPokemonMove VALUES ('PPOKE566', 'MSHADOWBALL008');
INSERT INTO RegisteredPokemonMove VALUES ('PPOKE567', 'MBRICKBREAK009');
INSERT INTO RegisteredPokemonMove VALUES ('PPOKE567', 'MPROTECT012');
INSERT INTO RegisteredPokemonMove VALUES ('PPOKE568', 'MRECOVER013');
INSERT INTO RegisteredPokemonMove VALUES ('PPOKE568', 'MSWORDSDANCE014');
INSERT INTO RegisteredPokemonMove VALUES ('PPOKE568', 'MICEBEAM010');
INSERT INTO RegisteredPokemonMove VALUES ('PPOKE569', 'MRECOVER013');
INSERT INTO RegisteredPokemonMove VALUES ('PPOKE569', 'MTHUNDERBOLT002');
INSERT INTO RegisteredPokemonMove VALUES ('PPOKE569', 'MPROTECT012');
INSERT INTO RegisteredPokemonMove VALUES ('PPOKE570', 'MSOLARBEAM005');
INSERT INTO RegisteredPokemonMove VALUES ('PPOKE570', 'MSWORDSDANCE014');
INSERT INTO RegisteredPokemonMove VALUES ('PPOKE570', 'MPSYCHIC007');
INSERT INTO RegisteredPokemonMove VALUES ('PPOKE571', 'MSOLARBEAM005');
INSERT INTO RegisteredPokemonMove VALUES ('PPOKE571', 'MHYPERBEAM011');
INSERT INTO RegisteredPokemonMove VALUES ('PPOKE571', 'MFLAMETHROWER003');
INSERT INTO RegisteredPokemonMove VALUES ('PPOKE572', 'MHYDROPUMP004');
INSERT INTO RegisteredPokemonMove VALUES ('PPOKE572', 'MRECOVER013');
INSERT INTO RegisteredPokemonMove VALUES ('PPOKE572', 'MSWORDSDANCE014');
INSERT INTO RegisteredPokemonMove VALUES ('PPOKE572', 'MSHADOWBALL008');
INSERT INTO RegisteredPokemonMove VALUES ('PPOKE573', 'MEARTHQUAKE006');
INSERT INTO RegisteredPokemonMove VALUES ('PPOKE573', 'MRECOVER013');
INSERT INTO RegisteredPokemonMove VALUES ('PPOKE573', 'MPROTECT012');
INSERT INTO RegisteredPokemonMove VALUES ('PPOKE574', 'MHYDROPUMP004');
INSERT INTO RegisteredPokemonMove VALUES ('PPOKE575', 'MSWORDSDANCE014');
INSERT INTO RegisteredPokemonMove VALUES ('PPOKE575', 'MSOLARBEAM005');
INSERT INTO RegisteredPokemonMove VALUES ('PPOKE576', 'MSOLARBEAM005');
INSERT INTO RegisteredPokemonMove VALUES ('PPOKE576', 'MTACKLE001');
INSERT INTO RegisteredPokemonMove VALUES ('PPOKE576', 'MHYPERBEAM011');
INSERT INTO RegisteredPokemonMove VALUES ('PPOKE577', 'MRECOVER013');
INSERT INTO RegisteredPokemonMove VALUES ('PPOKE577', 'MSOLARBEAM005');
INSERT INTO RegisteredPokemonMove VALUES ('PPOKE577', 'MTACKLE001');
INSERT INTO RegisteredPokemonMove VALUES ('PPOKE578', 'MHYPERBEAM011');
INSERT INTO RegisteredPokemonMove VALUES ('PPOKE579', 'MPROTECT012');
INSERT INTO RegisteredPokemonMove VALUES ('PPOKE579', 'MFLAMETHROWER003');
INSERT INTO RegisteredPokemonMove VALUES ('PPOKE579', 'MTHUNDERBOLT002');
INSERT INTO RegisteredPokemonMove VALUES ('PPOKE580', 'MBRICKBREAK009');
INSERT INTO RegisteredPokemonMove VALUES ('PPOKE580', 'MPROTECT012');
INSERT INTO RegisteredPokemonMove VALUES ('PPOKE580', 'MSOLARBEAM005');
INSERT INTO RegisteredPokemonMove VALUES ('PPOKE580', 'MEARTHQUAKE006');
INSERT INTO RegisteredPokemonMove VALUES ('PPOKE581', 'MEARTHQUAKE006');
INSERT INTO RegisteredPokemonMove VALUES ('PPOKE581', 'MTHUNDERBOLT002');
INSERT INTO RegisteredPokemonMove VALUES ('PPOKE582', 'MHYPERBEAM011');
INSERT INTO RegisteredPokemonMove VALUES ('PPOKE582', 'MSOLARBEAM005');
INSERT INTO RegisteredPokemonMove VALUES ('PPOKE583', 'MICEBEAM010');
INSERT INTO RegisteredPokemonMove VALUES ('PPOKE583', 'MBRICKBREAK009');
INSERT INTO RegisteredPokemonMove VALUES ('PPOKE583', 'MHYPERBEAM011');
INSERT INTO RegisteredPokemonMove VALUES ('PPOKE583', 'MRECOVER013');
INSERT INTO RegisteredPokemonMove VALUES ('PPOKE584', 'MHYPERBEAM011');
INSERT INTO RegisteredPokemonMove VALUES ('PPOKE584', 'MICEBEAM010');
INSERT INTO RegisteredPokemonMove VALUES ('PPOKE584', 'MTACKLE001');
INSERT INTO RegisteredPokemonMove VALUES ('PPOKE585', 'MSWORDSDANCE014');
INSERT INTO RegisteredPokemonMove VALUES ('PPOKE586', 'MPROTECT012');
INSERT INTO RegisteredPokemonMove VALUES ('PPOKE586', 'MTHUNDERBOLT002');
INSERT INTO RegisteredPokemonMove VALUES ('PPOKE586', 'MSWORDSDANCE014');
INSERT INTO RegisteredPokemonMove VALUES ('PPOKE587', 'MTHUNDERBOLT002');
INSERT INTO RegisteredPokemonMove VALUES ('PPOKE587', 'MTACKLE001');
INSERT INTO RegisteredPokemonMove VALUES ('PPOKE588', 'MBRICKBREAK009');
INSERT INTO RegisteredPokemonMove VALUES ('PPOKE588', 'MPROTECT012');
INSERT INTO RegisteredPokemonMove VALUES ('PPOKE588', 'MRECOVER013');
INSERT INTO RegisteredPokemonMove VALUES ('PPOKE589', 'MBRICKBREAK009');
INSERT INTO RegisteredPokemonMove VALUES ('PPOKE589', 'MPSYCHIC007');
INSERT INTO RegisteredPokemonMove VALUES ('PPOKE589', 'MTACKLE001');
INSERT INTO RegisteredPokemonMove VALUES ('PPOKE589', 'MSOLARBEAM005');
INSERT INTO RegisteredPokemonMove VALUES ('PPOKE590', 'MTACKLE001');
INSERT INTO RegisteredPokemonMove VALUES ('PPOKE590', 'MPSYCHIC007');
INSERT INTO RegisteredPokemonMove VALUES ('PPOKE590', 'MHYPERBEAM011');
INSERT INTO RegisteredPokemonMove VALUES ('PPOKE591', 'MSWORDSDANCE014');
INSERT INTO RegisteredPokemonMove VALUES ('PPOKE591', 'MSOLARBEAM005');
INSERT INTO RegisteredPokemonMove VALUES ('PPOKE591', 'MFLAMETHROWER003');
INSERT INTO RegisteredPokemonMove VALUES ('PPOKE592', 'MICEBEAM010');
INSERT INTO RegisteredPokemonMove VALUES ('PPOKE592', 'MBRICKBREAK009');
INSERT INTO RegisteredPokemonMove VALUES ('PPOKE592', 'MSOLARBEAM005');
INSERT INTO RegisteredPokemonMove VALUES ('PPOKE592', 'MTHUNDERBOLT002');
INSERT INTO RegisteredPokemonMove VALUES ('PPOKE593', 'MEARTHQUAKE006');
INSERT INTO RegisteredPokemonMove VALUES ('PPOKE593', 'MHYDROPUMP004');
INSERT INTO RegisteredPokemonMove VALUES ('PPOKE593', 'MRECOVER013');
INSERT INTO RegisteredPokemonMove VALUES ('PPOKE594', 'MTHUNDERBOLT002');
INSERT INTO RegisteredPokemonMove VALUES ('PPOKE594', 'MEARTHQUAKE006');
INSERT INTO RegisteredPokemonMove VALUES ('PPOKE594', 'MSHADOWBALL008');
INSERT INTO RegisteredPokemonMove VALUES ('PPOKE594', 'MSOLARBEAM005');
INSERT INTO RegisteredPokemonMove VALUES ('PPOKE595', 'MEARTHQUAKE006');
INSERT INTO RegisteredPokemonMove VALUES ('PPOKE595', 'MSHADOWBALL008');
INSERT INTO RegisteredPokemonMove VALUES ('PPOKE596', 'MEARTHQUAKE006');
INSERT INTO RegisteredPokemonMove VALUES ('PPOKE596', 'MICEBEAM010');
INSERT INTO RegisteredPokemonMove VALUES ('PPOKE596', 'MPROTECT012');
INSERT INTO RegisteredPokemonMove VALUES ('PPOKE597', 'MICEBEAM010');
INSERT INTO RegisteredPokemonMove VALUES ('PPOKE597', 'MSOLARBEAM005');
INSERT INTO RegisteredPokemonMove VALUES ('PPOKE598', 'MSWORDSDANCE014');
INSERT INTO RegisteredPokemonMove VALUES ('PPOKE598', 'MEARTHQUAKE006');
INSERT INTO RegisteredPokemonMove VALUES ('PPOKE598', 'MSHADOWBALL008');
INSERT INTO RegisteredPokemonMove VALUES ('PPOKE599', 'MEARTHQUAKE006');
INSERT INTO RegisteredPokemonMove VALUES ('PPOKE600', 'MTHUNDERBOLT002');
INSERT INTO RegisteredPokemonMove VALUES ('PPOKE600', 'MSWORDSDANCE014');
INSERT INTO RegisteredPokemonMove VALUES ('PPOKE600', 'MPSYCHIC007');
INSERT INTO RegisteredPokemonMove VALUES ('PPOKE600', 'MEARTHQUAKE006');
INSERT INTO RegisteredPokemonMove VALUES ('PPOKE601', 'MHYDROPUMP004');
INSERT INTO RegisteredPokemonMove VALUES ('PPOKE601', 'MPSYCHIC007');
INSERT INTO RegisteredPokemonMove VALUES ('PPOKE602', 'MPROTECT012');
INSERT INTO RegisteredPokemonMove VALUES ('PPOKE602', 'MICEBEAM010');
INSERT INTO RegisteredPokemonMove VALUES ('PPOKE602', 'MHYPERBEAM011');
INSERT INTO RegisteredPokemonMove VALUES ('PPOKE602', 'MEARTHQUAKE006');
INSERT INTO RegisteredPokemonMove VALUES ('PPOKE603', 'MFLAMETHROWER003');
INSERT INTO RegisteredPokemonMove VALUES ('PPOKE604', 'MTHUNDERBOLT002');
INSERT INTO RegisteredPokemonMove VALUES ('PPOKE604', 'MBRICKBREAK009');
INSERT INTO RegisteredPokemonMove VALUES ('PPOKE604', 'MHYPERBEAM011');
INSERT INTO RegisteredPokemonMove VALUES ('PPOKE605', 'MSHADOWBALL008');
INSERT INTO RegisteredPokemonMove VALUES ('PPOKE605', 'MEARTHQUAKE006');
INSERT INTO RegisteredPokemonMove VALUES ('PPOKE606', 'MEARTHQUAKE006');
INSERT INTO RegisteredPokemonMove VALUES ('PPOKE606', 'MSOLARBEAM005');
INSERT INTO RegisteredPokemonMove VALUES ('PPOKE606', 'MSWORDSDANCE014');
INSERT INTO RegisteredPokemonMove VALUES ('PPOKE606', 'MPSYCHIC007');
INSERT INTO RegisteredPokemonMove VALUES ('PPOKE607', 'MRECOVER013');
INSERT INTO RegisteredPokemonMove VALUES ('PPOKE608', 'MTACKLE001');
INSERT INTO RegisteredPokemonMove VALUES ('PPOKE608', 'MBRICKBREAK009');
INSERT INTO RegisteredPokemonMove VALUES ('PPOKE608', 'MRECOVER013');
INSERT INTO RegisteredPokemonMove VALUES ('PPOKE609', 'MHYPERBEAM011');
INSERT INTO RegisteredPokemonMove VALUES ('PPOKE609', 'MPROTECT012');
INSERT INTO RegisteredPokemonMove VALUES ('PPOKE609', 'MSOLARBEAM005');
INSERT INTO RegisteredPokemonMove VALUES ('PPOKE609', 'MFLAMETHROWER003');
INSERT INTO RegisteredPokemonMove VALUES ('PPOKE610', 'MPROTECT012');
INSERT INTO RegisteredPokemonMove VALUES ('PPOKE610', 'MRECOVER013');
INSERT INTO RegisteredPokemonMove VALUES ('PPOKE610', 'MEARTHQUAKE006');
INSERT INTO RegisteredPokemonMove VALUES ('PPOKE610', 'MTACKLE001');
INSERT INTO RegisteredPokemonMove VALUES ('PPOKE611', 'MEARTHQUAKE006');
INSERT INTO RegisteredPokemonMove VALUES ('PPOKE611', 'MICEBEAM010');
INSERT INTO RegisteredPokemonMove VALUES ('PPOKE612', 'MSWORDSDANCE014');
INSERT INTO RegisteredPokemonMove VALUES ('PPOKE613', 'MRECOVER013');
INSERT INTO RegisteredPokemonMove VALUES ('PPOKE613', 'MEARTHQUAKE006');
INSERT INTO RegisteredPokemonMove VALUES ('PPOKE614', 'MSHADOWBALL008');
INSERT INTO RegisteredPokemonMove VALUES ('PPOKE614', 'MBRICKBREAK009');
INSERT INTO RegisteredPokemonMove VALUES ('PPOKE614', 'MPROTECT012');
INSERT INTO RegisteredPokemonMove VALUES ('PPOKE614', 'MTACKLE001');
INSERT INTO RegisteredPokemonMove VALUES ('PPOKE615', 'MFLAMETHROWER003');
INSERT INTO RegisteredPokemonMove VALUES ('PPOKE616', 'MTHUNDERBOLT002');
INSERT INTO RegisteredPokemonMove VALUES ('PPOKE616', 'MSHADOWBALL008');
INSERT INTO RegisteredPokemonMove VALUES ('PPOKE616', 'MSWORDSDANCE014');
INSERT INTO RegisteredPokemonMove VALUES ('PPOKE617', 'MHYPERBEAM011');
INSERT INTO RegisteredPokemonMove VALUES ('PPOKE618', 'MHYDROPUMP004');
INSERT INTO RegisteredPokemonMove VALUES ('PPOKE619', 'MFLAMETHROWER003');
INSERT INTO RegisteredPokemonMove VALUES ('PPOKE620', 'MSOLARBEAM005');
INSERT INTO RegisteredPokemonMove VALUES ('PPOKE620', 'MFLAMETHROWER003');
INSERT INTO RegisteredPokemonMove VALUES ('PPOKE620', 'MTACKLE001');
INSERT INTO RegisteredPokemonMove VALUES ('PPOKE621', 'MRECOVER013');
INSERT INTO RegisteredPokemonMove VALUES ('PPOKE621', 'MHYDROPUMP004');
INSERT INTO RegisteredPokemonMove VALUES ('PPOKE621', 'MICEBEAM010');
INSERT INTO RegisteredPokemonMove VALUES ('PPOKE621', 'MTHUNDERBOLT002');
INSERT INTO RegisteredPokemonMove VALUES ('PPOKE622', 'MPSYCHIC007');
INSERT INTO RegisteredPokemonMove VALUES ('PPOKE622', 'MTACKLE001');
INSERT INTO RegisteredPokemonMove VALUES ('PPOKE622', 'MSHADOWBALL008');
INSERT INTO RegisteredPokemonMove VALUES ('PPOKE622', 'MRECOVER013');
INSERT INTO RegisteredPokemonMove VALUES ('PPOKE623', 'MTHUNDERBOLT002');
INSERT INTO RegisteredPokemonMove VALUES ('PPOKE624', 'MHYDROPUMP004');
INSERT INTO RegisteredPokemonMove VALUES ('PPOKE624', 'MSWORDSDANCE014');
INSERT INTO RegisteredPokemonMove VALUES ('PPOKE624', 'MBRICKBREAK009');
INSERT INTO RegisteredPokemonMove VALUES ('PPOKE624', 'MTHUNDERBOLT002');
INSERT INTO RegisteredPokemonMove VALUES ('PPOKE625', 'MHYDROPUMP004');
INSERT INTO RegisteredPokemonMove VALUES ('PPOKE625', 'MICEBEAM010');
INSERT INTO RegisteredPokemonMove VALUES ('PPOKE625', 'MPROTECT012');
INSERT INTO RegisteredPokemonMove VALUES ('PPOKE626', 'MPROTECT012');
INSERT INTO RegisteredPokemonMove VALUES ('PPOKE626', 'MSOLARBEAM005');
INSERT INTO RegisteredPokemonMove VALUES ('PPOKE626', 'MPSYCHIC007');
INSERT INTO RegisteredPokemonMove VALUES ('PPOKE626', 'MSWORDSDANCE014');
INSERT INTO RegisteredPokemonMove VALUES ('PPOKE627', 'MSWORDSDANCE014');
INSERT INTO RegisteredPokemonMove VALUES ('PPOKE627', 'MEARTHQUAKE006');
INSERT INTO RegisteredPokemonMove VALUES ('PPOKE627', 'MTACKLE001');
INSERT INTO RegisteredPokemonMove VALUES ('PPOKE627', 'MHYDROPUMP004');
INSERT INTO RegisteredPokemonMove VALUES ('PPOKE628', 'MHYPERBEAM011');
INSERT INTO RegisteredPokemonMove VALUES ('PPOKE629', 'MTACKLE001');
INSERT INTO RegisteredPokemonMove VALUES ('PPOKE629', 'MHYDROPUMP004');
INSERT INTO RegisteredPokemonMove VALUES ('PPOKE629', 'MEARTHQUAKE006');
INSERT INTO RegisteredPokemonMove VALUES ('PPOKE629', 'MSHADOWBALL008');
INSERT INTO RegisteredPokemonMove VALUES ('PPOKE630', 'MBRICKBREAK009');
INSERT INTO RegisteredPokemonMove VALUES ('PPOKE631', 'MTHUNDERBOLT002');
INSERT INTO RegisteredPokemonMove VALUES ('PPOKE631', 'MSWORDSDANCE014');
INSERT INTO RegisteredPokemonMove VALUES ('PPOKE632', 'MRECOVER013');
INSERT INTO RegisteredPokemonMove VALUES ('PPOKE632', 'MPROTECT012');
INSERT INTO RegisteredPokemonMove VALUES ('PPOKE632', 'MSWORDSDANCE014');
INSERT INTO RegisteredPokemonMove VALUES ('PPOKE632', 'MEARTHQUAKE006');
INSERT INTO RegisteredPokemonMove VALUES ('PPOKE633', 'MRECOVER013');
INSERT INTO RegisteredPokemonMove VALUES ('PPOKE633', 'MPROTECT012');
INSERT INTO RegisteredPokemonMove VALUES ('PPOKE633', 'MHYDROPUMP004');
INSERT INTO RegisteredPokemonMove VALUES ('PPOKE633', 'MTACKLE001');
INSERT INTO RegisteredPokemonMove VALUES ('PPOKE634', 'MPROTECT012');
INSERT INTO RegisteredPokemonMove VALUES ('PPOKE635', 'MPSYCHIC007');
INSERT INTO RegisteredPokemonMove VALUES ('PPOKE635', 'MTHUNDERBOLT002');
INSERT INTO RegisteredPokemonMove VALUES ('PPOKE635', 'MSHADOWBALL008');
INSERT INTO RegisteredPokemonMove VALUES ('PPOKE635', 'MBRICKBREAK009');
INSERT INTO RegisteredPokemonMove VALUES ('PPOKE636', 'MTACKLE001');
INSERT INTO RegisteredPokemonMove VALUES ('PPOKE637', 'MBRICKBREAK009');
INSERT INTO RegisteredPokemonMove VALUES ('PPOKE637', 'MTHUNDERBOLT002');
INSERT INTO RegisteredPokemonMove VALUES ('PPOKE637', 'MSHADOWBALL008');
INSERT INTO RegisteredPokemonMove VALUES ('PPOKE638', 'MPROTECT012');
INSERT INTO RegisteredPokemonMove VALUES ('PPOKE638', 'MHYDROPUMP004');
INSERT INTO RegisteredPokemonMove VALUES ('PPOKE638', 'MTACKLE001');
INSERT INTO RegisteredPokemonMove VALUES ('PPOKE638', 'MSWORDSDANCE014');
INSERT INTO RegisteredPokemonMove VALUES ('PPOKE639', 'MSHADOWBALL008');
INSERT INTO RegisteredPokemonMove VALUES ('PPOKE639', 'MPSYCHIC007');
INSERT INTO RegisteredPokemonMove VALUES ('PPOKE640', 'MHYPERBEAM011');
INSERT INTO RegisteredPokemonMove VALUES ('PPOKE640', 'MTACKLE001');
INSERT INTO RegisteredPokemonMove VALUES ('PPOKE641', 'MSWORDSDANCE014');
INSERT INTO RegisteredPokemonMove VALUES ('PPOKE642', 'MHYPERBEAM011');
INSERT INTO RegisteredPokemonMove VALUES ('PPOKE642', 'MRECOVER013');
INSERT INTO RegisteredPokemonMove VALUES ('PPOKE642', 'MEARTHQUAKE006');
INSERT INTO RegisteredPokemonMove VALUES ('PPOKE643', 'MSWORDSDANCE014');
INSERT INTO RegisteredPokemonMove VALUES ('PPOKE643', 'MICEBEAM010');
INSERT INTO RegisteredPokemonMove VALUES ('PPOKE644', 'MHYPERBEAM011');
INSERT INTO RegisteredPokemonMove VALUES ('PPOKE644', 'MPROTECT012');
INSERT INTO RegisteredPokemonMove VALUES ('PPOKE644', 'MRECOVER013');
INSERT INTO RegisteredPokemonMove VALUES ('PPOKE645', 'MPROTECT012');
INSERT INTO RegisteredPokemonMove VALUES ('PPOKE645', 'MPSYCHIC007');
INSERT INTO RegisteredPokemonMove VALUES ('PPOKE645', 'MICEBEAM010');
INSERT INTO RegisteredPokemonMove VALUES ('PPOKE646', 'MICEBEAM010');
INSERT INTO RegisteredPokemonMove VALUES ('PPOKE646', 'MHYDROPUMP004');
INSERT INTO RegisteredPokemonMove VALUES ('PPOKE646', 'MFLAMETHROWER003');
INSERT INTO RegisteredPokemonMove VALUES ('PPOKE647', 'MSHADOWBALL008');
INSERT INTO RegisteredPokemonMove VALUES ('PPOKE647', 'MICEBEAM010');
INSERT INTO RegisteredPokemonMove VALUES ('PPOKE647', 'MBRICKBREAK009');
INSERT INTO RegisteredPokemonMove VALUES ('PPOKE647', 'MEARTHQUAKE006');
INSERT INTO RegisteredPokemonMove VALUES ('PPOKE648', 'MICEBEAM010');
INSERT INTO RegisteredPokemonMove VALUES ('PPOKE648', 'MPROTECT012');
INSERT INTO RegisteredPokemonMove VALUES ('PPOKE648', 'MSOLARBEAM005');
INSERT INTO RegisteredPokemonMove VALUES ('PPOKE649', 'MFLAMETHROWER003');
INSERT INTO RegisteredPokemonMove VALUES ('PPOKE649', 'MTACKLE001');
INSERT INTO RegisteredPokemonMove VALUES ('PPOKE649', 'MPSYCHIC007');
INSERT INTO RegisteredPokemonMove VALUES ('PPOKE650', 'MSHADOWBALL008');
INSERT INTO RegisteredPokemonMove VALUES ('PPOKE651', 'MFLAMETHROWER003');
INSERT INTO RegisteredPokemonMove VALUES ('PPOKE652', 'MPSYCHIC007');
INSERT INTO RegisteredPokemonMove VALUES ('PPOKE653', 'MPSYCHIC007');
INSERT INTO RegisteredPokemonMove VALUES ('PPOKE653', 'MSWORDSDANCE014');
INSERT INTO RegisteredPokemonMove VALUES ('PPOKE654', 'MSHADOWBALL008');
INSERT INTO RegisteredPokemonMove VALUES ('PPOKE654', 'MBRICKBREAK009');
INSERT INTO RegisteredPokemonMove VALUES ('PPOKE655', 'MPSYCHIC007');
INSERT INTO RegisteredPokemonMove VALUES ('PPOKE655', 'MICEBEAM010');
INSERT INTO RegisteredPokemonMove VALUES ('PPOKE655', 'MSHADOWBALL008');
INSERT INTO RegisteredPokemonMove VALUES ('PPOKE655', 'MRECOVER013');
INSERT INTO RegisteredPokemonMove VALUES ('PPOKE656', 'MSOLARBEAM005');
INSERT INTO RegisteredPokemonMove VALUES ('PPOKE656', 'MPROTECT012');
INSERT INTO RegisteredPokemonMove VALUES ('PPOKE656', 'MEARTHQUAKE006');
INSERT INTO RegisteredPokemonMove VALUES ('PPOKE657', 'MPSYCHIC007');
INSERT INTO RegisteredPokemonMove VALUES ('PPOKE657', 'MSHADOWBALL008');
INSERT INTO RegisteredPokemonMove VALUES ('PPOKE657', 'MHYPERBEAM011');
INSERT INTO RegisteredPokemonMove VALUES ('PPOKE658', 'MHYDROPUMP004');
INSERT INTO RegisteredPokemonMove VALUES ('PPOKE659', 'MHYDROPUMP004');
INSERT INTO RegisteredPokemonMove VALUES ('PPOKE659', 'MRECOVER013');
INSERT INTO RegisteredPokemonMove VALUES ('PPOKE659', 'MSHADOWBALL008');
INSERT INTO RegisteredPokemonMove VALUES ('PPOKE660', 'MSOLARBEAM005');
INSERT INTO RegisteredPokemonMove VALUES ('PPOKE660', 'MPSYCHIC007');
INSERT INTO RegisteredPokemonMove VALUES ('PPOKE661', 'MFLAMETHROWER003');
INSERT INTO RegisteredPokemonMove VALUES ('PPOKE661', 'MSWORDSDANCE014');
INSERT INTO RegisteredPokemonMove VALUES ('PPOKE661', 'MPSYCHIC007');
INSERT INTO RegisteredPokemonMove VALUES ('PPOKE662', 'MPSYCHIC007');
INSERT INTO RegisteredPokemonMove VALUES ('PPOKE662', 'MICEBEAM010');
INSERT INTO RegisteredPokemonMove VALUES ('PPOKE663', 'MHYDROPUMP004');
INSERT INTO RegisteredPokemonMove VALUES ('PPOKE663', 'MICEBEAM010');
INSERT INTO RegisteredPokemonMove VALUES ('PPOKE663', 'MRECOVER013');
INSERT INTO RegisteredPokemonMove VALUES ('PPOKE663', 'MSWORDSDANCE014');
INSERT INTO RegisteredPokemonMove VALUES ('PPOKE664', 'MFLAMETHROWER003');
INSERT INTO RegisteredPokemonMove VALUES ('PPOKE664', 'MPROTECT012');
INSERT INTO RegisteredPokemonMove VALUES ('PPOKE664', 'MTHUNDERBOLT002');
INSERT INTO RegisteredPokemonMove VALUES ('PPOKE665', 'MSOLARBEAM005');
INSERT INTO RegisteredPokemonMove VALUES ('PPOKE666', 'MPROTECT012');
INSERT INTO RegisteredPokemonMove VALUES ('PPOKE667', 'MEARTHQUAKE006');
INSERT INTO RegisteredPokemonMove VALUES ('PPOKE667', 'MRECOVER013');
INSERT INTO RegisteredPokemonMove VALUES ('PPOKE668', 'MTHUNDERBOLT002');
INSERT INTO RegisteredPokemonMove VALUES ('PPOKE668', 'MPSYCHIC007');
INSERT INTO RegisteredPokemonMove VALUES ('PPOKE668', 'MICEBEAM010');
INSERT INTO RegisteredPokemonMove VALUES ('PPOKE668', 'MSOLARBEAM005');
INSERT INTO RegisteredPokemonMove VALUES ('PPOKE669', 'MPROTECT012');
INSERT INTO RegisteredPokemonMove VALUES ('PPOKE669', 'MPSYCHIC007');
INSERT INTO RegisteredPokemonMove VALUES ('PPOKE669', 'MTACKLE001');
INSERT INTO RegisteredPokemonMove VALUES ('PPOKE670', 'MSHADOWBALL008');
INSERT INTO RegisteredPokemonMove VALUES ('PPOKE670', 'MBRICKBREAK009');
INSERT INTO RegisteredPokemonMove VALUES ('PPOKE671', 'MPSYCHIC007');
INSERT INTO RegisteredPokemonMove VALUES ('PPOKE671', 'MTACKLE001');
INSERT INTO RegisteredPokemonMove VALUES ('PPOKE672', 'MICEBEAM010');
INSERT INTO RegisteredPokemonMove VALUES ('PPOKE673', 'MBRICKBREAK009');
INSERT INTO RegisteredPokemonMove VALUES ('PPOKE674', 'MHYPERBEAM011');
INSERT INTO RegisteredPokemonMove VALUES ('PPOKE674', 'MSHADOWBALL008');
INSERT INTO RegisteredPokemonMove VALUES ('PPOKE674', 'MPROTECT012');
INSERT INTO RegisteredPokemonMove VALUES ('PPOKE674', 'MICEBEAM010');
INSERT INTO RegisteredPokemonMove VALUES ('PPOKE675', 'MTHUNDERBOLT002');
INSERT INTO RegisteredPokemonMove VALUES ('PPOKE676', 'MTHUNDERBOLT002');
INSERT INTO RegisteredPokemonMove VALUES ('PPOKE677', 'MPSYCHIC007');
INSERT INTO RegisteredPokemonMove VALUES ('PPOKE678', 'MBRICKBREAK009');
INSERT INTO RegisteredPokemonMove VALUES ('PPOKE678', 'MRECOVER013');
INSERT INTO RegisteredPokemonMove VALUES ('PPOKE679', 'MSHADOWBALL008');
INSERT INTO RegisteredPokemonMove VALUES ('PPOKE679', 'MHYPERBEAM011');
INSERT INTO RegisteredPokemonMove VALUES ('PPOKE679', 'MHYDROPUMP004');
INSERT INTO RegisteredPokemonMove VALUES ('PPOKE679', 'MICEBEAM010');
INSERT INTO RegisteredPokemonMove VALUES ('PPOKE680', 'MPROTECT012');
INSERT INTO RegisteredPokemonMove VALUES ('PPOKE681', 'MRECOVER013');
INSERT INTO RegisteredPokemonMove VALUES ('PPOKE682', 'MSOLARBEAM005');
INSERT INTO RegisteredPokemonMove VALUES ('PPOKE682', 'MHYPERBEAM011');
INSERT INTO RegisteredPokemonMove VALUES ('PPOKE682', 'MPROTECT012');
INSERT INTO RegisteredPokemonMove VALUES ('PPOKE682', 'MFLAMETHROWER003');
INSERT INTO RegisteredPokemonMove VALUES ('PPOKE683', 'MTHUNDERBOLT002');
INSERT INTO RegisteredPokemonMove VALUES ('PPOKE683', 'MTACKLE001');
INSERT INTO RegisteredPokemonMove VALUES ('PPOKE683', 'MPROTECT012');
INSERT INTO RegisteredPokemonMove VALUES ('PPOKE683', 'MBRICKBREAK009');
INSERT INTO RegisteredPokemonMove VALUES ('PPOKE684', 'MBRICKBREAK009');
INSERT INTO RegisteredPokemonMove VALUES ('PPOKE684', 'MEARTHQUAKE006');
INSERT INTO RegisteredPokemonMove VALUES ('PPOKE684', 'MRECOVER013');
INSERT INTO RegisteredPokemonMove VALUES ('PPOKE684', 'MHYPERBEAM011');
INSERT INTO RegisteredPokemonMove VALUES ('PPOKE685', 'MBRICKBREAK009');
INSERT INTO RegisteredPokemonMove VALUES ('PPOKE685', 'MSOLARBEAM005');
INSERT INTO RegisteredPokemonMove VALUES ('PPOKE685', 'MPSYCHIC007');
INSERT INTO RegisteredPokemonMove VALUES ('PPOKE686', 'MICEBEAM010');
INSERT INTO RegisteredPokemonMove VALUES ('PPOKE686', 'MSHADOWBALL008');
INSERT INTO RegisteredPokemonMove VALUES ('PPOKE686', 'MHYPERBEAM011');
INSERT INTO RegisteredPokemonMove VALUES ('PPOKE687', 'MHYDROPUMP004');
INSERT INTO RegisteredPokemonMove VALUES ('PPOKE687', 'MTHUNDERBOLT002');
INSERT INTO RegisteredPokemonMove VALUES ('PPOKE687', 'MPSYCHIC007');
INSERT INTO RegisteredPokemonMove VALUES ('PPOKE688', 'MRECOVER013');
INSERT INTO RegisteredPokemonMove VALUES ('PPOKE689', 'MSHADOWBALL008');
INSERT INTO RegisteredPokemonMove VALUES ('PPOKE689', 'MFLAMETHROWER003');
INSERT INTO RegisteredPokemonMove VALUES ('PPOKE690', 'MRECOVER013');
INSERT INTO RegisteredPokemonMove VALUES ('PPOKE690', 'MHYPERBEAM011');
INSERT INTO RegisteredPokemonMove VALUES ('PPOKE691', 'MSOLARBEAM005');
INSERT INTO RegisteredPokemonMove VALUES ('PPOKE691', 'MTHUNDERBOLT002');
INSERT INTO RegisteredPokemonMove VALUES ('PPOKE692', 'MHYPERBEAM011');
INSERT INTO RegisteredPokemonMove VALUES ('PPOKE692', 'MICEBEAM010');
INSERT INTO RegisteredPokemonMove VALUES ('PPOKE692', 'MHYDROPUMP004');
INSERT INTO RegisteredPokemonMove VALUES ('PPOKE693', 'MTACKLE001');
INSERT INTO RegisteredPokemonMove VALUES ('PPOKE693', 'MRECOVER013');
INSERT INTO RegisteredPokemonMove VALUES ('PPOKE693', 'MFLAMETHROWER003');
INSERT INTO RegisteredPokemonMove VALUES ('PPOKE693', 'MICEBEAM010');
INSERT INTO RegisteredPokemonMove VALUES ('PPOKE694', 'MICEBEAM010');
INSERT INTO RegisteredPokemonMove VALUES ('PPOKE694', 'MTACKLE001');
INSERT INTO RegisteredPokemonMove VALUES ('PPOKE694', 'MBRICKBREAK009');
INSERT INTO RegisteredPokemonMove VALUES ('PPOKE694', 'MSHADOWBALL008');
INSERT INTO RegisteredPokemonMove VALUES ('PPOKE695', 'MRECOVER013');
INSERT INTO RegisteredPokemonMove VALUES ('PPOKE696', 'MRECOVER013');
INSERT INTO RegisteredPokemonMove VALUES ('PPOKE697', 'MSHADOWBALL008');
INSERT INTO RegisteredPokemonMove VALUES ('PPOKE697', 'MTACKLE001');
INSERT INTO RegisteredPokemonMove VALUES ('PPOKE697', 'MEARTHQUAKE006');
INSERT INTO RegisteredPokemonMove VALUES ('PPOKE697', 'MPROTECT012');
INSERT INTO RegisteredPokemonMove VALUES ('PPOKE698', 'MICEBEAM010');
INSERT INTO RegisteredPokemonMove VALUES ('PPOKE698', 'MSOLARBEAM005');
INSERT INTO RegisteredPokemonMove VALUES ('PPOKE699', 'MSOLARBEAM005');
INSERT INTO RegisteredPokemonMove VALUES ('PPOKE699', 'MTHUNDERBOLT002');
INSERT INTO RegisteredPokemonMove VALUES ('PPOKE699', 'MPROTECT012');
INSERT INTO RegisteredPokemonMove VALUES ('PPOKE699', 'MEARTHQUAKE006');
INSERT INTO RegisteredPokemonMove VALUES ('PPOKE700', 'MPSYCHIC007');
INSERT INTO RegisteredPokemonMove VALUES ('PPOKE700', 'MBRICKBREAK009');
INSERT INTO RegisteredPokemonMove VALUES ('PPOKE700', 'MSWORDSDANCE014');
INSERT INTO RegisteredPokemonMove VALUES ('PPOKE700', 'MTACKLE001');
INSERT INTO GymSeasonRegistry VALUES ('EREG001', 'LSEASON001', 'GPEWTERCITYGYM001', 'TMICHAEL001');
INSERT INTO GymSeasonRegistry VALUES ('EREG002', 'LSEASON001', 'GCERULEANCITYGYM002', 'TKELSEY002');
INSERT INTO GymSeasonRegistry VALUES ('EREG003', 'LSEASON001', 'GVERMILIONCITYGYM003', 'TMONIQUE003');
INSERT INTO GymSeasonRegistry VALUES ('EREG004', 'LSEASON001', 'GCELADONCITYGYM004', 'TMRXXX004');
INSERT INTO GymSeasonRegistry VALUES ('EREG005', 'LSEASON001', 'GFUCHSIACITYGYM005', 'TLYNN005');
INSERT INTO GymSeasonRegistry VALUES ('EREG006', 'LSEASON001', 'GSAFFRONCITYGYM006', 'TKAYLA006');
INSERT INTO GymSeasonRegistry VALUES ('EREG007', 'LSEASON001', 'GCINNABARISLANDGY007', 'TPAMELA007');
INSERT INTO GymSeasonRegistry VALUES ('EREG008', 'LSEASON001', 'GVIRIDIANCITYGYM008', 'TEMILY008');
INSERT INTO GymSeasonRegistry VALUES ('EREG009', 'LSEASON001', 'GVIOLETCITYGYM009', 'TBRIAN009');
INSERT INTO GymSeasonRegistry VALUES ('EREG010', 'LSEASON001', 'GAZALEATOWNGYM010', 'TERIC010');
INSERT INTO GymSeasonRegistry VALUES ('EREG011', 'LSEASON001', 'GGOLDENRODCITYGYM011', 'TKENNETH011');
INSERT INTO GymSeasonRegistry VALUES ('EREG012', 'LSEASON001', 'GECRUTEAKCITYGYM012', 'TJESUS012');
INSERT INTO GymSeasonRegistry VALUES ('EREG013', 'LSEASON002', 'GPEWTERCITYGYM001', 'TMICHAEL001');
INSERT INTO GymSeasonRegistry VALUES ('EREG014', 'LSEASON002', 'GCERULEANCITYGYM002', 'TKELSEY002');
INSERT INTO GymSeasonRegistry VALUES ('EREG015', 'LSEASON002', 'GVERMILIONCITYGYM003', 'TMONIQUE003');
INSERT INTO GymSeasonRegistry VALUES ('EREG016', 'LSEASON002', 'GCELADONCITYGYM004', 'TMRXXX004');
INSERT INTO GymSeasonRegistry VALUES ('EREG017', 'LSEASON002', 'GFUCHSIACITYGYM005', 'TLYNN005');
INSERT INTO GymSeasonRegistry VALUES ('EREG018', 'LSEASON002', 'GSAFFRONCITYGYM006', 'TKAYLA006');
INSERT INTO GymSeasonRegistry VALUES ('EREG019', 'LSEASON002', 'GCINNABARISLANDGY007', 'TPAMELA007');
INSERT INTO GymSeasonRegistry VALUES ('EREG020', 'LSEASON002', 'GVIRIDIANCITYGYM008', 'TEMILY008');
INSERT INTO GymSeasonRegistry VALUES ('EREG021', 'LSEASON002', 'GVIOLETCITYGYM009', 'TBRIAN009');
INSERT INTO GymSeasonRegistry VALUES ('EREG022', 'LSEASON002', 'GAZALEATOWNGYM010', 'TERIC010');
INSERT INTO GymSeasonRegistry VALUES ('EREG023', 'LSEASON002', 'GGOLDENRODCITYGYM011', 'TKENNETH011');
INSERT INTO GymSeasonRegistry VALUES ('EREG024', 'LSEASON002', 'GECRUTEAKCITYGYM012', 'TJESUS012');
INSERT INTO GymSeasonRegistry VALUES ('EREG025', 'LSEASON003', 'GPEWTERCITYGYM001', 'TMICHAEL001');
INSERT INTO GymSeasonRegistry VALUES ('EREG026', 'LSEASON003', 'GCERULEANCITYGYM002', 'TKELSEY002');
INSERT INTO GymSeasonRegistry VALUES ('EREG027', 'LSEASON003', 'GVERMILIONCITYGYM003', 'TMONIQUE003');
INSERT INTO GymSeasonRegistry VALUES ('EREG028', 'LSEASON003', 'GCELADONCITYGYM004', 'TMRXXX004');
INSERT INTO GymSeasonRegistry VALUES ('EREG029', 'LSEASON003', 'GFUCHSIACITYGYM005', 'TLYNN005');
INSERT INTO GymSeasonRegistry VALUES ('EREG030', 'LSEASON003', 'GSAFFRONCITYGYM006', 'TKAYLA006');
INSERT INTO GymSeasonRegistry VALUES ('EREG031', 'LSEASON003', 'GCINNABARISLANDGY007', 'TPAMELA007');
INSERT INTO GymSeasonRegistry VALUES ('EREG032', 'LSEASON003', 'GVIRIDIANCITYGYM008', 'TEMILY008');
INSERT INTO GymSeasonRegistry VALUES ('EREG033', 'LSEASON003', 'GVIOLETCITYGYM009', 'TBRIAN009');
INSERT INTO GymSeasonRegistry VALUES ('EREG034', 'LSEASON003', 'GAZALEATOWNGYM010', 'TERIC010');
INSERT INTO GymSeasonRegistry VALUES ('EREG035', 'LSEASON003', 'GGOLDENRODCITYGYM011', 'TKENNETH011');
INSERT INTO GymSeasonRegistry VALUES ('EREG036', 'LSEASON003', 'GECRUTEAKCITYGYM012', 'TJESUS012');
INSERT INTO GymSeasonRegistry VALUES ('EREG037', 'LSEASON004', 'GPEWTERCITYGYM001', 'TMICHAEL001');
INSERT INTO GymSeasonRegistry VALUES ('EREG038', 'LSEASON004', 'GCERULEANCITYGYM002', 'TKELSEY002');
INSERT INTO GymSeasonRegistry VALUES ('EREG039', 'LSEASON004', 'GVERMILIONCITYGYM003', 'TMONIQUE003');
INSERT INTO GymSeasonRegistry VALUES ('EREG040', 'LSEASON004', 'GCELADONCITYGYM004', 'TMRXXX004');
INSERT INTO GymSeasonRegistry VALUES ('EREG041', 'LSEASON004', 'GFUCHSIACITYGYM005', 'TLYNN005');
INSERT INTO GymSeasonRegistry VALUES ('EREG042', 'LSEASON004', 'GSAFFRONCITYGYM006', 'TKAYLA006');
INSERT INTO GymSeasonRegistry VALUES ('EREG043', 'LSEASON004', 'GCINNABARISLANDGY007', 'TPAMELA007');
INSERT INTO GymSeasonRegistry VALUES ('EREG044', 'LSEASON004', 'GVIRIDIANCITYGYM008', 'TEMILY008');
INSERT INTO GymSeasonRegistry VALUES ('EREG045', 'LSEASON004', 'GVIOLETCITYGYM009', 'TBRIAN009');
INSERT INTO GymSeasonRegistry VALUES ('EREG046', 'LSEASON004', 'GAZALEATOWNGYM010', 'TERIC010');
INSERT INTO GymSeasonRegistry VALUES ('EREG047', 'LSEASON004', 'GGOLDENRODCITYGYM011', 'TKENNETH011');
INSERT INTO GymSeasonRegistry VALUES ('EREG048', 'LSEASON004', 'GECRUTEAKCITYGYM012', 'TJESUS012');
INSERT INTO GymSeasonRegistry VALUES ('EREG049', 'LSEASON005', 'GPEWTERCITYGYM001', 'TMICHAEL001');
INSERT INTO GymSeasonRegistry VALUES ('EREG050', 'LSEASON005', 'GCERULEANCITYGYM002', 'TKELSEY002');
INSERT INTO GymSeasonRegistry VALUES ('EREG051', 'LSEASON005', 'GVERMILIONCITYGYM003', 'TMONIQUE003');
INSERT INTO GymSeasonRegistry VALUES ('EREG052', 'LSEASON005', 'GCELADONCITYGYM004', 'TMRXXX004');
INSERT INTO GymSeasonRegistry VALUES ('EREG053', 'LSEASON005', 'GFUCHSIACITYGYM005', 'TLYNN005');
INSERT INTO GymSeasonRegistry VALUES ('EREG054', 'LSEASON005', 'GSAFFRONCITYGYM006', 'TKAYLA006');
INSERT INTO GymSeasonRegistry VALUES ('EREG055', 'LSEASON005', 'GCINNABARISLANDGY007', 'TPAMELA007');
INSERT INTO GymSeasonRegistry VALUES ('EREG056', 'LSEASON005', 'GVIRIDIANCITYGYM008', 'TEMILY008');
INSERT INTO GymSeasonRegistry VALUES ('EREG057', 'LSEASON005', 'GVIOLETCITYGYM009', 'TBRIAN009');
INSERT INTO GymSeasonRegistry VALUES ('EREG058', 'LSEASON005', 'GAZALEATOWNGYM010', 'TERIC010');
INSERT INTO GymSeasonRegistry VALUES ('EREG059', 'LSEASON005', 'GGOLDENRODCITYGYM011', 'TKENNETH011');
INSERT INTO GymSeasonRegistry VALUES ('EREG060', 'LSEASON005', 'GECRUTEAKCITYGYM012', 'TJESUS012');
INSERT INTO GymBattle VALUES ('BBATTLE001', 'TCHRISTOPHER100', 'GCERULEANCITYGYM002', 'TKELSEY002', '2023-06-18', 'Win');
INSERT IGNORE INTO GymBadge (gym_id, badge_number, date_earned, trainer_id) VALUES ('GCERULEANCITYGYM002', 1, '2023-06-18', 'TCHRISTOPHER100');
INSERT INTO GymBattle VALUES ('BBATTLE002', 'TCODY036', 'GFUCHSIACITYGYM005', 'TLYNN005', '2023-09-06', 'Loss');
INSERT INTO GymBattle VALUES ('BBATTLE003', 'TMELISSA067', 'GECRUTEAKCITYGYM012', 'TJESUS012', '2025-10-19', 'Draw');
INSERT INTO GymBattle VALUES ('BBATTLE004', 'THANNAH028', 'GPEWTERCITYGYM001', 'TMICHAEL001', '2024-12-27', 'Win');
INSERT IGNORE INTO GymBadge (gym_id, badge_number, date_earned, trainer_id) VALUES ('GPEWTERCITYGYM001', 1, '2024-12-27', 'THANNAH028');
INSERT INTO GymBattle VALUES ('BBATTLE005', 'TANGELA027', 'GVERMILIONCITYGYM003', 'TMONIQUE003', '2025-08-24', 'Win');
INSERT IGNORE INTO GymBadge (gym_id, badge_number, date_earned, trainer_id) VALUES ('GVERMILIONCITYGYM003', 1, '2025-08-24', 'TANGELA027');
INSERT INTO GymBattle VALUES ('BBATTLE006', 'TCORY124', 'GVIRIDIANCITYGYM008', 'TEMILY008', '2023-10-22', 'Draw');
INSERT INTO GymBattle VALUES ('BBATTLE007', 'TDEREK107', 'GSAFFRONCITYGYM006', 'TKAYLA006', '2024-05-22', 'Win');
INSERT IGNORE INTO GymBadge (gym_id, badge_number, date_earned, trainer_id) VALUES ('GSAFFRONCITYGYM006', 1, '2024-05-22', 'TDEREK107');
INSERT INTO GymBattle VALUES ('BBATTLE008', 'TCHRISTOPHER100', 'GECRUTEAKCITYGYM012', 'TJESUS012', '2023-01-28', 'Loss');
INSERT INTO GymBattle VALUES ('BBATTLE009', 'TSCOTT141', 'GECRUTEAKCITYGYM012', 'TJESUS012', '2022-07-03', 'Loss');
INSERT INTO GymBattle VALUES ('BBATTLE010', 'TLYNN005', 'GCERULEANCITYGYM002', 'TKELSEY002', '2022-01-11', 'Win');
INSERT IGNORE INTO GymBadge (gym_id, badge_number, date_earned, trainer_id) VALUES ('GCERULEANCITYGYM002', 2, '2022-01-11', 'TLYNN005');
INSERT INTO GymBattle VALUES ('BBATTLE011', 'TPAUL106', 'GAZALEATOWNGYM010', 'TERIC010', '2023-02-01', 'Win');
INSERT IGNORE INTO GymBadge (gym_id, badge_number, date_earned, trainer_id) VALUES ('GAZALEATOWNGYM010', 1, '2023-02-01', 'TPAUL106');
INSERT INTO GymBattle VALUES ('BBATTLE012', 'TERIN122', 'GVIRIDIANCITYGYM008', 'TEMILY008', '2024-07-07', 'Draw');
INSERT INTO GymBattle VALUES ('BBATTLE013', 'TKENNETH023', 'GSAFFRONCITYGYM006', 'TKAYLA006', '2023-07-18', 'Draw');
INSERT INTO GymBattle VALUES ('BBATTLE014', 'TBRANDON102', 'GCINNABARISLANDGY007', 'TPAMELA007', '2022-07-02', 'Loss');
INSERT INTO GymBattle VALUES ('BBATTLE015', 'TAMY064', 'GAZALEATOWNGYM010', 'TERIC010', '2025-07-27', 'Loss');
INSERT INTO GymBattle VALUES ('BBATTLE016', 'TLINDSAY040', 'GFUCHSIACITYGYM005', 'TLYNN005', '2025-01-13', 'Loss');
INSERT INTO GymBattle VALUES ('BBATTLE017', 'TMICHELE026', 'GCELADONCITYGYM004', 'TMRXXX004', '2024-04-11', 'Loss');
INSERT INTO GymBattle VALUES ('BBATTLE018', 'TDAVID017', 'GSAFFRONCITYGYM006', 'TKAYLA006', '2023-04-25', 'Draw');
INSERT INTO GymBattle VALUES ('BBATTLE019', 'TMRXXX149', 'GECRUTEAKCITYGYM012', 'TJESUS012', '2024-11-29', 'Win');
INSERT IGNORE INTO GymBadge (gym_id, badge_number, date_earned, trainer_id) VALUES ('GECRUTEAKCITYGYM012', 1, '2024-11-29', 'TMRXXX149');
INSERT INTO GymBattle VALUES ('BBATTLE020', 'TKIMBERLY052', 'GVIOLETCITYGYM009', 'TBRIAN009', '2025-08-31', 'Loss');
INSERT INTO GymBattle VALUES ('BBATTLE021', 'TAMY064', 'GSAFFRONCITYGYM006', 'TKAYLA006', '2023-10-10', 'Win');
INSERT IGNORE INTO GymBadge (gym_id, badge_number, date_earned, trainer_id) VALUES ('GSAFFRONCITYGYM006', 2, '2023-10-10', 'TAMY064');
INSERT INTO GymBattle VALUES ('BBATTLE022', 'TBENJAMIN105', 'GSAFFRONCITYGYM006', 'TKAYLA006', '2025-11-12', 'Win');
INSERT IGNORE INTO GymBadge (gym_id, badge_number, date_earned, trainer_id) VALUES ('GSAFFRONCITYGYM006', 3, '2025-11-12', 'TBENJAMIN105');
INSERT INTO GymBattle VALUES ('BBATTLE023', 'TKATRINA014', 'GVERMILIONCITYGYM003', 'TMONIQUE003', '2025-03-18', 'Win');
INSERT IGNORE INTO GymBadge (gym_id, badge_number, date_earned, trainer_id) VALUES ('GVERMILIONCITYGYM003', 2, '2025-03-18', 'TKATRINA014');
INSERT INTO GymBattle VALUES ('BBATTLE024', 'TJOHNNY049', 'GSAFFRONCITYGYM006', 'TKAYLA006', '2025-03-29', 'Loss');
INSERT INTO GymBattle VALUES ('BBATTLE025', 'TLINDSAY040', 'GCERULEANCITYGYM002', 'TKELSEY002', '2023-03-03', 'Draw');
INSERT INTO GymBattle VALUES ('BBATTLE026', 'TTHOMAS072', 'GSAFFRONCITYGYM006', 'TKAYLA006', '2025-04-03', 'Loss');
INSERT INTO GymBattle VALUES ('BBATTLE027', 'TMICHELLE097', 'GGOLDENRODCITYGYM011', 'TKENNETH011', '2024-03-22', 'Loss');
INSERT INTO GymBattle VALUES ('BBATTLE028', 'TCHRISTOPHER100', 'GCINNABARISLANDGY007', 'TPAMELA007', '2022-01-31', 'Loss');
INSERT INTO GymBattle VALUES ('BBATTLE029', 'TANGELA027', 'GVIRIDIANCITYGYM008', 'TEMILY008', '2024-09-13', 'Loss');
INSERT INTO GymBattle VALUES ('BBATTLE030', 'TLISA041', 'GSAFFRONCITYGYM006', 'TKAYLA006', '2025-08-03', 'Loss');
INSERT INTO GymBattle VALUES ('BBATTLE031', 'TBENJAMIN142', 'GECRUTEAKCITYGYM012', 'TJESUS012', '2022-06-25', 'Draw');
INSERT INTO GymBattle VALUES ('BBATTLE032', 'TAPRIL101', 'GAZALEATOWNGYM010', 'TERIC010', '2025-03-19', 'Draw');
INSERT INTO GymBattle VALUES ('BBATTLE033', 'TDIANE111', 'GCINNABARISLANDGY007', 'TPAMELA007', '2022-06-26', 'Loss');
INSERT INTO GymBattle VALUES ('BBATTLE034', 'TMICHAEL089', 'GVIOLETCITYGYM009', 'TBRIAN009', '2023-06-15', 'Win');
INSERT IGNORE INTO GymBadge (gym_id, badge_number, date_earned, trainer_id) VALUES ('GVIOLETCITYGYM009', 1, '2023-06-15', 'TMICHAEL089');
INSERT INTO GymBattle VALUES ('BBATTLE035', 'TMATTHEW038', 'GCERULEANCITYGYM002', 'TKELSEY002', '2023-06-17', 'Draw');
INSERT INTO GymBattle VALUES ('BBATTLE036', 'TALYSSA104', 'GVIRIDIANCITYGYM008', 'TEMILY008', '2024-08-06', 'Draw');
INSERT INTO GymBattle VALUES ('BBATTLE037', 'TROBIN043', 'GPEWTERCITYGYM001', 'TMICHAEL001', '2022-11-10', 'Win');
INSERT IGNORE INTO GymBadge (gym_id, badge_number, date_earned, trainer_id) VALUES ('GPEWTERCITYGYM001', 2, '2022-11-10', 'TROBIN043');
INSERT INTO GymBattle VALUES ('BBATTLE038', 'TCHARLES127', 'GGOLDENRODCITYGYM011', 'TKENNETH011', '2025-02-04', 'Draw');
INSERT INTO GymBattle VALUES ('BBATTLE039', 'TMRXXX149', 'GAZALEATOWNGYM010', 'TERIC010', '2025-03-30', 'Draw');
INSERT INTO GymBattle VALUES ('BBATTLE040', 'TPATRICIA035', 'GVIOLETCITYGYM009', 'TBRIAN009', '2022-10-25', 'Win');
INSERT IGNORE INTO GymBadge (gym_id, badge_number, date_earned, trainer_id) VALUES ('GVIOLETCITYGYM009', 2, '2022-10-25', 'TPATRICIA035');
INSERT INTO GymBattle VALUES ('BBATTLE041', 'TGABRIEL025', 'GCELADONCITYGYM004', 'TMRXXX004', '2025-03-12', 'Draw');
INSERT INTO GymBattle VALUES ('BBATTLE042', 'TJOSEPH120', 'GCERULEANCITYGYM002', 'TKELSEY002', '2025-09-23', 'Loss');
INSERT INTO GymBattle VALUES ('BBATTLE043', 'TROBIN043', 'GAZALEATOWNGYM010', 'TERIC010', '2022-04-03', 'Win');
INSERT IGNORE INTO GymBadge (gym_id, badge_number, date_earned, trainer_id) VALUES ('GAZALEATOWNGYM010', 2, '2022-04-03', 'TROBIN043');
INSERT INTO GymBattle VALUES ('BBATTLE044', 'TASHLEY129', 'GECRUTEAKCITYGYM012', 'TJESUS012', '2022-02-18', 'Loss');
INSERT INTO GymBattle VALUES ('BBATTLE045', 'TJULIE075', 'GVIOLETCITYGYM009', 'TBRIAN009', '2024-11-23', 'Draw');
INSERT INTO GymBattle VALUES ('BBATTLE046', 'TALYSSA146', 'GAZALEATOWNGYM010', 'TERIC010', '2024-01-09', 'Draw');
INSERT INTO GymBattle VALUES ('BBATTLE047', 'TJONATHAN021', 'GVIOLETCITYGYM009', 'TBRIAN009', '2024-01-14', 'Loss');
INSERT INTO GymBattle VALUES ('BBATTLE048', 'TDAVID017', 'GCELADONCITYGYM004', 'TMRXXX004', '2023-12-04', 'Loss');
INSERT INTO GymBattle VALUES ('BBATTLE049', 'TKELSEY002', 'GCELADONCITYGYM004', 'TMRXXX004', '2023-03-16', 'Draw');
INSERT INTO GymBattle VALUES ('BBATTLE050', 'TSTEVEN115', 'GCELADONCITYGYM004', 'TMRXXX004', '2023-11-19', 'Draw');
INSERT IGNORE INTO TournamentEntry VALUES ('OTOURN001', 'TMICHAEL089', '2024-09-13');
INSERT IGNORE INTO TournamentEntry VALUES ('OTOURN001', 'TERIC010', '2024-09-15');
INSERT IGNORE INTO TournamentEntry VALUES ('OTOURN001', 'TANNE114', '2024-09-15');
INSERT IGNORE INTO TournamentEntry VALUES ('OTOURN001', 'THEATHER079', '2024-08-29');
INSERT IGNORE INTO TournamentEntry VALUES ('OTOURN001', 'TMICHELLE097', '2024-08-31');
INSERT IGNORE INTO TournamentEntry VALUES ('OTOURN001', 'TASHLEY070', '2024-09-13');
INSERT IGNORE INTO TournamentEntry VALUES ('OTOURN001', 'TKENNETH011', '2024-09-15');
INSERT IGNORE INTO TournamentEntry VALUES ('OTOURN001', 'TJOHNNY049', '2024-09-03');
INSERT IGNORE INTO TournamentEntry VALUES ('OTOURN001', 'TANGELA027', '2024-08-20');
INSERT IGNORE INTO TournamentEntry VALUES ('OTOURN001', 'TCAMERON135', '2024-09-15');
INSERT IGNORE INTO TournamentEntry VALUES ('OTOURN001', 'TCHRISTOPHER100', '2024-09-03');
INSERT IGNORE INTO TournamentEntry VALUES ('OTOURN001', 'TSTEVEN115', '2024-09-07');
INSERT IGNORE INTO TournamentEntry VALUES ('OTOURN001', 'TEDWARD136', '2024-09-15');
INSERT IGNORE INTO TournamentEntry VALUES ('OTOURN001', 'TCHARLES127', '2024-08-18');
INSERT IGNORE INTO TournamentEntry VALUES ('OTOURN001', 'TDANA085', '2024-09-05');
INSERT IGNORE INTO TournamentEntry VALUES ('OTOURN001', 'TPATRICIA035', '2024-08-20');
INSERT IGNORE INTO TournamentEntry VALUES ('OTOURN001', 'TKRISTIN048', '2024-08-22');
INSERT IGNORE INTO TournamentEntry VALUES ('OTOURN001', 'TDANIEL044', '2024-09-16');
INSERT IGNORE INTO TournamentEntry VALUES ('OTOURN001', 'TCANDICE042', '2024-08-23');
INSERT IGNORE INTO TournamentEntry VALUES ('OTOURN001', 'TMONIQUE003', '2024-08-17');
INSERT IGNORE INTO TournamentEntry VALUES ('OTOURN001', 'TSABRINA019', '2024-09-10');
INSERT IGNORE INTO TournamentEntry VALUES ('OTOURN001', 'TWILLIAM081', '2024-09-03');
INSERT IGNORE INTO TournamentEntry VALUES ('OTOURN001', 'TMRXXX149', '2024-09-05');
INSERT IGNORE INTO TournamentEntry VALUES ('OTOURN001', 'TKELLY015', '2024-08-26');
INSERT IGNORE INTO TournamentEntry VALUES ('OTOURN001', 'TKELLY132', '2024-08-24');
INSERT IGNORE INTO TournamentEntry VALUES ('OTOURN001', 'TVICTORIA059', '2024-08-18');
INSERT IGNORE INTO TournamentEntry VALUES ('OTOURN001', 'TDIANE111', '2024-08-20');
INSERT IGNORE INTO TournamentEntry VALUES ('OTOURN001', 'TMARC057', '2024-08-23');
INSERT IGNORE INTO TournamentEntry VALUES ('OTOURN001', 'TJASMINE018', '2024-09-06');
INSERT IGNORE INTO TournamentEntry VALUES ('OTOURN001', 'TSHARON113', '2024-08-29');
INSERT IGNORE INTO TournamentEntry VALUES ('OTOURN001', 'TMARY099', '2024-08-23');
INSERT IGNORE INTO TournamentEntry VALUES ('OTOURN001', 'TDIANA138', '2024-08-30');
INSERT INTO Match_Table VALUES ('OTOURN001', 1, 'TPATRICIA035', 'TWILLIAM081', 'TPATRICIA035', '2024-09-17', 1);
INSERT INTO Match_Table VALUES ('OTOURN001', 2, 'TANNE114', 'TJASMINE018', 'TANNE114', '2024-09-23', 1);
INSERT INTO Match_Table VALUES ('OTOURN001', 3, 'TSHARON113', 'TERIC010', 'TERIC010', '2024-09-24', 1);
INSERT INTO Match_Table VALUES ('OTOURN001', 4, 'TSHARON113', 'THEATHER079', 'TSHARON113', '2024-09-24', 1);
INSERT INTO Match_Table VALUES ('OTOURN001', 5, 'TSTEVEN115', 'TVICTORIA059', 'TSTEVEN115', '2024-09-23', 1);
INSERT INTO Match_Table VALUES ('OTOURN001', 6, 'TMARC057', 'TSTEVEN115', 'TMARC057', '2024-09-24', 1);
INSERT INTO Match_Table VALUES ('OTOURN001', 7, 'TANNE114', 'TMICHAEL089', 'TANNE114', '2024-09-24', 1);
INSERT INTO Match_Table VALUES ('OTOURN001', 8, 'TMRXXX149', 'TKELLY015', 'TMRXXX149', '2024-09-24', 1);
INSERT INTO Match_Table VALUES ('OTOURN001', 9, 'TJASMINE018', 'TCHRISTOPHER100', 'TJASMINE018', '2024-09-17', 1);
INSERT INTO Match_Table VALUES ('OTOURN001', 10, 'TASHLEY070', 'TCHARLES127', 'TASHLEY070', '2024-09-24', 1);
INSERT INTO Match_Table VALUES ('OTOURN001', 11, 'TMARC057', 'TSHARON113', 'TSHARON113', '2024-09-26', 1);
INSERT INTO Match_Table VALUES ('OTOURN001', 12, 'TMICHAEL089', 'TCAMERON135', 'TCAMERON135', '2024-09-26', 1);
INSERT INTO Match_Table VALUES ('OTOURN001', 13, 'TMARY099', 'TPATRICIA035', 'TMARY099', '2024-09-26', 1);
INSERT INTO Match_Table VALUES ('OTOURN001', 14, 'TSABRINA019', 'TEDWARD136', 'TSABRINA019', '2024-09-24', 1);
INSERT INTO Match_Table VALUES ('OTOURN001', 15, 'TSHARON113', 'TCANDICE042', 'TCANDICE042', '2024-09-22', 1);
INSERT INTO Match_Table VALUES ('OTOURN001', 16, 'TVICTORIA059', 'TCANDICE042', 'TVICTORIA059', '2024-09-20', 1);
INSERT INTO Match_Table VALUES ('OTOURN001', 17, 'TMONIQUE003', 'TPATRICIA035', 'TPATRICIA035', '2024-09-25', 1);
INSERT INTO Match_Table VALUES ('OTOURN001', 18, 'TKENNETH011', 'TERIC010', 'TKENNETH011', '2024-09-21', 1);
INSERT INTO Match_Table VALUES ('OTOURN001', 19, 'TSTEVEN115', 'TMARC057', 'TMARC057', '2024-09-26', 1);
INSERT INTO Match_Table VALUES ('OTOURN001', 20, 'TKELLY132', 'TANNE114', 'TKELLY132', '2024-09-19', 1);
INSERT INTO Match_Table VALUES ('OTOURN001', 21, 'TKELLY132', 'TMARC057', 'TKELLY132', '2024-09-22', 2);
INSERT INTO Match_Table VALUES ('OTOURN001', 22, 'TMRXXX149', 'TJOHNNY049', 'TMRXXX149', '2024-09-19', 2);
INSERT INTO Match_Table VALUES ('OTOURN001', 23, 'TKENNETH011', 'TDIANE111', 'TDIANE111', '2024-09-22', 2);
INSERT INTO Match_Table VALUES ('OTOURN001', 24, 'TSTEVEN115', 'TDIANE111', 'TSTEVEN115', '2024-09-20', 2);
INSERT INTO Match_Table VALUES ('OTOURN001', 25, 'TCHARLES127', 'TMICHAEL089', 'TCHARLES127', '2024-09-19', 2);
INSERT INTO Match_Table VALUES ('OTOURN001', 26, 'TDANIEL044', 'TCANDICE042', 'TCANDICE042', '2024-09-21', 2);
INSERT INTO Match_Table VALUES ('OTOURN001', 27, 'TDIANA138', 'TSABRINA019', 'TSABRINA019', '2024-09-24', 2);
INSERT INTO Match_Table VALUES ('OTOURN001', 28, 'TDIANA138', 'TCHRISTOPHER100', 'TCHRISTOPHER100', '2024-09-22', 2);
INSERT INTO Match_Table VALUES ('OTOURN001', 29, 'TANNE114', 'TMICHAEL089', 'TMICHAEL089', '2024-09-20', 2);
INSERT INTO Match_Table VALUES ('OTOURN001', 30, 'TDANA085', 'TMRXXX149', 'TDANA085', '2024-09-24', 2);
INSERT INTO Match_Table VALUES ('OTOURN001', 31, 'TKELLY015', 'TKELLY132', 'TKELLY132', '2024-09-23', 2);
INSERT INTO Match_Table VALUES ('OTOURN001', 32, 'TSABRINA019', 'TDANA085', 'TDANA085', '2024-09-20', 2);
INSERT INTO Match_Table VALUES ('OTOURN001', 33, 'THEATHER079', 'TCANDICE042', 'THEATHER079', '2024-09-23', 2);
INSERT INTO Match_Table VALUES ('OTOURN001', 34, 'TMARY099', 'TKRISTIN048', 'TMARY099', '2024-09-24', 2);
INSERT INTO Match_Table VALUES ('OTOURN001', 35, 'TVICTORIA059', 'TJASMINE018', 'TVICTORIA059', '2024-09-21', 2);
INSERT INTO Match_Table VALUES ('OTOURN001', 36, 'TERIC010', 'TMARC057', 'TMARC057', '2024-09-16', 2);
INSERT INTO Match_Table VALUES ('OTOURN001', 37, 'TKRISTIN048', 'TMARY099', 'TMARY099', '2024-09-26', 2);
INSERT INTO Match_Table VALUES ('OTOURN001', 38, 'TKRISTIN048', 'TMARY099', 'TMARY099', '2024-09-21', 2);
INSERT INTO Match_Table VALUES ('OTOURN001', 39, 'TDIANE111', 'TKRISTIN048', 'TKRISTIN048', '2024-09-17', 2);
INSERT INTO Match_Table VALUES ('OTOURN001', 40, 'THEATHER079', 'TJOHNNY049', 'TJOHNNY049', '2024-09-24', 3);
INSERT INTO Match_Table VALUES ('OTOURN001', 41, 'TCAMERON135', 'TMICHELLE097', 'TMICHELLE097', '2024-09-22', 3);
INSERT INTO Match_Table VALUES ('OTOURN001', 42, 'TJASMINE018', 'TJOHNNY049', 'TJASMINE018', '2024-09-20', 3);
INSERT INTO Match_Table VALUES ('OTOURN001', 43, 'TCANDICE042', 'THEATHER079', 'THEATHER079', '2024-09-16', 3);
INSERT INTO Match_Table VALUES ('OTOURN001', 44, 'THEATHER079', 'TANGELA027', 'THEATHER079', '2024-09-22', 3);
INSERT INTO Match_Table VALUES ('OTOURN001', 45, 'TJOHNNY049', 'TVICTORIA059', 'TJOHNNY049', '2024-09-26', 3);
INSERT INTO Match_Table VALUES ('OTOURN001', 46, 'TCAMERON135', 'TSABRINA019', 'TSABRINA019', '2024-09-19', 3);
INSERT INTO Match_Table VALUES ('OTOURN001', 47, 'TJOHNNY049', 'TKELLY015', 'TJOHNNY049', '2024-09-16', 3);
INSERT INTO Match_Table VALUES ('OTOURN001', 48, 'TKRISTIN048', 'TEDWARD136', 'TKRISTIN048', '2024-09-23', 3);
INSERT INTO Match_Table VALUES ('OTOURN001', 49, 'TCANDICE042', 'TANGELA027', 'TCANDICE042', '2024-09-20', 3);
INSERT INTO Match_Table VALUES ('OTOURN001', 50, 'TCHARLES127', 'TKRISTIN048', 'TKRISTIN048', '2024-09-18', 3);
INSERT INTO Match_Table VALUES ('OTOURN001', 51, 'TKELLY015', 'TSHARON113', 'TSHARON113', '2024-09-16', 3);
INSERT INTO Match_Table VALUES ('OTOURN001', 52, 'TMONIQUE003', 'TASHLEY070', 'TMONIQUE003', '2024-09-26', 3);
INSERT INTO Match_Table VALUES ('OTOURN001', 53, 'TMICHELLE097', 'TDANIEL044', 'TDANIEL044', '2024-09-23', 3);
INSERT INTO Match_Table VALUES ('OTOURN001', 54, 'TMICHAEL089', 'TMARY099', 'TMICHAEL089', '2024-09-21', 3);
INSERT INTO Match_Table VALUES ('OTOURN001', 55, 'TEDWARD136', 'TJOHNNY049', 'TJOHNNY049', '2024-09-26', 3);
INSERT INTO Match_Table VALUES ('OTOURN001', 56, 'TVICTORIA059', 'TWILLIAM081', 'TVICTORIA059', '2024-09-24', 3);
INSERT INTO Match_Table VALUES ('OTOURN001', 57, 'TANGELA027', 'TCHARLES127', 'TCHARLES127', '2024-09-16', 3);
INSERT INTO Match_Table VALUES ('OTOURN001', 58, 'TMICHAEL089', 'TCHARLES127', 'TCHARLES127', '2024-09-17', 3);
INSERT INTO Match_Table VALUES ('OTOURN001', 59, 'TSABRINA019', 'TKRISTIN048', 'TKRISTIN048', '2024-09-25', 3);
INSERT INTO Match_Table VALUES ('OTOURN001', 60, 'TVICTORIA059', 'TANGELA027', 'TVICTORIA059', '2024-09-24', 4);
INSERT INTO Match_Table VALUES ('OTOURN001', 61, 'TJOHNNY049', 'THEATHER079', 'TJOHNNY049', '2024-09-21', 4);
INSERT INTO Match_Table VALUES ('OTOURN001', 62, 'TJASMINE018', 'TKELLY015', 'TJASMINE018', '2024-09-17', 4);
INSERT INTO Match_Table VALUES ('OTOURN001', 63, 'TASHLEY070', 'TMRXXX149', 'TASHLEY070', '2024-09-26', 4);
INSERT INTO Match_Table VALUES ('OTOURN001', 64, 'TDIANA138', 'TMONIQUE003', 'TDIANA138', '2024-09-18', 4);
INSERT INTO Match_Table VALUES ('OTOURN001', 65, 'TMONIQUE003', 'TDIANE111', 'TDIANE111', '2024-09-26', 4);
INSERT INTO Match_Table VALUES ('OTOURN001', 66, 'TKENNETH011', 'TMARC057', 'TMARC057', '2024-09-20', 4);
INSERT INTO Match_Table VALUES ('OTOURN001', 67, 'TJASMINE018', 'TKRISTIN048', 'TJASMINE018', '2024-09-23', 4);
INSERT INTO Match_Table VALUES ('OTOURN001', 68, 'TMONIQUE003', 'TDIANE111', 'TMONIQUE003', '2024-09-26', 4);
INSERT INTO Match_Table VALUES ('OTOURN001', 69, 'TMICHAEL089', 'TJASMINE018', 'TMICHAEL089', '2024-09-26', 4);
INSERT INTO Match_Table VALUES ('OTOURN001', 70, 'THEATHER079', 'TANNE114', 'TANNE114', '2024-09-18', 4);
INSERT INTO Match_Table VALUES ('OTOURN001', 71, 'TMARC057', 'TASHLEY070', 'TMARC057', '2024-09-20', 4);
INSERT INTO Match_Table VALUES ('OTOURN001', 72, 'TKENNETH011', 'TMRXXX149', 'TMRXXX149', '2024-09-17', 4);
INSERT INTO Match_Table VALUES ('OTOURN001', 73, 'TSABRINA019', 'TANGELA027', 'TANGELA027', '2024-09-20', 4);
INSERT INTO Match_Table VALUES ('OTOURN001', 74, 'TSHARON113', 'TDANIEL044', 'TDANIEL044', '2024-09-22', 4);
INSERT INTO Match_Table VALUES ('OTOURN001', 75, 'TKENNETH011', 'TCAMERON135', 'TKENNETH011', '2024-09-24', 4);
INSERT INTO Match_Table VALUES ('OTOURN001', 76, 'TDANA085', 'TMONIQUE003', 'TMONIQUE003', '2024-09-25', 4);
INSERT INTO Match_Table VALUES ('OTOURN001', 77, 'TKELLY132', 'TKELLY015', 'TKELLY015', '2024-09-24', 4);
INSERT INTO Match_Table VALUES ('OTOURN001', 78, 'TJASMINE018', 'TCHARLES127', 'TCHARLES127', '2024-09-21', 4);
INSERT INTO Match_Table VALUES ('OTOURN001', 79, 'TMARY099', 'TSHARON113', 'TMARY099', '2024-09-24', 4);
INSERT INTO Match_Table VALUES ('OTOURN001', 80, 'THEATHER079', 'TDANA085', 'THEATHER079', '2024-09-24', 4);
INSERT INTO Match_Table VALUES ('OTOURN001', 81, 'TSABRINA019', 'THEATHER079', 'TSABRINA019', '2024-09-17', 4);
INSERT INTO Match_Table VALUES ('OTOURN001', 82, 'TKELLY132', 'TMICHAEL089', 'TKELLY132', '2024-09-21', 4);
INSERT INTO Match_Table VALUES ('OTOURN001', 83, 'TMARY099', 'TDIANA138', 'TMARY099', '2024-09-18', 4);
INSERT INTO Match_Table VALUES ('OTOURN001', 84, 'TDIANE111', 'THEATHER079', 'TDIANE111', '2024-09-23', 4);
INSERT INTO Match_Table VALUES ('OTOURN001', 85, 'TSABRINA019', 'TSHARON113', 'TSABRINA019', '2024-09-20', 5);
INSERT INTO Match_Table VALUES ('OTOURN001', 86, 'TKENNETH011', 'TWILLIAM081', 'TWILLIAM081', '2024-09-17', 5);
INSERT INTO Match_Table VALUES ('OTOURN001', 87, 'TPATRICIA035', 'TDANA085', 'TPATRICIA035', '2024-09-24', 5);
INSERT INTO Match_Table VALUES ('OTOURN001', 88, 'TCHARLES127', 'TKELLY015', 'TCHARLES127', '2024-09-25', 5);
INSERT INTO Match_Table VALUES ('OTOURN001', 89, 'TCHARLES127', 'TDIANE111', 'TDIANE111', '2024-09-23', 5);
INSERT INTO Match_Table VALUES ('OTOURN001', 90, 'TMARY099', 'TEDWARD136', 'TEDWARD136', '2024-09-19', 5);
INSERT INTO Match_Table VALUES ('OTOURN001', 91, 'TERIC010', 'THEATHER079', 'THEATHER079', '2024-09-26', 5);
INSERT INTO Match_Table VALUES ('OTOURN001', 92, 'TDANA085', 'TERIC010', 'TDANA085', '2024-09-25', 5);
INSERT INTO Match_Table VALUES ('OTOURN001', 93, 'TCHRISTOPHER100', 'TCHARLES127', 'TCHARLES127', '2024-09-16', 5);
INSERT INTO Match_Table VALUES ('OTOURN001', 94, 'TJASMINE018', 'TSTEVEN115', 'TJASMINE018', '2024-09-20', 5);
INSERT INTO Match_Table VALUES ('OTOURN001', 95, 'TDIANE111', 'TVICTORIA059', 'TVICTORIA059', '2024-09-22', 5);
INSERT INTO Match_Table VALUES ('OTOURN001', 96, 'TVICTORIA059', 'TKENNETH011', 'TVICTORIA059', '2024-09-23', 5);
INSERT INTO Match_Table VALUES ('OTOURN001', 97, 'TANGELA027', 'TWILLIAM081', 'TWILLIAM081', '2024-09-20', 5);
INSERT INTO Match_Table VALUES ('OTOURN001', 98, 'TERIC010', 'TCANDICE042', 'TCANDICE042', '2024-09-19', 5);
INSERT INTO Match_Table VALUES ('OTOURN001', 99, 'TCANDICE042', 'TERIC010', 'TCANDICE042', '2024-09-24', 5);
INSERT INTO Match_Table VALUES ('OTOURN001', 100, 'TCAMERON135', 'TSABRINA019', 'TCAMERON135', '2024-09-25', 5);
INSERT INTO Match_Table VALUES ('OTOURN001', 101, 'TMICHAEL089', 'TMRXXX149', 'TMRXXX149', '2024-09-25', 5);
INSERT INTO Match_Table VALUES ('OTOURN001', 102, 'TCAMERON135', 'TASHLEY070', 'TASHLEY070', '2024-09-16', 5);
INSERT INTO Match_Table VALUES ('OTOURN001', 103, 'TVICTORIA059', 'TKELLY015', 'TKELLY015', '2024-09-16', 5);
INSERT INTO Match_Table VALUES ('OTOURN001', 104, 'TDANA085', 'TJASMINE018', 'TDANA085', '2024-09-19', 5);
INSERT INTO Match_Table VALUES ('OTOURN001', 105, 'TEDWARD136', 'TKELLY015', 'TKELLY015', '2024-09-25', 5);
INSERT INTO Match_Table VALUES ('OTOURN001', 106, 'TMONIQUE003', 'TSABRINA019', 'TSABRINA019', '2024-09-17', 5);
INSERT IGNORE INTO TournamentEntry VALUES ('OTOURN002', 'TMATTHEW038', '2024-05-08');
INSERT IGNORE INTO TournamentEntry VALUES ('OTOURN002', 'TMICHAEL080', '2024-04-24');
INSERT IGNORE INTO TournamentEntry VALUES ('OTOURN002', 'TMRXXX149', '2024-04-23');
INSERT IGNORE INTO TournamentEntry VALUES ('OTOURN002', 'TMORGAN121', '2024-04-28');
INSERT IGNORE INTO TournamentEntry VALUES ('OTOURN002', 'TSTEPHANIE024', '2024-04-28');
INSERT IGNORE INTO TournamentEntry VALUES ('OTOURN002', 'TCHRISTOPHER034', '2024-05-14');
INSERT IGNORE INTO TournamentEntry VALUES ('OTOURN002', 'TKATHLEEN130', '2024-04-18');
INSERT IGNORE INTO TournamentEntry VALUES ('OTOURN002', 'TKAYLA006', '2024-04-18');
INSERT IGNORE INTO TournamentEntry VALUES ('OTOURN002', 'TMRS096', '2024-05-02');
INSERT IGNORE INTO TournamentEntry VALUES ('OTOURN002', 'TLISA041', '2024-05-02');
INSERT IGNORE INTO TournamentEntry VALUES ('OTOURN002', 'TMRXXX004', '2024-04-27');
INSERT IGNORE INTO TournamentEntry VALUES ('OTOURN002', 'TJACK150', '2024-04-26');
INSERT IGNORE INTO TournamentEntry VALUES ('OTOURN002', 'TMELISSA067', '2024-04-21');
INSERT IGNORE INTO TournamentEntry VALUES ('OTOURN002', 'TMARY061', '2024-05-13');
INSERT IGNORE INTO TournamentEntry VALUES ('OTOURN002', 'TPAMELA007', '2024-04-18');
INSERT IGNORE INTO TournamentEntry VALUES ('OTOURN002', 'TLANCE078', '2024-05-16');
INSERT IGNORE INTO TournamentEntry VALUES ('OTOURN002', 'TKRISTIN048', '2024-04-21');
INSERT IGNORE INTO TournamentEntry VALUES ('OTOURN002', 'TANNA060', '2024-04-20');
INSERT IGNORE INTO TournamentEntry VALUES ('OTOURN002', 'TJORDAN051', '2024-04-17');
INSERT IGNORE INTO TournamentEntry VALUES ('OTOURN002', 'TROBERT148', '2024-04-30');
INSERT IGNORE INTO TournamentEntry VALUES ('OTOURN002', 'TTHOMAS145', '2024-04-23');
INSERT IGNORE INTO TournamentEntry VALUES ('OTOURN002', 'TBENJAMIN142', '2024-05-04');
INSERT IGNORE INTO TournamentEntry VALUES ('OTOURN002', 'TASHLEY129', '2024-04-18');
INSERT IGNORE INTO TournamentEntry VALUES ('OTOURN002', 'TDOMINIQUE118', '2024-04-16');
INSERT IGNORE INTO TournamentEntry VALUES ('OTOURN002', 'TBRANDI088', '2024-04-25');
INSERT IGNORE INTO TournamentEntry VALUES ('OTOURN002', 'TSHARON113', '2024-05-16');
INSERT IGNORE INTO TournamentEntry VALUES ('OTOURN002', 'TMARC057', '2024-04-28');
INSERT IGNORE INTO TournamentEntry VALUES ('OTOURN002', 'TLINDSAY040', '2024-05-07');
INSERT IGNORE INTO TournamentEntry VALUES ('OTOURN002', 'TCANDICE042', '2024-04-19');
INSERT IGNORE INTO TournamentEntry VALUES ('OTOURN002', 'TSCOTT140', '2024-05-16');
INSERT IGNORE INTO TournamentEntry VALUES ('OTOURN002', 'TJOSEPH058', '2024-04-27');
INSERT IGNORE INTO TournamentEntry VALUES ('OTOURN002', 'TKAYLA069', '2024-05-05');
INSERT INTO Match_Table VALUES ('OTOURN002', 1, 'TMELISSA067', 'TMORGAN121', 'TMORGAN121', '2024-05-26', 1);
INSERT INTO Match_Table VALUES ('OTOURN002', 2, 'TANNA060', 'TLISA041', 'TANNA060', '2024-05-22', 1);
INSERT INTO Match_Table VALUES ('OTOURN002', 3, 'TSTEPHANIE024', 'TKATHLEEN130', 'TSTEPHANIE024', '2024-05-17', 1);
INSERT INTO Match_Table VALUES ('OTOURN002', 4, 'TANNA060', 'TLINDSAY040', 'TANNA060', '2024-05-21', 1);
INSERT INTO Match_Table VALUES ('OTOURN002', 5, 'TANNA060', 'TJORDAN051', 'TANNA060', '2024-05-24', 1);
INSERT INTO Match_Table VALUES ('OTOURN002', 6, 'TPAMELA007', 'TROBERT148', 'TPAMELA007', '2024-05-22', 1);
INSERT INTO Match_Table VALUES ('OTOURN002', 7, 'TROBERT148', 'TASHLEY129', 'TASHLEY129', '2024-05-25', 1);
INSERT INTO Match_Table VALUES ('OTOURN002', 8, 'TJACK150', 'TASHLEY129', 'TASHLEY129', '2024-05-21', 1);
INSERT INTO Match_Table VALUES ('OTOURN002', 9, 'TSHARON113', 'TBRANDI088', 'TSHARON113', '2024-05-18', 1);
INSERT INTO Match_Table VALUES ('OTOURN002', 10, 'TDOMINIQUE118', 'TMARY061', 'TMARY061', '2024-05-21', 1);
INSERT INTO Match_Table VALUES ('OTOURN002', 11, 'TJACK150', 'TBRANDI088', 'TBRANDI088', '2024-05-20', 1);
INSERT INTO Match_Table VALUES ('OTOURN002', 12, 'TANNA060', 'TJORDAN051', 'TJORDAN051', '2024-05-16', 1);
INSERT INTO Match_Table VALUES ('OTOURN002', 13, 'TCHRISTOPHER034', 'TJACK150', 'TCHRISTOPHER034', '2024-05-25', 1);
INSERT INTO Match_Table VALUES ('OTOURN002', 14, 'TBENJAMIN142', 'TJACK150', 'TBENJAMIN142', '2024-05-26', 1);
INSERT INTO Match_Table VALUES ('OTOURN002', 15, 'TPAMELA007', 'TBENJAMIN142', 'TBENJAMIN142', '2024-05-25', 1);
INSERT INTO Match_Table VALUES ('OTOURN002', 16, 'TANNA060', 'TMRXXX149', 'TMRXXX149', '2024-05-19', 1);
INSERT INTO Match_Table VALUES ('OTOURN002', 17, 'TKATHLEEN130', 'TBRANDI088', 'TKATHLEEN130', '2024-05-17', 1);
INSERT INTO Match_Table VALUES ('OTOURN002', 18, 'TMATTHEW038', 'TLINDSAY040', 'TLINDSAY040', '2024-05-16', 1);
INSERT INTO Match_Table VALUES ('OTOURN002', 19, 'TJOSEPH058', 'TMATTHEW038', 'TJOSEPH058', '2024-05-24', 2);
INSERT INTO Match_Table VALUES ('OTOURN002', 20, 'TTHOMAS145', 'TLANCE078', 'TTHOMAS145', '2024-05-20', 2);
INSERT INTO Match_Table VALUES ('OTOURN002', 21, 'TJORDAN051', 'TMORGAN121', 'TJORDAN051', '2024-05-26', 2);
INSERT INTO Match_Table VALUES ('OTOURN002', 22, 'TMRS096', 'TBRANDI088', 'TMRS096', '2024-05-24', 2);
INSERT INTO Match_Table VALUES ('OTOURN002', 23, 'TKAYLA069', 'TBENJAMIN142', 'TKAYLA069', '2024-05-16', 2);
INSERT INTO Match_Table VALUES ('OTOURN002', 24, 'TKATHLEEN130', 'TJACK150', 'TJACK150', '2024-05-23', 2);
INSERT INTO Match_Table VALUES ('OTOURN002', 25, 'TLISA041', 'TKATHLEEN130', 'TLISA041', '2024-05-20', 2);
INSERT INTO Match_Table VALUES ('OTOURN002', 26, 'TMARY061', 'TDOMINIQUE118', 'TDOMINIQUE118', '2024-05-20', 2);
INSERT INTO Match_Table VALUES ('OTOURN002', 27, 'TKATHLEEN130', 'TMARY061', 'TKATHLEEN130', '2024-05-25', 2);
INSERT INTO Match_Table VALUES ('OTOURN002', 28, 'TROBERT148', 'TMRXXX004', 'TROBERT148', '2024-05-26', 2);
INSERT INTO Match_Table VALUES ('OTOURN002', 29, 'TJORDAN051', 'TMRXXX004', 'TJORDAN051', '2024-05-17', 2);
INSERT INTO Match_Table VALUES ('OTOURN002', 30, 'TJORDAN051', 'TROBERT148', 'TROBERT148', '2024-05-20', 2);
INSERT INTO Match_Table VALUES ('OTOURN002', 31, 'TMICHAEL080', 'TMORGAN121', 'TMICHAEL080', '2024-05-16', 2);
INSERT INTO Match_Table VALUES ('OTOURN002', 32, 'TKRISTIN048', 'TBRANDI088', 'TKRISTIN048', '2024-05-21', 2);
INSERT INTO Match_Table VALUES ('OTOURN002', 33, 'TCANDICE042', 'TMRXXX004', 'TCANDICE042', '2024-05-21', 2);
INSERT INTO Match_Table VALUES ('OTOURN002', 34, 'TKAYLA069', 'TJORDAN051', 'TKAYLA069', '2024-05-16', 2);
INSERT INTO Match_Table VALUES ('OTOURN002', 35, 'TKATHLEEN130', 'TMARY061', 'TKATHLEEN130', '2024-05-23', 2);
INSERT INTO Match_Table VALUES ('OTOURN002', 36, 'TTHOMAS145', 'TKAYLA069', 'TTHOMAS145', '2024-05-16', 2);
INSERT INTO Match_Table VALUES ('OTOURN002', 37, 'TMRS096', 'TMRXXX004', 'TMRXXX004', '2024-05-17', 2);
INSERT INTO Match_Table VALUES ('OTOURN002', 38, 'TPAMELA007', 'TJOSEPH058', 'TPAMELA007', '2024-05-26', 2);
INSERT INTO Match_Table VALUES ('OTOURN002', 39, 'TPAMELA007', 'TMARC057', 'TPAMELA007', '2024-05-17', 2);
INSERT INTO Match_Table VALUES ('OTOURN002', 40, 'TJACK150', 'TBENJAMIN142', 'TJACK150', '2024-05-23', 2);
INSERT INTO Match_Table VALUES ('OTOURN002', 41, 'TBRANDI088', 'TLANCE078', 'TBRANDI088', '2024-05-18', 2);
INSERT INTO Match_Table VALUES ('OTOURN002', 42, 'TJOSEPH058', 'TMARY061', 'TJOSEPH058', '2024-05-18', 2);
INSERT INTO Match_Table VALUES ('OTOURN002', 43, 'TMRXXX004', 'TKAYLA069', 'TKAYLA069', '2024-05-23', 2);
INSERT INTO Match_Table VALUES ('OTOURN002', 44, 'TKRISTIN048', 'TBRANDI088', 'TKRISTIN048', '2024-05-22', 2);
INSERT INTO Match_Table VALUES ('OTOURN002', 45, 'TSCOTT140', 'TJORDAN051', 'TSCOTT140', '2024-05-23', 2);
INSERT INTO Match_Table VALUES ('OTOURN002', 46, 'TMATTHEW038', 'TASHLEY129', 'TASHLEY129', '2024-05-19', 2);
INSERT INTO Match_Table VALUES ('OTOURN002', 47, 'TJOSEPH058', 'TMATTHEW038', 'TMATTHEW038', '2024-05-25', 2);
INSERT INTO Match_Table VALUES ('OTOURN002', 48, 'TCHRISTOPHER034', 'TMRXXX149', 'TMRXXX149', '2024-05-18', 2);
INSERT INTO Match_Table VALUES ('OTOURN002', 49, 'TCHRISTOPHER034', 'TDOMINIQUE118', 'TDOMINIQUE118', '2024-05-22', 3);
INSERT INTO Match_Table VALUES ('OTOURN002', 50, 'TSTEPHANIE024', 'TBENJAMIN142', 'TBENJAMIN142', '2024-05-20', 3);
INSERT INTO Match_Table VALUES ('OTOURN002', 51, 'TCANDICE042', 'TJOSEPH058', 'TCANDICE042', '2024-05-17', 3);
INSERT INTO Match_Table VALUES ('OTOURN002', 52, 'TASHLEY129', 'TCHRISTOPHER034', 'TASHLEY129', '2024-05-16', 3);
INSERT INTO Match_Table VALUES ('OTOURN002', 53, 'TBRANDI088', 'TROBERT148', 'TBRANDI088', '2024-05-18', 3);
INSERT INTO Match_Table VALUES ('OTOURN002', 54, 'TLINDSAY040', 'TCHRISTOPHER034', 'TLINDSAY040', '2024-05-24', 3);
INSERT INTO Match_Table VALUES ('OTOURN002', 55, 'TLANCE078', 'TSTEPHANIE024', 'TLANCE078', '2024-05-16', 3);
INSERT INTO Match_Table VALUES ('OTOURN002', 56, 'TKAYLA069', 'TSTEPHANIE024', 'TKAYLA069', '2024-05-24', 3);
INSERT INTO Match_Table VALUES ('OTOURN002', 57, 'TBRANDI088', 'TROBERT148', 'TBRANDI088', '2024-05-18', 3);
INSERT INTO Match_Table VALUES ('OTOURN002', 58, 'TROBERT148', 'TMORGAN121', 'TMORGAN121', '2024-05-17', 3);
INSERT INTO Match_Table VALUES ('OTOURN002', 59, 'TMICHAEL080', 'TSHARON113', 'TMICHAEL080', '2024-05-25', 3);
INSERT INTO Match_Table VALUES ('OTOURN002', 60, 'TLISA041', 'TMARY061', 'TLISA041', '2024-05-22', 3);
INSERT INTO Match_Table VALUES ('OTOURN002', 61, 'TCHRISTOPHER034', 'TMARC057', 'TCHRISTOPHER034', '2024-05-25', 3);
INSERT INTO Match_Table VALUES ('OTOURN002', 62, 'TMATTHEW038', 'TKRISTIN048', 'TKRISTIN048', '2024-05-18', 3);
INSERT INTO Match_Table VALUES ('OTOURN002', 63, 'TMICHAEL080', 'TMARC057', 'TMICHAEL080', '2024-05-23', 3);
INSERT INTO Match_Table VALUES ('OTOURN002', 64, 'TSHARON113', 'TLINDSAY040', 'TLINDSAY040', '2024-05-26', 3);
INSERT INTO Match_Table VALUES ('OTOURN002', 65, 'TJOSEPH058', 'TMATTHEW038', 'TJOSEPH058', '2024-05-17', 3);
INSERT INTO Match_Table VALUES ('OTOURN002', 66, 'TDOMINIQUE118', 'TCHRISTOPHER034', 'TCHRISTOPHER034', '2024-05-24', 3);
INSERT INTO Match_Table VALUES ('OTOURN002', 67, 'TLINDSAY040', 'TSTEPHANIE024', 'TSTEPHANIE024', '2024-05-18', 3);
INSERT INTO Match_Table VALUES ('OTOURN002', 68, 'TSHARON113', 'TCANDICE042', 'TSHARON113', '2024-05-17', 4);
INSERT INTO Match_Table VALUES ('OTOURN002', 69, 'TLANCE078', 'TMARY061', 'TLANCE078', '2024-05-25', 4);
INSERT INTO Match_Table VALUES ('OTOURN002', 70, 'TJACK150', 'TMRXXX004', 'TMRXXX004', '2024-05-24', 4);
INSERT INTO Match_Table VALUES ('OTOURN002', 71, 'TBENJAMIN142', 'TROBERT148', 'TROBERT148', '2024-05-16', 4);
INSERT INTO Match_Table VALUES ('OTOURN002', 72, 'TMRXXX004', 'TKATHLEEN130', 'TKATHLEEN130', '2024-05-18', 4);
INSERT INTO Match_Table VALUES ('OTOURN002', 73, 'TMELISSA067', 'TPAMELA007', 'TPAMELA007', '2024-05-23', 4);
INSERT INTO Match_Table VALUES ('OTOURN002', 74, 'TSHARON113', 'TASHLEY129', 'TSHARON113', '2024-05-26', 4);
INSERT INTO Match_Table VALUES ('OTOURN002', 75, 'TJACK150', 'TCANDICE042', 'TCANDICE042', '2024-05-21', 4);
INSERT INTO Match_Table VALUES ('OTOURN002', 76, 'TMICHAEL080', 'TKAYLA069', 'TMICHAEL080', '2024-05-18', 4);
INSERT INTO Match_Table VALUES ('OTOURN002', 77, 'TKAYLA006', 'TBRANDI088', 'TBRANDI088', '2024-05-24', 4);
INSERT INTO Match_Table VALUES ('OTOURN002', 78, 'TCHRISTOPHER034', 'TJORDAN051', 'TCHRISTOPHER034', '2024-05-20', 4);
INSERT INTO Match_Table VALUES ('OTOURN002', 79, 'TKATHLEEN130', 'TLINDSAY040', 'TKATHLEEN130', '2024-05-19', 4);
INSERT INTO Match_Table VALUES ('OTOURN002', 80, 'TLINDSAY040', 'TJOSEPH058', 'TLINDSAY040', '2024-05-16', 4);
INSERT INTO Match_Table VALUES ('OTOURN002', 81, 'TMATTHEW038', 'TBRANDI088', 'TMATTHEW038', '2024-05-17', 4);
INSERT INTO Match_Table VALUES ('OTOURN002', 82, 'TBRANDI088', 'TASHLEY129', 'TBRANDI088', '2024-05-26', 4);
INSERT INTO Match_Table VALUES ('OTOURN002', 83, 'TSCOTT140', 'TMRS096', 'TMRS096', '2024-05-19', 4);
INSERT INTO Match_Table VALUES ('OTOURN002', 84, 'TBRANDI088', 'TKRISTIN048', 'TBRANDI088', '2024-05-16', 4);
INSERT INTO Match_Table VALUES ('OTOURN002', 85, 'TSTEPHANIE024', 'TPAMELA007', 'TSTEPHANIE024', '2024-05-26', 4);
INSERT INTO Match_Table VALUES ('OTOURN002', 86, 'TPAMELA007', 'TDOMINIQUE118', 'TPAMELA007', '2024-05-21', 4);
INSERT INTO Match_Table VALUES ('OTOURN002', 87, 'TKAYLA006', 'TJACK150', 'TKAYLA006', '2024-05-19', 4);
INSERT INTO Match_Table VALUES ('OTOURN002', 88, 'TSCOTT140', 'TMELISSA067', 'TSCOTT140', '2024-05-25', 4);
INSERT INTO Match_Table VALUES ('OTOURN002', 89, 'TKATHLEEN130', 'TTHOMAS145', 'TTHOMAS145', '2024-05-17', 4);
INSERT INTO Match_Table VALUES ('OTOURN002', 90, 'TTHOMAS145', 'TSCOTT140', 'TSCOTT140', '2024-05-21', 4);
INSERT INTO Match_Table VALUES ('OTOURN002', 91, 'TJORDAN051', 'TROBERT148', 'TJORDAN051', '2024-05-24', 4);
INSERT INTO Match_Table VALUES ('OTOURN002', 92, 'TMELISSA067', 'TMARY061', 'TMARY061', '2024-05-25', 4);
INSERT INTO Match_Table VALUES ('OTOURN002', 93, 'TJOSEPH058', 'TKAYLA069', 'TKAYLA069', '2024-05-24', 4);
INSERT INTO Match_Table VALUES ('OTOURN002', 94, 'TSTEPHANIE024', 'TLANCE078', 'TSTEPHANIE024', '2024-05-19', 4);
INSERT INTO Match_Table VALUES ('OTOURN002', 95, 'TCHRISTOPHER034', 'TMARY061', 'TMARY061', '2024-05-17', 4);
INSERT INTO Match_Table VALUES ('OTOURN002', 96, 'TMATTHEW038', 'TKAYLA069', 'TMATTHEW038', '2024-05-23', 4);
INSERT INTO Match_Table VALUES ('OTOURN002', 97, 'TMATTHEW038', 'TKATHLEEN130', 'TMATTHEW038', '2024-05-16', 5);
INSERT INTO Match_Table VALUES ('OTOURN002', 98, 'TPAMELA007', 'TDOMINIQUE118', 'TDOMINIQUE118', '2024-05-19', 5);
INSERT INTO Match_Table VALUES ('OTOURN002', 99, 'TTHOMAS145', 'TLINDSAY040', 'TLINDSAY040', '2024-05-19', 5);
INSERT INTO Match_Table VALUES ('OTOURN002', 100, 'TJACK150', 'TKAYLA006', 'TKAYLA006', '2024-05-23', 5);
INSERT INTO Match_Table VALUES ('OTOURN002', 101, 'TTHOMAS145', 'TMRXXX004', 'TTHOMAS145', '2024-05-23', 5);
INSERT INTO Match_Table VALUES ('OTOURN002', 102, 'TMRXXX149', 'TBENJAMIN142', 'TMRXXX149', '2024-05-21', 5);
INSERT INTO Match_Table VALUES ('OTOURN002', 103, 'TDOMINIQUE118', 'TMRXXX004', 'TMRXXX004', '2024-05-25', 5);
INSERT INTO Match_Table VALUES ('OTOURN002', 104, 'TMARY061', 'TBRANDI088', 'TBRANDI088', '2024-05-26', 5);
INSERT INTO Match_Table VALUES ('OTOURN002', 105, 'TKRISTIN048', 'TKAYLA069', 'TKAYLA069', '2024-05-18', 5);
INSERT INTO Match_Table VALUES ('OTOURN002', 106, 'TCANDICE042', 'TANNA060', 'TCANDICE042', '2024-05-18', 5);
INSERT INTO Match_Table VALUES ('OTOURN002', 107, 'TCANDICE042', 'TMRXXX149', 'TMRXXX149', '2024-05-25', 5);
INSERT INTO Match_Table VALUES ('OTOURN002', 108, 'TDOMINIQUE118', 'TMELISSA067', 'TDOMINIQUE118', '2024-05-24', 5);
INSERT INTO Match_Table VALUES ('OTOURN002', 109, 'TMORGAN121', 'TMARY061', 'TMORGAN121', '2024-05-22', 5);
INSERT INTO Match_Table VALUES ('OTOURN002', 110, 'TLISA041', 'TMRS096', 'TLISA041', '2024-05-23', 5);
INSERT INTO Match_Table VALUES ('OTOURN002', 111, 'TSTEPHANIE024', 'TASHLEY129', 'TSTEPHANIE024', '2024-05-23', 5);
INSERT INTO Match_Table VALUES ('OTOURN002', 112, 'TJORDAN051', 'TSTEPHANIE024', 'TJORDAN051', '2024-05-22', 5);
INSERT INTO Match_Table VALUES ('OTOURN002', 113, 'TKATHLEEN130', 'TSTEPHANIE024', 'TSTEPHANIE024', '2024-05-23', 5);
INSERT INTO Match_Table VALUES ('OTOURN002', 114, 'TKRISTIN048', 'TMELISSA067', 'TMELISSA067', '2024-05-16', 5);
INSERT INTO Match_Table VALUES ('OTOURN002', 115, 'TDOMINIQUE118', 'TLANCE078', 'TDOMINIQUE118', '2024-05-22', 5);
INSERT IGNORE INTO TournamentEntry VALUES ('OTOURN003', 'TDUSTIN108', '2025-01-28');
INSERT IGNORE INTO TournamentEntry VALUES ('OTOURN003', 'TMATTHEW038', '2025-02-17');
INSERT IGNORE INTO TournamentEntry VALUES ('OTOURN003', 'TMARC057', '2025-01-26');
INSERT IGNORE INTO TournamentEntry VALUES ('OTOURN003', 'TLINDSEY098', '2025-01-31');
INSERT IGNORE INTO TournamentEntry VALUES ('OTOURN003', 'TBRIAN009', '2025-01-23');
INSERT IGNORE INTO TournamentEntry VALUES ('OTOURN003', 'TDAWN046', '2025-02-03');
INSERT IGNORE INTO TournamentEntry VALUES ('OTOURN003', 'TTREVOR087', '2025-01-24');
INSERT IGNORE INTO TournamentEntry VALUES ('OTOURN003', 'TELIZABETH110', '2025-02-13');
INSERT IGNORE INTO TournamentEntry VALUES ('OTOURN003', 'TJULIE075', '2025-01-22');
INSERT IGNORE INTO TournamentEntry VALUES ('OTOURN003', 'TLINDSAY040', '2025-02-19');
INSERT IGNORE INTO TournamentEntry VALUES ('OTOURN003', 'TKIMBERLY052', '2025-02-16');
INSERT IGNORE INTO TournamentEntry VALUES ('OTOURN003', 'THOLLY131', '2025-01-27');
INSERT IGNORE INTO TournamentEntry VALUES ('OTOURN003', 'TJOSEPH058', '2025-02-15');
INSERT IGNORE INTO TournamentEntry VALUES ('OTOURN003', 'TDANIEL044', '2025-02-13');
INSERT IGNORE INTO TournamentEntry VALUES ('OTOURN003', 'TROBERT148', '2025-02-10');
INSERT IGNORE INTO TournamentEntry VALUES ('OTOURN003', 'TTIMOTHY045', '2025-01-25');
INSERT IGNORE INTO TournamentEntry VALUES ('OTOURN003', 'TKATHLEEN130', '2025-02-02');
INSERT IGNORE INTO TournamentEntry VALUES ('OTOURN003', 'TERIN065', '2025-02-08');
INSERT IGNORE INTO TournamentEntry VALUES ('OTOURN003', 'TEMILY008', '2025-01-30');
INSERT IGNORE INTO TournamentEntry VALUES ('OTOURN003', 'TMARIA119', '2025-02-14');
INSERT IGNORE INTO TournamentEntry VALUES ('OTOURN003', 'TSUZANNE055', '2025-01-30');
INSERT IGNORE INTO TournamentEntry VALUES ('OTOURN003', 'TKENNETH023', '2025-01-21');
INSERT IGNORE INTO TournamentEntry VALUES ('OTOURN003', 'TARTHUR139', '2025-02-03');
INSERT IGNORE INTO TournamentEntry VALUES ('OTOURN003', 'TMICHAEL080', '2025-02-10');
INSERT IGNORE INTO TournamentEntry VALUES ('OTOURN003', 'TMICHAEL001', '2025-02-13');
INSERT IGNORE INTO TournamentEntry VALUES ('OTOURN003', 'TMARIO050', '2025-02-10');
INSERT IGNORE INTO TournamentEntry VALUES ('OTOURN003', 'TMORGAN121', '2025-02-18');
INSERT IGNORE INTO TournamentEntry VALUES ('OTOURN003', 'TALYSSA146', '2025-02-17');
INSERT IGNORE INTO TournamentEntry VALUES ('OTOURN003', 'TCHARLES127', '2025-02-10');
INSERT IGNORE INTO TournamentEntry VALUES ('OTOURN003', 'TJORDAN051', '2025-02-15');
INSERT IGNORE INTO TournamentEntry VALUES ('OTOURN003', 'TEDWARD136', '2025-02-19');
INSERT IGNORE INTO TournamentEntry VALUES ('OTOURN003', 'TVICTORIA059', '2025-01-24');
INSERT INTO Match_Table VALUES ('OTOURN003', 1, 'TMICHAEL080', 'TBRIAN009', 'TBRIAN009', '2025-02-27', 1);
INSERT INTO Match_Table VALUES ('OTOURN003', 2, 'TJORDAN051', 'TJOSEPH058', 'TJOSEPH058', '2025-03-02', 1);
INSERT INTO Match_Table VALUES ('OTOURN003', 3, 'TROBERT148', 'TSUZANNE055', 'TSUZANNE055', '2025-02-21', 1);
INSERT INTO Match_Table VALUES ('OTOURN003', 4, 'THOLLY131', 'TBRIAN009', 'TBRIAN009', '2025-02-26', 1);
INSERT INTO Match_Table VALUES ('OTOURN003', 5, 'TJULIE075', 'TALYSSA146', 'TJULIE075', '2025-02-26', 1);
INSERT INTO Match_Table VALUES ('OTOURN003', 6, 'TDANIEL044', 'TDAWN046', 'TDAWN046', '2025-02-26', 1);
INSERT INTO Match_Table VALUES ('OTOURN003', 7, 'TTREVOR087', 'TEDWARD136', 'TEDWARD136', '2025-02-26', 1);
INSERT INTO Match_Table VALUES ('OTOURN003', 8, 'TMARC057', 'TARTHUR139', 'TMARC057', '2025-02-24', 1);
INSERT INTO Match_Table VALUES ('OTOURN003', 9, 'TMICHAEL001', 'TTIMOTHY045', 'TMICHAEL001', '2025-02-22', 1);
INSERT INTO Match_Table VALUES ('OTOURN003', 10, 'TJULIE075', 'TMICHAEL080', 'TJULIE075', '2025-02-20', 1);
INSERT INTO Match_Table VALUES ('OTOURN003', 11, 'TMICHAEL080', 'TLINDSAY040', 'TMICHAEL080', '2025-02-27', 1);
INSERT INTO Match_Table VALUES ('OTOURN003', 12, 'TDANIEL044', 'TJORDAN051', 'TJORDAN051', '2025-02-20', 1);
INSERT INTO Match_Table VALUES ('OTOURN003', 13, 'TDANIEL044', 'TKENNETH023', 'TDANIEL044', '2025-02-28', 1);
INSERT INTO Match_Table VALUES ('OTOURN003', 14, 'TKIMBERLY052', 'TBRIAN009', 'TKIMBERLY052', '2025-02-27', 1);
INSERT INTO Match_Table VALUES ('OTOURN003', 15, 'TTIMOTHY045', 'TEDWARD136', 'TEDWARD136', '2025-02-25', 1);
INSERT INTO Match_Table VALUES ('OTOURN003', 16, 'TTIMOTHY045', 'TEDWARD136', 'TEDWARD136', '2025-02-22', 1);
INSERT INTO Match_Table VALUES ('OTOURN003', 17, 'TEDWARD136', 'TLINDSEY098', 'TLINDSEY098', '2025-03-02', 1);
INSERT INTO Match_Table VALUES ('OTOURN003', 18, 'TBRIAN009', 'TALYSSA146', 'TBRIAN009', '2025-02-21', 1);
INSERT INTO Match_Table VALUES ('OTOURN003', 19, 'TKATHLEEN130', 'TEMILY008', 'TEMILY008', '2025-02-27', 1);
INSERT INTO Match_Table VALUES ('OTOURN003', 20, 'TEMILY008', 'TSUZANNE055', 'TEMILY008', '2025-02-27', 1);
INSERT INTO Match_Table VALUES ('OTOURN003', 21, 'TDUSTIN108', 'TTREVOR087', 'TTREVOR087', '2025-02-20', 1);
INSERT INTO Match_Table VALUES ('OTOURN003', 22, 'TMARIO050', 'TMATTHEW038', 'TMATTHEW038', '2025-02-20', 1);
INSERT INTO Match_Table VALUES ('OTOURN003', 23, 'TDAWN046', 'TELIZABETH110', 'TDAWN046', '2025-02-22', 1);
INSERT INTO Match_Table VALUES ('OTOURN003', 24, 'TJULIE075', 'TCHARLES127', 'TJULIE075', '2025-02-24', 1);
INSERT INTO Match_Table VALUES ('OTOURN003', 25, 'TMICHAEL080', 'TMICHAEL001', 'TMICHAEL001', '2025-02-20', 1);
INSERT INTO Match_Table VALUES ('OTOURN003', 26, 'TELIZABETH110', 'TKIMBERLY052', 'TKIMBERLY052', '2025-03-02', 2);
INSERT INTO Match_Table VALUES ('OTOURN003', 27, 'TTIMOTHY045', 'TKATHLEEN130', 'TTIMOTHY045', '2025-02-21', 2);
INSERT INTO Match_Table VALUES ('OTOURN003', 28, 'TMORGAN121', 'TMICHAEL080', 'TMORGAN121', '2025-02-21', 2);
INSERT INTO Match_Table VALUES ('OTOURN003', 29, 'TLINDSAY040', 'TMARIO050', 'TMARIO050', '2025-02-20', 2);
INSERT INTO Match_Table VALUES ('OTOURN003', 30, 'TERIN065', 'THOLLY131', 'THOLLY131', '2025-02-20', 2);
INSERT INTO Match_Table VALUES ('OTOURN003', 31, 'TDAWN046', 'TMICHAEL080', 'TMICHAEL080', '2025-02-25', 2);
INSERT INTO Match_Table VALUES ('OTOURN003', 32, 'TVICTORIA059', 'TLINDSAY040', 'TLINDSAY040', '2025-02-28', 2);
INSERT INTO Match_Table VALUES ('OTOURN003', 33, 'TDANIEL044', 'TTREVOR087', 'TDANIEL044', '2025-02-23', 2);
INSERT INTO Match_Table VALUES ('OTOURN003', 34, 'TKIMBERLY052', 'TMICHAEL001', 'TMICHAEL001', '2025-02-23', 2);
INSERT INTO Match_Table VALUES ('OTOURN003', 35, 'TMATTHEW038', 'TLINDSEY098', 'TMATTHEW038', '2025-02-24', 2);
INSERT INTO Match_Table VALUES ('OTOURN003', 36, 'TJULIE075', 'TROBERT148', 'TJULIE075', '2025-03-01', 2);
INSERT INTO Match_Table VALUES ('OTOURN003', 37, 'TDUSTIN108', 'TMICHAEL001', 'TDUSTIN108', '2025-03-02', 2);
INSERT INTO Match_Table VALUES ('OTOURN003', 38, 'TMARIA119', 'TKATHLEEN130', 'TMARIA119', '2025-02-25', 2);
INSERT INTO Match_Table VALUES ('OTOURN003', 39, 'TCHARLES127', 'TMARC057', 'TMARC057', '2025-03-01', 2);
INSERT INTO Match_Table VALUES ('OTOURN003', 40, 'TTIMOTHY045', 'THOLLY131', 'THOLLY131', '2025-03-02', 2);
INSERT INTO Match_Table VALUES ('OTOURN003', 41, 'TMICHAEL080', 'TMORGAN121', 'TMORGAN121', '2025-02-20', 2);
INSERT INTO Match_Table VALUES ('OTOURN003', 42, 'TDUSTIN108', 'TLINDSAY040', 'TLINDSAY040', '2025-02-25', 2);
INSERT INTO Match_Table VALUES ('OTOURN003', 43, 'THOLLY131', 'TJOSEPH058', 'TJOSEPH058', '2025-02-23', 2);
INSERT INTO Match_Table VALUES ('OTOURN003', 44, 'TDUSTIN108', 'TCHARLES127', 'TCHARLES127', '2025-02-25', 2);
INSERT INTO Match_Table VALUES ('OTOURN003', 45, 'TCHARLES127', 'TELIZABETH110', 'TCHARLES127', '2025-02-22', 2);
INSERT INTO Match_Table VALUES ('OTOURN003', 46, 'TEDWARD136', 'TMARIO050', 'TMARIO050', '2025-02-21', 2);
INSERT INTO Match_Table VALUES ('OTOURN003', 47, 'TARTHUR139', 'TERIN065', 'TERIN065', '2025-02-21', 3);
INSERT INTO Match_Table VALUES ('OTOURN003', 48, 'TKENNETH023', 'TMATTHEW038', 'TMATTHEW038', '2025-02-26', 3);
INSERT INTO Match_Table VALUES ('OTOURN003', 49, 'TDAWN046', 'TEDWARD136', 'TEDWARD136', '2025-02-27', 3);
INSERT INTO Match_Table VALUES ('OTOURN003', 50, 'TEDWARD136', 'TMARIA119', 'TMARIA119', '2025-02-28', 3);
INSERT INTO Match_Table VALUES ('OTOURN003', 51, 'TBRIAN009', 'TTREVOR087', 'TTREVOR087', '2025-02-25', 3);
INSERT INTO Match_Table VALUES ('OTOURN003', 52, 'TEDWARD136', 'TLINDSAY040', 'TLINDSAY040', '2025-02-21', 3);
INSERT INTO Match_Table VALUES ('OTOURN003', 53, 'TLINDSEY098', 'TMICHAEL001', 'TLINDSEY098', '2025-02-20', 3);
INSERT INTO Match_Table VALUES ('OTOURN003', 54, 'TKATHLEEN130', 'TERIN065', 'TKATHLEEN130', '2025-02-25', 3);
INSERT INTO Match_Table VALUES ('OTOURN003', 55, 'TTREVOR087', 'TDUSTIN108', 'TDUSTIN108', '2025-02-25', 3);
INSERT INTO Match_Table VALUES ('OTOURN003', 56, 'TJOSEPH058', 'TDANIEL044', 'TJOSEPH058', '2025-02-28', 3);
INSERT INTO Match_Table VALUES ('OTOURN003', 57, 'TVICTORIA059', 'TMICHAEL080', 'TMICHAEL080', '2025-02-25', 3);
INSERT INTO Match_Table VALUES ('OTOURN003', 58, 'TMICHAEL080', 'TMARIO050', 'TMICHAEL080', '2025-02-21', 3);
INSERT INTO Match_Table VALUES ('OTOURN003', 59, 'TELIZABETH110', 'TROBERT148', 'TROBERT148', '2025-03-02', 3);
INSERT INTO Match_Table VALUES ('OTOURN003', 60, 'TTIMOTHY045', 'TMORGAN121', 'TTIMOTHY045', '2025-02-23', 3);
INSERT INTO Match_Table VALUES ('OTOURN003', 61, 'TEDWARD136', 'TMARIA119', 'TEDWARD136', '2025-02-23', 3);
INSERT INTO Match_Table VALUES ('OTOURN003', 62, 'TTIMOTHY045', 'TMARIA119', 'TTIMOTHY045', '2025-02-22', 3);
INSERT INTO Match_Table VALUES ('OTOURN003', 63, 'THOLLY131', 'TMICHAEL001', 'TMICHAEL001', '2025-02-23', 3);
INSERT INTO Match_Table VALUES ('OTOURN003', 64, 'TDUSTIN108', 'TVICTORIA059', 'TDUSTIN108', '2025-02-20', 3);
INSERT INTO Match_Table VALUES ('OTOURN003', 65, 'TERIN065', 'TKENNETH023', 'TKENNETH023', '2025-02-27', 3);
INSERT INTO Match_Table VALUES ('OTOURN003', 66, 'TKENNETH023', 'TEDWARD136', 'TEDWARD136', '2025-02-21', 4);
INSERT INTO Match_Table VALUES ('OTOURN003', 67, 'TERIN065', 'TJOSEPH058', 'TERIN065', '2025-02-20', 4);
INSERT INTO Match_Table VALUES ('OTOURN003', 68, 'TDANIEL044', 'TMARC057', 'TMARC057', '2025-02-21', 4);
INSERT INTO Match_Table VALUES ('OTOURN003', 69, 'TALYSSA146', 'THOLLY131', 'THOLLY131', '2025-02-27', 4);
INSERT INTO Match_Table VALUES ('OTOURN003', 70, 'TARTHUR139', 'THOLLY131', 'TARTHUR139', '2025-02-26', 4);
INSERT INTO Match_Table VALUES ('OTOURN003', 71, 'TMARIO050', 'TSUZANNE055', 'TSUZANNE055', '2025-02-21', 4);
INSERT INTO Match_Table VALUES ('OTOURN003', 72, 'TMICHAEL001', 'TMATTHEW038', 'TMATTHEW038', '2025-02-25', 4);
INSERT INTO Match_Table VALUES ('OTOURN003', 73, 'TMARIO050', 'TDANIEL044', 'TDANIEL044', '2025-02-24', 4);
INSERT INTO Match_Table VALUES ('OTOURN003', 74, 'TDANIEL044', 'TMICHAEL001', 'TMICHAEL001', '2025-02-22', 4);
INSERT INTO Match_Table VALUES ('OTOURN003', 75, 'TSUZANNE055', 'TELIZABETH110', 'TSUZANNE055', '2025-02-28', 4);
INSERT INTO Match_Table VALUES ('OTOURN003', 76, 'TMARIA119', 'TELIZABETH110', 'TELIZABETH110', '2025-02-21', 4);
INSERT INTO Match_Table VALUES ('OTOURN003', 77, 'TDUSTIN108', 'TMICHAEL080', 'TDUSTIN108', '2025-02-20', 4);
INSERT INTO Match_Table VALUES ('OTOURN003', 78, 'TEMILY008', 'TDANIEL044', 'TDANIEL044', '2025-03-02', 4);
INSERT INTO Match_Table VALUES ('OTOURN003', 79, 'TMARC057', 'TDAWN046', 'TDAWN046', '2025-02-23', 4);
INSERT INTO Match_Table VALUES ('OTOURN003', 80, 'TALYSSA146', 'TMARIO050', 'TALYSSA146', '2025-02-24', 4);
INSERT INTO Match_Table VALUES ('OTOURN003', 81, 'TCHARLES127', 'TEDWARD136', 'TCHARLES127', '2025-02-25', 4);
INSERT INTO Match_Table VALUES ('OTOURN003', 82, 'TMARIA119', 'TJORDAN051', 'TJORDAN051', '2025-02-28', 4);
INSERT INTO Match_Table VALUES ('OTOURN003', 83, 'TMORGAN121', 'TKENNETH023', 'TKENNETH023', '2025-02-24', 4);
INSERT INTO Match_Table VALUES ('OTOURN003', 84, 'TARTHUR139', 'TEDWARD136', 'TARTHUR139', '2025-02-20', 4);
INSERT INTO Match_Table VALUES ('OTOURN003', 85, 'TBRIAN009', 'TLINDSAY040', 'TLINDSAY040', '2025-03-02', 5);
INSERT INTO Match_Table VALUES ('OTOURN003', 86, 'THOLLY131', 'TVICTORIA059', 'THOLLY131', '2025-02-25', 5);
INSERT INTO Match_Table VALUES ('OTOURN003', 87, 'TARTHUR139', 'TJORDAN051', 'TARTHUR139', '2025-02-22', 5);
INSERT INTO Match_Table VALUES ('OTOURN003', 88, 'TROBERT148', 'TARTHUR139', 'TARTHUR139', '2025-02-23', 5);
INSERT INTO Match_Table VALUES ('OTOURN003', 89, 'TEDWARD136', 'TJORDAN051', 'TEDWARD136', '2025-02-27', 5);
INSERT INTO Match_Table VALUES ('OTOURN003', 90, 'TDAWN046', 'TJULIE075', 'TJULIE075', '2025-02-27', 5);
INSERT INTO Match_Table VALUES ('OTOURN003', 91, 'TDUSTIN108', 'TALYSSA146', 'TDUSTIN108', '2025-02-26', 5);
INSERT INTO Match_Table VALUES ('OTOURN003', 92, 'TALYSSA146', 'TVICTORIA059', 'TALYSSA146', '2025-02-28', 5);
INSERT INTO Match_Table VALUES ('OTOURN003', 93, 'TJULIE075', 'TKATHLEEN130', 'TKATHLEEN130', '2025-03-02', 5);
INSERT INTO Match_Table VALUES ('OTOURN003', 94, 'TEMILY008', 'TDANIEL044', 'TDANIEL044', '2025-02-25', 5);
INSERT INTO Match_Table VALUES ('OTOURN003', 95, 'TMARIO050', 'TMATTHEW038', 'TMARIO050', '2025-02-21', 5);
INSERT INTO Match_Table VALUES ('OTOURN003', 96, 'TERIN065', 'TJULIE075', 'TJULIE075', '2025-02-20', 5);
INSERT INTO Match_Table VALUES ('OTOURN003', 97, 'TROBERT148', 'TJORDAN051', 'TROBERT148', '2025-02-27', 5);
INSERT INTO Match_Table VALUES ('OTOURN003', 98, 'TJULIE075', 'TARTHUR139', 'TARTHUR139', '2025-03-01', 5);
INSERT INTO Match_Table VALUES ('OTOURN003', 99, 'TCHARLES127', 'TEMILY008', 'TCHARLES127', '2025-02-23', 5);
INSERT INTO Match_Table VALUES ('OTOURN003', 100, 'TTIMOTHY045', 'TDANIEL044', 'TDANIEL044', '2025-02-27', 5);
INSERT INTO Match_Table VALUES ('OTOURN003', 101, 'TERIN065', 'TDUSTIN108', 'TERIN065', '2025-02-24', 5);
INSERT INTO Match_Table VALUES ('OTOURN003', 102, 'TALYSSA146', 'TROBERT148', 'TALYSSA146', '2025-02-22', 5);
INSERT INTO Match_Table VALUES ('OTOURN003', 103, 'TBRIAN009', 'TJULIE075', 'TJULIE075', '2025-02-27', 5);
INSERT INTO Match_Table VALUES ('OTOURN003', 104, 'TKIMBERLY052', 'TKENNETH023', 'TKENNETH023', '2025-02-28', 5);
INSERT INTO Match_Table VALUES ('OTOURN003', 105, 'TROBERT148', 'TMORGAN121', 'TROBERT148', '2025-02-22', 5);
INSERT INTO Match_Table VALUES ('OTOURN003', 106, 'TDUSTIN108', 'TEMILY008', 'TDUSTIN108', '2025-02-20', 5);
INSERT INTO Match_Table VALUES ('OTOURN003', 107, 'TEMILY008', 'TJOSEPH058', 'TEMILY008', '2025-03-01', 5);
INSERT INTO Match_Table VALUES ('OTOURN003', 108, 'TEDWARD136', 'TCHARLES127', 'TCHARLES127', '2025-02-23', 5);
INSERT INTO Match_Table VALUES ('OTOURN003', 109, 'TALYSSA146', 'TARTHUR139', 'TARTHUR139', '2025-03-01', 5);
INSERT INTO Match_Table VALUES ('OTOURN003', 110, 'TDUSTIN108', 'TMATTHEW038', 'TDUSTIN108', '2025-02-20', 5);
INSERT IGNORE INTO TournamentEntry VALUES ('OTOURN004', 'TLYNN005', '2023-10-26');
INSERT IGNORE INTO TournamentEntry VALUES ('OTOURN004', 'TJAMES084', '2023-10-20');
INSERT IGNORE INTO TournamentEntry VALUES ('OTOURN004', 'TDAVID082', '2023-10-22');
INSERT IGNORE INTO TournamentEntry VALUES ('OTOURN004', 'TTHOMAS072', '2023-10-13');
INSERT IGNORE INTO TournamentEntry VALUES ('OTOURN004', 'TDAVID032', '2023-11-07');
INSERT IGNORE INTO TournamentEntry VALUES ('OTOURN004', 'TANTHONY090', '2023-11-07');
INSERT IGNORE INTO TournamentEntry VALUES ('OTOURN004', 'TANNE037', '2023-10-12');
INSERT IGNORE INTO TournamentEntry VALUES ('OTOURN004', 'TMARIA119', '2023-10-09');
INSERT IGNORE INTO TournamentEntry VALUES ('OTOURN004', 'TMARY099', '2023-11-05');
INSERT IGNORE INTO TournamentEntry VALUES ('OTOURN004', 'TMICHAEL001', '2023-10-11');
INSERT IGNORE INTO TournamentEntry VALUES ('OTOURN004', 'TKATHERINE030', '2023-10-10');
INSERT IGNORE INTO TournamentEntry VALUES ('OTOURN004', 'TJOHNNY049', '2023-10-15');
INSERT IGNORE INTO TournamentEntry VALUES ('OTOURN004', 'TERIN065', '2023-10-19');
INSERT IGNORE INTO TournamentEntry VALUES ('OTOURN004', 'TALEXANDRIA071', '2023-10-20');
INSERT IGNORE INTO TournamentEntry VALUES ('OTOURN004', 'TSCOTT140', '2023-10-15');
INSERT IGNORE INTO TournamentEntry VALUES ('OTOURN004', 'TELIZABETH110', '2023-10-17');
INSERT IGNORE INTO TournamentEntry VALUES ('OTOURN004', 'TJEFFREY116', '2023-10-15');
INSERT IGNORE INTO TournamentEntry VALUES ('OTOURN004', 'TWILLIAM081', '2023-10-29');
INSERT IGNORE INTO TournamentEntry VALUES ('OTOURN004', 'TJEFFREY039', '2023-10-11');
INSERT IGNORE INTO TournamentEntry VALUES ('OTOURN004', 'TAMY064', '2023-11-07');
INSERT IGNORE INTO TournamentEntry VALUES ('OTOURN004', 'TDIANE111', '2023-10-27');
INSERT IGNORE INTO TournamentEntry VALUES ('OTOURN004', 'TANNA060', '2023-10-30');
INSERT IGNORE INTO TournamentEntry VALUES ('OTOURN004', 'TMARC057', '2023-10-23');
INSERT IGNORE INTO TournamentEntry VALUES ('OTOURN004', 'TWILLIAM134', '2023-10-14');
INSERT IGNORE INTO TournamentEntry VALUES ('OTOURN004', 'TBARBARA022', '2023-11-05');
INSERT IGNORE INTO TournamentEntry VALUES ('OTOURN004', 'TADAM095', '2023-10-15');
INSERT IGNORE INTO TournamentEntry VALUES ('OTOURN004', 'TMICHELE026', '2023-11-02');
INSERT IGNORE INTO TournamentEntry VALUES ('OTOURN004', 'TERIN122', '2023-10-22');
INSERT IGNORE INTO TournamentEntry VALUES ('OTOURN004', 'TJORDAN103', '2023-10-22');
INSERT IGNORE INTO TournamentEntry VALUES ('OTOURN004', 'TSEAN086', '2023-10-27');
INSERT IGNORE INTO TournamentEntry VALUES ('OTOURN004', 'TBRANDON102', '2023-10-10');
INSERT IGNORE INTO TournamentEntry VALUES ('OTOURN004', 'TMICHAEL089', '2023-10-23');
INSERT INTO Match_Table VALUES ('OTOURN004', 1, 'TDAVID032', 'TMARIA119', 'TMARIA119', '2023-11-10', 1);
INSERT INTO Match_Table VALUES ('OTOURN004', 2, 'TWILLIAM081', 'TAMY064', 'TAMY064', '2023-11-09', 1);
INSERT INTO Match_Table VALUES ('OTOURN004', 3, 'TERIN122', 'TJEFFREY116', 'TJEFFREY116', '2023-11-08', 1);
INSERT INTO Match_Table VALUES ('OTOURN004', 4, 'TMICHAEL001', 'TDAVID082', 'TMICHAEL001', '2023-11-11', 1);
INSERT INTO Match_Table VALUES ('OTOURN004', 5, 'TJORDAN103', 'TJEFFREY116', 'TJEFFREY116', '2023-11-09', 1);
INSERT INTO Match_Table VALUES ('OTOURN004', 6, 'TANNA060', 'TDAVID082', 'TANNA060', '2023-11-08', 1);
INSERT INTO Match_Table VALUES ('OTOURN004', 7, 'TJEFFREY116', 'TMARIA119', 'TMARIA119', '2023-11-08', 1);
INSERT INTO Match_Table VALUES ('OTOURN004', 8, 'TJORDAN103', 'TBRANDON102', 'TJORDAN103', '2023-11-10', 1);
INSERT INTO Match_Table VALUES ('OTOURN004', 9, 'TJEFFREY116', 'TMICHAEL001', 'TMICHAEL001', '2023-11-10', 1);
INSERT INTO Match_Table VALUES ('OTOURN004', 10, 'TJEFFREY039', 'TANTHONY090', 'TJEFFREY039', '2023-11-08', 1);
INSERT INTO Match_Table VALUES ('OTOURN004', 11, 'TANNA060', 'TMARY099', 'TMARY099', '2023-11-10', 1);
INSERT INTO Match_Table VALUES ('OTOURN004', 12, 'TELIZABETH110', 'TMICHELE026', 'TELIZABETH110', '2023-11-11', 1);
INSERT INTO Match_Table VALUES ('OTOURN004', 13, 'TSEAN086', 'TWILLIAM134', 'TSEAN086', '2023-11-09', 1);
INSERT INTO Match_Table VALUES ('OTOURN004', 14, 'TDAVID032', 'TDAVID082', 'TDAVID082', '2023-11-10', 1);
INSERT INTO Match_Table VALUES ('OTOURN004', 15, 'TJEFFREY039', 'TBARBARA022', 'TBARBARA022', '2023-11-09', 1);
INSERT INTO Match_Table VALUES ('OTOURN004', 16, 'TADAM095', 'TLYNN005', 'TADAM095', '2023-11-10', 1);
INSERT INTO Match_Table VALUES ('OTOURN004', 17, 'TWILLIAM134', 'TDAVID032', 'TWILLIAM134', '2023-11-10', 1);
INSERT INTO Match_Table VALUES ('OTOURN004', 18, 'TERIN065', 'TWILLIAM134', 'TERIN065', '2023-11-11', 1);
INSERT INTO Match_Table VALUES ('OTOURN004', 19, 'TJORDAN103', 'TDIANE111', 'TJORDAN103', '2023-11-11', 2);
INSERT INTO Match_Table VALUES ('OTOURN004', 20, 'TWILLIAM134', 'TANTHONY090', 'TWILLIAM134', '2023-11-09', 2);
INSERT INTO Match_Table VALUES ('OTOURN004', 21, 'TMICHELE026', 'TJEFFREY039', 'TMICHELE026', '2023-11-11', 2);
INSERT INTO Match_Table VALUES ('OTOURN004', 22, 'TMARC057', 'TMARIA119', 'TMARIA119', '2023-11-09', 2);
INSERT INTO Match_Table VALUES ('OTOURN004', 23, 'TSCOTT140', 'TMARIA119', 'TSCOTT140', '2023-11-09', 2);
INSERT INTO Match_Table VALUES ('OTOURN004', 24, 'TANTHONY090', 'TALEXANDRIA071', 'TALEXANDRIA071', '2023-11-08', 2);
INSERT INTO Match_Table VALUES ('OTOURN004', 25, 'TANTHONY090', 'TLYNN005', 'TANTHONY090', '2023-11-11', 2);
INSERT INTO Match_Table VALUES ('OTOURN004', 26, 'TMICHELE026', 'TMICHAEL089', 'TMICHAEL089', '2023-11-11', 2);
INSERT INTO Match_Table VALUES ('OTOURN004', 27, 'TDIANE111', 'TJAMES084', 'TJAMES084', '2023-11-11', 2);
INSERT INTO Match_Table VALUES ('OTOURN004', 28, 'TJAMES084', 'TSCOTT140', 'TJAMES084', '2023-11-10', 2);
INSERT INTO Match_Table VALUES ('OTOURN004', 29, 'TMARC057', 'TADAM095', 'TADAM095', '2023-11-09', 2);
INSERT INTO Match_Table VALUES ('OTOURN004', 30, 'TANNE037', 'TBRANDON102', 'TBRANDON102', '2023-11-09', 2);
INSERT INTO Match_Table VALUES ('OTOURN004', 31, 'TTHOMAS072', 'TJOHNNY049', 'TJOHNNY049', '2023-11-11', 2);
INSERT INTO Match_Table VALUES ('OTOURN004', 32, 'TMICHAEL001', 'TTHOMAS072', 'TMICHAEL001', '2023-11-11', 2);
INSERT INTO Match_Table VALUES ('OTOURN004', 33, 'TMICHELE026', 'TMARY099', 'TMARY099', '2023-11-11', 2);
INSERT INTO Match_Table VALUES ('OTOURN004', 34, 'TBARBARA022', 'TANNE037', 'TBARBARA022', '2023-11-08', 2);
INSERT INTO Match_Table VALUES ('OTOURN004', 35, 'TTHOMAS072', 'TANNE037', 'TANNE037', '2023-11-10', 2);
INSERT INTO Match_Table VALUES ('OTOURN004', 36, 'TANNE037', 'TSCOTT140', 'TSCOTT140', '2023-11-10', 2);
INSERT INTO Match_Table VALUES ('OTOURN004', 37, 'TWILLIAM134', 'TELIZABETH110', 'TELIZABETH110', '2023-11-11', 2);
INSERT INTO Match_Table VALUES ('OTOURN004', 38, 'TWILLIAM081', 'TDIANE111', 'TDIANE111', '2023-11-08', 2);
INSERT INTO Match_Table VALUES ('OTOURN004', 39, 'TBARBARA022', 'TAMY064', 'TAMY064', '2023-11-09', 2);
INSERT INTO Match_Table VALUES ('OTOURN004', 40, 'TELIZABETH110', 'TMICHAEL001', 'TMICHAEL001', '2023-11-11', 2);
INSERT INTO Match_Table VALUES ('OTOURN004', 41, 'TMARIA119', 'TTHOMAS072', 'TMARIA119', '2023-11-10', 2);
INSERT INTO Match_Table VALUES ('OTOURN004', 42, 'TERIN065', 'TMARIA119', 'TERIN065', '2023-11-08', 2);
INSERT INTO Match_Table VALUES ('OTOURN004', 43, 'TJORDAN103', 'TMICHELE026', 'TJORDAN103', '2023-11-11', 2);
INSERT INTO Match_Table VALUES ('OTOURN004', 44, 'TMARIA119', 'TERIN065', 'TMARIA119', '2023-11-11', 2);
INSERT INTO Match_Table VALUES ('OTOURN004', 45, 'TJEFFREY039', 'TAMY064', 'TJEFFREY039', '2023-11-08', 2);
INSERT INTO Match_Table VALUES ('OTOURN004', 46, 'TWILLIAM134', 'TMICHAEL001', 'TWILLIAM134', '2023-11-10', 2);
INSERT INTO Match_Table VALUES ('OTOURN004', 47, 'TANNA060', 'TELIZABETH110', 'TELIZABETH110', '2023-11-11', 2);
INSERT INTO Match_Table VALUES ('OTOURN004', 48, 'TMICHELE026', 'TMARY099', 'TMARY099', '2023-11-10', 2);
INSERT INTO Match_Table VALUES ('OTOURN004', 49, 'TSCOTT140', 'TERIN065', 'TERIN065', '2023-11-09', 3);
INSERT INTO Match_Table VALUES ('OTOURN004', 50, 'TBARBARA022', 'TMICHAEL089', 'TMICHAEL089', '2023-11-08', 3);
INSERT INTO Match_Table VALUES ('OTOURN004', 51, 'TELIZABETH110', 'TJAMES084', 'TELIZABETH110', '2023-11-08', 3);
INSERT INTO Match_Table VALUES ('OTOURN004', 52, 'TSEAN086', 'TWILLIAM081', 'TSEAN086', '2023-11-11', 3);
INSERT INTO Match_Table VALUES ('OTOURN004', 53, 'TBARBARA022', 'TDIANE111', 'TBARBARA022', '2023-11-10', 3);
INSERT INTO Match_Table VALUES ('OTOURN004', 54, 'TJEFFREY116', 'TDAVID082', 'TDAVID082', '2023-11-08', 3);
INSERT INTO Match_Table VALUES ('OTOURN004', 55, 'TJOHNNY049', 'TAMY064', 'TAMY064', '2023-11-11', 3);
INSERT INTO Match_Table VALUES ('OTOURN004', 56, 'TERIN122', 'TAMY064', 'TAMY064', '2023-11-09', 3);
INSERT INTO Match_Table VALUES ('OTOURN004', 57, 'TJAMES084', 'TANNE037', 'TJAMES084', '2023-11-10', 3);
INSERT INTO Match_Table VALUES ('OTOURN004', 58, 'TERIN122', 'TANNE037', 'TERIN122', '2023-11-10', 3);
INSERT INTO Match_Table VALUES ('OTOURN004', 59, 'TADAM095', 'TSEAN086', 'TSEAN086', '2023-11-09', 3);
INSERT INTO Match_Table VALUES ('OTOURN004', 60, 'TSEAN086', 'TERIN065', 'TSEAN086', '2023-11-08', 3);
INSERT INTO Match_Table VALUES ('OTOURN004', 61, 'TJAMES084', 'TAMY064', 'TAMY064', '2023-11-10', 3);
INSERT INTO Match_Table VALUES ('OTOURN004', 62, 'TTHOMAS072', 'TDAVID082', 'TDAVID082', '2023-11-08', 3);
INSERT INTO Match_Table VALUES ('OTOURN004', 63, 'TSCOTT140', 'TJEFFREY039', 'TSCOTT140', '2023-11-10', 3);
INSERT INTO Match_Table VALUES ('OTOURN004', 64, 'TTHOMAS072', 'TWILLIAM081', 'TTHOMAS072', '2023-11-10', 3);
INSERT INTO Match_Table VALUES ('OTOURN004', 65, 'TSCOTT140', 'TBRANDON102', 'TBRANDON102', '2023-11-08', 3);
INSERT INTO Match_Table VALUES ('OTOURN004', 66, 'TERIN122', 'TDAVID032', 'TERIN122', '2023-11-10', 3);
INSERT INTO Match_Table VALUES ('OTOURN004', 67, 'TERIN122', 'TDAVID082', 'TERIN122', '2023-11-11', 3);
INSERT INTO Match_Table VALUES ('OTOURN004', 68, 'TDIANE111', 'TJOHNNY049', 'TDIANE111', '2023-11-11', 3);
INSERT INTO Match_Table VALUES ('OTOURN004', 69, 'TJOHNNY049', 'TWILLIAM134', 'TWILLIAM134', '2023-11-08', 3);
INSERT INTO Match_Table VALUES ('OTOURN004', 70, 'TADAM095', 'TJEFFREY116', 'TJEFFREY116', '2023-11-09', 3);
INSERT INTO Match_Table VALUES ('OTOURN004', 71, 'TMICHAEL089', 'TMARIA119', 'TMARIA119', '2023-11-10', 3);
INSERT INTO Match_Table VALUES ('OTOURN004', 72, 'TSEAN086', 'TBRANDON102', 'TSEAN086', '2023-11-10', 3);
INSERT INTO Match_Table VALUES ('OTOURN004', 73, 'TBRANDON102', 'TELIZABETH110', 'TELIZABETH110', '2023-11-11', 3);
INSERT INTO Match_Table VALUES ('OTOURN004', 74, 'TANTHONY090', 'TMARIA119', 'TMARIA119', '2023-11-09', 3);
INSERT INTO Match_Table VALUES ('OTOURN004', 75, 'TSEAN086', 'TWILLIAM134', 'TSEAN086', '2023-11-10', 3);
INSERT INTO Match_Table VALUES ('OTOURN004', 76, 'TBARBARA022', 'TBRANDON102', 'TBRANDON102', '2023-11-09', 3);
INSERT INTO Match_Table VALUES ('OTOURN004', 77, 'TJEFFREY039', 'TSCOTT140', 'TJEFFREY039', '2023-11-10', 3);
INSERT INTO Match_Table VALUES ('OTOURN004', 78, 'TMARC057', 'TMARY099', 'TMARY099', '2023-11-08', 3);
INSERT INTO Match_Table VALUES ('OTOURN004', 79, 'TANTHONY090', 'TDAVID082', 'TDAVID082', '2023-11-11', 3);
INSERT INTO Match_Table VALUES ('OTOURN004', 80, 'TMICHAEL001', 'TDAVID032', 'TDAVID032', '2023-11-09', 3);
INSERT INTO Match_Table VALUES ('OTOURN004', 81, 'TANNE037', 'TSEAN086', 'TSEAN086', '2023-11-09', 4);
INSERT INTO Match_Table VALUES ('OTOURN004', 82, 'TMARIA119', 'TJORDAN103', 'TMARIA119', '2023-11-09', 4);
INSERT INTO Match_Table VALUES ('OTOURN004', 83, 'TMICHAEL089', 'TWILLIAM134', 'TMICHAEL089', '2023-11-08', 4);
INSERT INTO Match_Table VALUES ('OTOURN004', 84, 'TADAM095', 'TMARY099', 'TADAM095', '2023-11-08', 4);
INSERT INTO Match_Table VALUES ('OTOURN004', 85, 'TWILLIAM081', 'TMICHELE026', 'TWILLIAM081', '2023-11-08', 4);
INSERT INTO Match_Table VALUES ('OTOURN004', 86, 'TBARBARA022', 'TWILLIAM081', 'TBARBARA022', '2023-11-08', 4);
INSERT INTO Match_Table VALUES ('OTOURN004', 87, 'TKATHERINE030', 'TERIN122', 'TKATHERINE030', '2023-11-10', 4);
INSERT INTO Match_Table VALUES ('OTOURN004', 88, 'TJOHNNY049', 'TELIZABETH110', 'TJOHNNY049', '2023-11-10', 4);
INSERT INTO Match_Table VALUES ('OTOURN004', 89, 'TJEFFREY039', 'TMARC057', 'TMARC057', '2023-11-09', 4);
INSERT INTO Match_Table VALUES ('OTOURN004', 90, 'TADAM095', 'TKATHERINE030', 'TKATHERINE030', '2023-11-10', 4);
INSERT INTO Match_Table VALUES ('OTOURN004', 91, 'TDAVID032', 'TANNA060', 'TANNA060', '2023-11-10', 4);
INSERT INTO Match_Table VALUES ('OTOURN004', 92, 'TBARBARA022', 'TDAVID082', 'TDAVID082', '2023-11-11', 4);
INSERT INTO Match_Table VALUES ('OTOURN004', 93, 'TANTHONY090', 'TMARY099', 'TANTHONY090', '2023-11-11', 4);
INSERT INTO Match_Table VALUES ('OTOURN004', 94, 'TALEXANDRIA071', 'TSEAN086', 'TSEAN086', '2023-11-08', 4);
INSERT INTO Match_Table VALUES ('OTOURN004', 95, 'TMARIA119', 'TJOHNNY049', 'TJOHNNY049', '2023-11-09', 4);
INSERT INTO Match_Table VALUES ('OTOURN004', 96, 'TANNE037', 'TERIN122', 'TERIN122', '2023-11-09', 4);
INSERT INTO Match_Table VALUES ('OTOURN004', 97, 'TTHOMAS072', 'TANTHONY090', 'TTHOMAS072', '2023-11-09', 4);
INSERT INTO Match_Table VALUES ('OTOURN004', 98, 'TAMY064', 'TSCOTT140', 'TSCOTT140', '2023-11-10', 4);
INSERT INTO Match_Table VALUES ('OTOURN004', 99, 'TERIN065', 'TERIN122', 'TERIN122', '2023-11-09', 4);
INSERT INTO Match_Table VALUES ('OTOURN004', 100, 'TSEAN086', 'TBARBARA022', 'TBARBARA022', '2023-11-09', 4);
INSERT INTO Match_Table VALUES ('OTOURN004', 101, 'TMICHAEL089', 'TANNA060', 'TANNA060', '2023-11-09', 4);
INSERT INTO Match_Table VALUES ('OTOURN004', 102, 'TJOHNNY049', 'TBRANDON102', 'TBRANDON102', '2023-11-09', 4);
INSERT INTO Match_Table VALUES ('OTOURN004', 103, 'TMICHELE026', 'TSCOTT140', 'TMICHELE026', '2023-11-08', 4);
INSERT INTO Match_Table VALUES ('OTOURN004', 104, 'TSCOTT140', 'TMICHAEL001', 'TSCOTT140', '2023-11-08', 4);
INSERT INTO Match_Table VALUES ('OTOURN004', 105, 'TBRANDON102', 'TJAMES084', 'TBRANDON102', '2023-11-09', 4);
INSERT INTO Match_Table VALUES ('OTOURN004', 106, 'TERIN065', 'TANTHONY090', 'TERIN065', '2023-11-10', 4);
INSERT INTO Match_Table VALUES ('OTOURN004', 107, 'TKATHERINE030', 'TDAVID082', 'TKATHERINE030', '2023-11-08', 5);
INSERT INTO Match_Table VALUES ('OTOURN004', 108, 'TJEFFREY116', 'TKATHERINE030', 'TKATHERINE030', '2023-11-10', 5);
INSERT INTO Match_Table VALUES ('OTOURN004', 109, 'TMICHAEL001', 'TSCOTT140', 'TMICHAEL001', '2023-11-11', 5);
INSERT INTO Match_Table VALUES ('OTOURN004', 110, 'TANNE037', 'TMICHELE026', 'TMICHELE026', '2023-11-10', 5);
INSERT INTO Match_Table VALUES ('OTOURN004', 111, 'TJEFFREY039', 'TERIN122', 'TJEFFREY039', '2023-11-08', 5);
INSERT INTO Match_Table VALUES ('OTOURN004', 112, 'TANTHONY090', 'TJAMES084', 'TJAMES084', '2023-11-11', 5);
INSERT INTO Match_Table VALUES ('OTOURN004', 113, 'TSEAN086', 'TMARIA119', 'TMARIA119', '2023-11-09', 5);
INSERT INTO Match_Table VALUES ('OTOURN004', 114, 'TMARC057', 'TMARIA119', 'TMARC057', '2023-11-11', 5);
INSERT INTO Match_Table VALUES ('OTOURN004', 115, 'TJOHNNY049', 'TWILLIAM081', 'TWILLIAM081', '2023-11-10', 5);
INSERT INTO Match_Table VALUES ('OTOURN004', 116, 'TLYNN005', 'TTHOMAS072', 'TTHOMAS072', '2023-11-11', 5);
INSERT INTO Match_Table VALUES ('OTOURN004', 117, 'TLYNN005', 'TANTHONY090', 'TLYNN005', '2023-11-11', 5);
INSERT INTO Match_Table VALUES ('OTOURN004', 118, 'TBRANDON102', 'TAMY064', 'TBRANDON102', '2023-11-11', 5);
INSERT INTO Match_Table VALUES ('OTOURN004', 119, 'TDAVID032', 'TWILLIAM134', 'TWILLIAM134', '2023-11-09', 5);
INSERT INTO Match_Table VALUES ('OTOURN004', 120, 'TANNE037', 'TMARIA119', 'TANNE037', '2023-11-09', 5);
INSERT INTO Match_Table VALUES ('OTOURN004', 121, 'TKATHERINE030', 'TAMY064', 'TAMY064', '2023-11-10', 5);
INSERT INTO Match_Table VALUES ('OTOURN004', 122, 'TLYNN005', 'TBRANDON102', 'TBRANDON102', '2023-11-11', 5);
INSERT INTO Match_Table VALUES ('OTOURN004', 123, 'TANNE037', 'TDIANE111', 'TANNE037', '2023-11-09', 5);
INSERT INTO Match_Table VALUES ('OTOURN004', 124, 'TJOHNNY049', 'TSCOTT140', 'TJOHNNY049', '2023-11-08', 5);
INSERT INTO Match_Table VALUES ('OTOURN004', 125, 'TSEAN086', 'TERIN122', 'TSEAN086', '2023-11-08', 5);
INSERT INTO Match_Table VALUES ('OTOURN004', 126, 'TMARY099', 'TBARBARA022', 'TMARY099', '2023-11-08', 5);
INSERT INTO Match_Table VALUES ('OTOURN004', 127, 'TDAVID032', 'TMICHAEL001', 'TMICHAEL001', '2023-11-10', 5);
INSERT INTO Match_Table VALUES ('OTOURN004', 128, 'TBRANDON102', 'TMICHELE026', 'TMICHELE026', '2023-11-11', 5);
INSERT INTO Match_Table VALUES ('OTOURN004', 129, 'TALEXANDRIA071', 'TANTHONY090', 'TALEXANDRIA071', '2023-11-08', 5);
INSERT INTO Match_Table VALUES ('OTOURN004', 130, 'TELIZABETH110', 'TBRANDON102', 'TBRANDON102', '2023-11-09', 5);
INSERT INTO Match_Table VALUES ('OTOURN004', 131, 'TWILLIAM081', 'TERIN065', 'TERIN065', '2023-11-08', 5);
INSERT INTO Match_Table VALUES ('OTOURN004', 132, 'TMARC057', 'TMICHAEL001', 'TMARC057', '2023-11-10', 5);
INSERT INTO Match_Table VALUES ('OTOURN004', 133, 'TADAM095', 'TDAVID082', 'TADAM095', '2023-11-09', 5);
INSERT IGNORE INTO TournamentEntry VALUES ('OTOURN005', 'TASHLEY070', '2024-01-21');
INSERT IGNORE INTO TournamentEntry VALUES ('OTOURN005', 'TMRXXX053', '2024-01-11');
INSERT IGNORE INTO TournamentEntry VALUES ('OTOURN005', 'TLINDA093', '2024-01-30');
INSERT IGNORE INTO TournamentEntry VALUES ('OTOURN005', 'TJAMES084', '2024-01-22');
INSERT IGNORE INTO TournamentEntry VALUES ('OTOURN005', 'TMATTHEW038', '2024-01-05');
INSERT IGNORE INTO TournamentEntry VALUES ('OTOURN005', 'TSEAN086', '2024-01-14');
INSERT IGNORE INTO TournamentEntry VALUES ('OTOURN005', 'TSHARON113', '2024-01-21');
INSERT IGNORE INTO TournamentEntry VALUES ('OTOURN005', 'TCHARLES127', '2024-01-28');
INSERT IGNORE INTO TournamentEntry VALUES ('OTOURN005', 'TJOSEPH120', '2024-01-04');
INSERT IGNORE INTO TournamentEntry VALUES ('OTOURN005', 'TMADISON128', '2024-01-17');
INSERT IGNORE INTO TournamentEntry VALUES ('OTOURN005', 'TFRANCISCO076', '2024-01-14');
INSERT IGNORE INTO TournamentEntry VALUES ('OTOURN005', 'TDRXXX091', '2024-01-28');
INSERT IGNORE INTO TournamentEntry VALUES ('OTOURN005', 'TANNA060', '2024-01-11');
INSERT IGNORE INTO TournamentEntry VALUES ('OTOURN005', 'TMICHELE026', '2024-01-22');
INSERT IGNORE INTO TournamentEntry VALUES ('OTOURN005', 'TSTEVEN115', '2024-01-27');
INSERT IGNORE INTO TournamentEntry VALUES ('OTOURN005', 'TCANDICE042', '2024-01-18');
INSERT IGNORE INTO TournamentEntry VALUES ('OTOURN005', 'TCAITLIN094', '2024-01-17');
INSERT IGNORE INTO TournamentEntry VALUES ('OTOURN005', 'TERIN122', '2024-01-02');
INSERT IGNORE INTO TournamentEntry VALUES ('OTOURN005', 'TPAUL106', '2024-01-09');
INSERT IGNORE INTO TournamentEntry VALUES ('OTOURN005', 'TCHRISTINE063', '2024-01-28');
INSERT IGNORE INTO TournamentEntry VALUES ('OTOURN005', 'TKRISTEN109', '2024-01-28');
INSERT IGNORE INTO TournamentEntry VALUES ('OTOURN005', 'TKAYLA006', '2024-01-29');
INSERT IGNORE INTO TournamentEntry VALUES ('OTOURN005', 'TKATHLEEN130', '2024-01-31');
INSERT IGNORE INTO TournamentEntry VALUES ('OTOURN005', 'TANNE114', '2024-01-05');
INSERT IGNORE INTO TournamentEntry VALUES ('OTOURN005', 'TDEBRA125', '2024-01-27');
INSERT IGNORE INTO TournamentEntry VALUES ('OTOURN005', 'TCHASE062', '2024-01-24');
INSERT IGNORE INTO TournamentEntry VALUES ('OTOURN005', 'TCODY036', '2024-01-20');
INSERT IGNORE INTO TournamentEntry VALUES ('OTOURN005', 'TBRANDON066', '2024-01-17');
INSERT IGNORE INTO TournamentEntry VALUES ('OTOURN005', 'TDEREK107', '2024-01-25');
INSERT IGNORE INTO TournamentEntry VALUES ('OTOURN005', 'TTAMMY029', '2024-01-04');
INSERT IGNORE INTO TournamentEntry VALUES ('OTOURN005', 'TCHRISTY117', '2024-01-07');
INSERT IGNORE INTO TournamentEntry VALUES ('OTOURN005', 'TSUZANNE055', '2024-01-18');
INSERT INTO Match_Table VALUES ('OTOURN005', 1, 'TCAITLIN094', 'TANNE114', 'TCAITLIN094', '2024-02-01', 1);
INSERT INTO Match_Table VALUES ('OTOURN005', 2, 'TDEREK107', 'TLINDA093', 'TDEREK107', '2024-02-01', 1);
INSERT INTO Match_Table VALUES ('OTOURN005', 3, 'TMATTHEW038', 'TJAMES084', 'TJAMES084', '2024-02-01', 1);
INSERT INTO Match_Table VALUES ('OTOURN005', 4, 'TKATHLEEN130', 'TJAMES084', 'TJAMES084', '2024-02-01', 1);
INSERT INTO Match_Table VALUES ('OTOURN005', 5, 'TKAYLA006', 'TDEBRA125', 'TDEBRA125', '2024-02-04', 1);
INSERT INTO Match_Table VALUES ('OTOURN005', 6, 'TSTEVEN115', 'TCANDICE042', 'TSTEVEN115', '2024-01-31', 1);
INSERT INTO Match_Table VALUES ('OTOURN005', 7, 'TMADISON128', 'TCODY036', 'TCODY036', '2024-02-02', 1);
INSERT INTO Match_Table VALUES ('OTOURN005', 8, 'TMRXXX053', 'TDEBRA125', 'TDEBRA125', '2024-02-04', 1);
INSERT INTO Match_Table VALUES ('OTOURN005', 9, 'TCANDICE042', 'TSHARON113', 'TCANDICE042', '2024-02-02', 1);
INSERT INTO Match_Table VALUES ('OTOURN005', 10, 'TKAYLA006', 'TANNA060', 'TANNA060', '2024-02-02', 1);
INSERT INTO Match_Table VALUES ('OTOURN005', 11, 'TBRANDON066', 'TASHLEY070', 'TBRANDON066', '2024-02-01', 1);
INSERT INTO Match_Table VALUES ('OTOURN005', 12, 'TLINDA093', 'TDEREK107', 'TDEREK107', '2024-02-04', 1);
INSERT INTO Match_Table VALUES ('OTOURN005', 13, 'TMADISON128', 'TJOSEPH120', 'TJOSEPH120', '2024-02-01', 1);
INSERT INTO Match_Table VALUES ('OTOURN005', 14, 'TMICHELE026', 'TTAMMY029', 'TMICHELE026', '2024-02-03', 1);
INSERT INTO Match_Table VALUES ('OTOURN005', 15, 'TMRXXX053', 'TKATHLEEN130', 'TKATHLEEN130', '2024-02-01', 1);
INSERT INTO Match_Table VALUES ('OTOURN005', 16, 'TMICHELE026', 'TMRXXX053', 'TMRXXX053', '2024-01-31', 1);
INSERT INTO Match_Table VALUES ('OTOURN005', 17, 'TLINDA093', 'TMATTHEW038', 'TMATTHEW038', '2024-02-04', 1);
INSERT INTO Match_Table VALUES ('OTOURN005', 18, 'TDRXXX091', 'TANNA060', 'TDRXXX091', '2024-02-02', 1);
INSERT INTO Match_Table VALUES ('OTOURN005', 19, 'TCHARLES127', 'TDEREK107', 'TDEREK107', '2024-02-03', 1);
INSERT INTO Match_Table VALUES ('OTOURN005', 20, 'TMICHELE026', 'TCODY036', 'TCODY036', '2024-02-01', 1);
INSERT INTO Match_Table VALUES ('OTOURN005', 21, 'TLINDA093', 'TANNA060', 'TLINDA093', '2024-01-31', 1);
INSERT INTO Match_Table VALUES ('OTOURN005', 22, 'TDEREK107', 'TMATTHEW038', 'TMATTHEW038', '2024-01-31', 1);
INSERT INTO Match_Table VALUES ('OTOURN005', 23, 'TDRXXX091', 'TCHRISTY117', 'TCHRISTY117', '2024-02-04', 1);
INSERT INTO Match_Table VALUES ('OTOURN005', 24, 'TSTEVEN115', 'TMADISON128', 'TMADISON128', '2024-02-03', 1);
INSERT INTO Match_Table VALUES ('OTOURN005', 25, 'TJAMES084', 'TMRXXX053', 'TJAMES084', '2024-02-02', 1);
INSERT INTO Match_Table VALUES ('OTOURN005', 26, 'TASHLEY070', 'TMATTHEW038', 'TASHLEY070', '2024-02-02', 1);
INSERT INTO Match_Table VALUES ('OTOURN005', 27, 'TANNA060', 'TASHLEY070', 'TANNA060', '2024-02-04', 1);
INSERT INTO Match_Table VALUES ('OTOURN005', 28, 'TLINDA093', 'TKATHLEEN130', 'TLINDA093', '2024-02-04', 1);
INSERT INTO Match_Table VALUES ('OTOURN005', 29, 'TMICHELE026', 'TANNA060', 'TANNA060', '2024-02-01', 1);
INSERT INTO Match_Table VALUES ('OTOURN005', 30, 'TDEREK107', 'TDRXXX091', 'TDRXXX091', '2024-02-01', 1);
INSERT INTO Match_Table VALUES ('OTOURN005', 31, 'TCHARLES127', 'TSHARON113', 'TSHARON113', '2024-01-31', 1);
INSERT INTO Match_Table VALUES ('OTOURN005', 32, 'TCHARLES127', 'TKRISTEN109', 'TCHARLES127', '2024-01-31', 2);
INSERT INTO Match_Table VALUES ('OTOURN005', 33, 'TMADISON128', 'TSUZANNE055', 'TSUZANNE055', '2024-02-04', 2);
INSERT INTO Match_Table VALUES ('OTOURN005', 34, 'TJOSEPH120', 'TDRXXX091', 'TDRXXX091', '2024-01-31', 2);
INSERT INTO Match_Table VALUES ('OTOURN005', 35, 'TKAYLA006', 'TFRANCISCO076', 'TKAYLA006', '2024-02-03', 2);
INSERT INTO Match_Table VALUES ('OTOURN005', 36, 'TSHARON113', 'TBRANDON066', 'TSHARON113', '2024-02-03', 2);
INSERT INTO Match_Table VALUES ('OTOURN005', 37, 'TLINDA093', 'TMRXXX053', 'TLINDA093', '2024-01-31', 2);
INSERT INTO Match_Table VALUES ('OTOURN005', 38, 'TDEBRA125', 'TERIN122', 'TERIN122', '2024-02-01', 2);
INSERT INTO Match_Table VALUES ('OTOURN005', 39, 'TMATTHEW038', 'TANNA060', 'TMATTHEW038', '2024-01-31', 2);
INSERT INTO Match_Table VALUES ('OTOURN005', 40, 'TCHRISTY117', 'TLINDA093', 'TCHRISTY117', '2024-01-31', 2);
INSERT INTO Match_Table VALUES ('OTOURN005', 41, 'TKRISTEN109', 'TSTEVEN115', 'TKRISTEN109', '2024-02-02', 2);
INSERT INTO Match_Table VALUES ('OTOURN005', 42, 'TDEBRA125', 'TDRXXX091', 'TDRXXX091', '2024-02-03', 2);
INSERT INTO Match_Table VALUES ('OTOURN005', 43, 'TDEBRA125', 'TANNA060', 'TDEBRA125', '2024-01-31', 2);
INSERT INTO Match_Table VALUES ('OTOURN005', 44, 'TMRXXX053', 'TDEBRA125', 'TMRXXX053', '2024-02-02', 2);
INSERT INTO Match_Table VALUES ('OTOURN005', 45, 'TJAMES084', 'TCHRISTY117', 'TCHRISTY117', '2024-01-31', 2);
INSERT INTO Match_Table VALUES ('OTOURN005', 46, 'TMRXXX053', 'TCAITLIN094', 'TCAITLIN094', '2024-02-03', 2);
INSERT INTO Match_Table VALUES ('OTOURN005', 47, 'TCHRISTY117', 'TDRXXX091', 'TCHRISTY117', '2024-02-02', 2);
INSERT INTO Match_Table VALUES ('OTOURN005', 48, 'TBRANDON066', 'TMADISON128', 'TBRANDON066', '2024-01-31', 2);
INSERT INTO Match_Table VALUES ('OTOURN005', 49, 'TDEBRA125', 'TMICHELE026', 'TMICHELE026', '2024-02-03', 2);
INSERT INTO Match_Table VALUES ('OTOURN005', 50, 'TANNE114', 'TSHARON113', 'TANNE114', '2024-02-04', 2);
INSERT INTO Match_Table VALUES ('OTOURN005', 51, 'TANNA060', 'TCODY036', 'TANNA060', '2024-02-03', 2);
INSERT INTO Match_Table VALUES ('OTOURN005', 52, 'TTAMMY029', 'TCHASE062', 'TCHASE062', '2024-02-03', 2);
INSERT INTO Match_Table VALUES ('OTOURN005', 53, 'TJOSEPH120', 'TLINDA093', 'TLINDA093', '2024-01-31', 2);
INSERT INTO Match_Table VALUES ('OTOURN005', 54, 'TSEAN086', 'TTAMMY029', 'TSEAN086', '2024-02-03', 2);
INSERT INTO Match_Table VALUES ('OTOURN005', 55, 'TCHRISTY117', 'TSHARON113', 'TCHRISTY117', '2024-02-04', 2);
INSERT INTO Match_Table VALUES ('OTOURN005', 56, 'TCHRISTY117', 'TANNE114', 'TANNE114', '2024-02-01', 2);
INSERT INTO Match_Table VALUES ('OTOURN005', 57, 'TCHRISTY117', 'TLINDA093', 'TLINDA093', '2024-02-02', 3);
INSERT INTO Match_Table VALUES ('OTOURN005', 58, 'TERIN122', 'TPAUL106', 'TERIN122', '2024-02-04', 3);
INSERT INTO Match_Table VALUES ('OTOURN005', 59, 'TCHRISTINE063', 'TMRXXX053', 'TMRXXX053', '2024-02-04', 3);
INSERT INTO Match_Table VALUES ('OTOURN005', 60, 'TMICHELE026', 'TSEAN086', 'TMICHELE026', '2024-02-03', 3);
INSERT INTO Match_Table VALUES ('OTOURN005', 61, 'TKATHLEEN130', 'TDEREK107', 'TDEREK107', '2024-02-04', 3);
INSERT INTO Match_Table VALUES ('OTOURN005', 62, 'TCAITLIN094', 'TSTEVEN115', 'TSTEVEN115', '2024-02-03', 3);
INSERT INTO Match_Table VALUES ('OTOURN005', 63, 'TCHRISTY117', 'TCODY036', 'TCHRISTY117', '2024-02-01', 3);
INSERT INTO Match_Table VALUES ('OTOURN005', 64, 'TCODY036', 'TMADISON128', 'TMADISON128', '2024-02-04', 3);
INSERT INTO Match_Table VALUES ('OTOURN005', 65, 'TCODY036', 'TKRISTEN109', 'TKRISTEN109', '2024-01-31', 3);
INSERT INTO Match_Table VALUES ('OTOURN005', 66, 'TCHRISTY117', 'TSTEVEN115', 'TCHRISTY117', '2024-01-31', 3);
INSERT INTO Match_Table VALUES ('OTOURN005', 67, 'TANNE114', 'TCHASE062', 'TCHASE062', '2024-02-03', 3);
INSERT INTO Match_Table VALUES ('OTOURN005', 68, 'TCANDICE042', 'TCHRISTY117', 'TCHRISTY117', '2024-02-01', 3);
INSERT INTO Match_Table VALUES ('OTOURN005', 69, 'TANNE114', 'TMATTHEW038', 'TANNE114', '2024-01-31', 3);
INSERT INTO Match_Table VALUES ('OTOURN005', 70, 'TKRISTEN109', 'TMRXXX053', 'TKRISTEN109', '2024-02-02', 3);
INSERT INTO Match_Table VALUES ('OTOURN005', 71, 'TDRXXX091', 'TCHASE062', 'TDRXXX091', '2024-02-04', 3);
INSERT INTO Match_Table VALUES ('OTOURN005', 72, 'TCHRISTY117', 'TANNA060', 'TANNA060', '2024-02-04', 3);
INSERT INTO Match_Table VALUES ('OTOURN005', 73, 'TMICHELE026', 'TPAUL106', 'TMICHELE026', '2024-02-02', 3);
INSERT INTO Match_Table VALUES ('OTOURN005', 74, 'TLINDA093', 'TSHARON113', 'TSHARON113', '2024-02-02', 3);
INSERT INTO Match_Table VALUES ('OTOURN005', 75, 'TCHARLES127', 'TSHARON113', 'TSHARON113', '2024-02-01', 3);
INSERT INTO Match_Table VALUES ('OTOURN005', 76, 'TERIN122', 'TSTEVEN115', 'TSTEVEN115', '2024-02-01', 3);
INSERT INTO Match_Table VALUES ('OTOURN005', 77, 'TMRXXX053', 'TCANDICE042', 'TMRXXX053', '2024-02-01', 3);
INSERT INTO Match_Table VALUES ('OTOURN005', 78, 'TCHARLES127', 'TSTEVEN115', 'TSTEVEN115', '2024-02-02', 3);
INSERT INTO Match_Table VALUES ('OTOURN005', 79, 'TSUZANNE055', 'TJAMES084', 'TJAMES084', '2024-02-04', 3);
INSERT INTO Match_Table VALUES ('OTOURN005', 80, 'TSTEVEN115', 'TCHASE062', 'TSTEVEN115', '2024-01-31', 3);
INSERT INTO Match_Table VALUES ('OTOURN005', 81, 'TSUZANNE055', 'TLINDA093', 'TSUZANNE055', '2024-01-31', 3);
INSERT INTO Match_Table VALUES ('OTOURN005', 82, 'TDEREK107', 'TCHASE062', 'TDEREK107', '2024-02-04', 3);
INSERT INTO Match_Table VALUES ('OTOURN005', 83, 'TMICHELE026', 'TCANDICE042', 'TMICHELE026', '2024-02-01', 3);
INSERT INTO Match_Table VALUES ('OTOURN005', 84, 'TCHARLES127', 'TKRISTEN109', 'TCHARLES127', '2024-01-31', 3);
INSERT INTO Match_Table VALUES ('OTOURN005', 85, 'TKRISTEN109', 'TJAMES084', 'TJAMES084', '2024-02-04', 3);
INSERT INTO Match_Table VALUES ('OTOURN005', 86, 'TANNA060', 'TCHRISTINE063', 'TANNA060', '2024-02-02', 3);
INSERT INTO Match_Table VALUES ('OTOURN005', 87, 'TCODY036', 'TANNA060', 'TANNA060', '2024-02-04', 4);
INSERT INTO Match_Table VALUES ('OTOURN005', 88, 'TBRANDON066', 'TKATHLEEN130', 'TKATHLEEN130', '2024-01-31', 4);
INSERT INTO Match_Table VALUES ('OTOURN005', 89, 'TASHLEY070', 'TSUZANNE055', 'TASHLEY070', '2024-01-31', 4);
INSERT INTO Match_Table VALUES ('OTOURN005', 90, 'TMICHELE026', 'TDRXXX091', 'TDRXXX091', '2024-02-01', 4);
INSERT INTO Match_Table VALUES ('OTOURN005', 91, 'TTAMMY029', 'TMADISON128', 'TTAMMY029', '2024-02-02', 4);
INSERT INTO Match_Table VALUES ('OTOURN005', 92, 'TMADISON128', 'TCHRISTY117', 'TMADISON128', '2024-02-04', 4);
INSERT INTO Match_Table VALUES ('OTOURN005', 93, 'TCODY036', 'TJOSEPH120', 'TJOSEPH120', '2024-01-31', 4);
INSERT INTO Match_Table VALUES ('OTOURN005', 94, 'TDEBRA125', 'TMADISON128', 'TDEBRA125', '2024-02-01', 4);
INSERT INTO Match_Table VALUES ('OTOURN005', 95, 'TASHLEY070', 'TSTEVEN115', 'TSTEVEN115', '2024-01-31', 4);
INSERT INTO Match_Table VALUES ('OTOURN005', 96, 'TDEBRA125', 'TKAYLA006', 'TKAYLA006', '2024-02-01', 4);
INSERT INTO Match_Table VALUES ('OTOURN005', 97, 'TKATHLEEN130', 'TCHARLES127', 'TCHARLES127', '2024-02-01', 4);
INSERT INTO Match_Table VALUES ('OTOURN005', 98, 'TJAMES084', 'TCHRISTY117', 'TCHRISTY117', '2024-01-31', 4);
INSERT INTO Match_Table VALUES ('OTOURN005', 99, 'TCODY036', 'TANNE114', 'TCODY036', '2024-02-03', 4);
INSERT INTO Match_Table VALUES ('OTOURN005', 100, 'TMATTHEW038', 'TASHLEY070', 'TMATTHEW038', '2024-01-31', 4);
INSERT INTO Match_Table VALUES ('OTOURN005', 101, 'TMADISON128', 'TCHARLES127', 'TMADISON128', '2024-01-31', 4);
INSERT INTO Match_Table VALUES ('OTOURN005', 102, 'TSEAN086', 'TSUZANNE055', 'TSEAN086', '2024-02-02', 4);
INSERT INTO Match_Table VALUES ('OTOURN005', 103, 'TJOSEPH120', 'TKATHLEEN130', 'TKATHLEEN130', '2024-01-31', 4);
INSERT INTO Match_Table VALUES ('OTOURN005', 104, 'TPAUL106', 'TSEAN086', 'TSEAN086', '2024-02-02', 4);
INSERT INTO Match_Table VALUES ('OTOURN005', 105, 'TCHRISTY117', 'TCAITLIN094', 'TCHRISTY117', '2024-02-01', 4);
INSERT INTO Match_Table VALUES ('OTOURN005', 106, 'TASHLEY070', 'TMICHELE026', 'TMICHELE026', '2024-02-01', 4);
INSERT INTO Match_Table VALUES ('OTOURN005', 107, 'TTAMMY029', 'TCANDICE042', 'TTAMMY029', '2024-02-03', 4);
INSERT INTO Match_Table VALUES ('OTOURN005', 108, 'TFRANCISCO076', 'TKAYLA006', 'TFRANCISCO076', '2024-02-01', 4);

SET FOREIGN_KEY_CHECKS = 1;
